COLONIA VELEZ,4742,2933,6
SPURR,2759,8103,6
SPERONI,3589,7163,6
SPERATTI,3798,1741,6
SOURIGUES,16595,1885,6
SOLIS,4665,2764,6
SOLANET,2674,7151,6
SOLALE,3620,6064,6
SOL DE MAYO,4154,7243,6
SOL DE MAYO,4588,2709,6
SMITH,2976,6531,6
SIERRAS BAYAS,4259,7403,6
SIERRA DE LOS PADRES,4508,7601,6
SIERRA DE LA VENTANA,4849,8168,6
SIERRA CHICA,4258,7401,6
SIEMPRE VERDE,4083,7609,6
SHAW,2708,7316,6
SEVIGNE,3218,7101,6
SEMINARIO PIO XII,4117,6600,6
SEGUROLA,3949,7119,6
SAUZALES,3808,6030,6
SAUCE GRANDE,18309,8150,6
SAUCE CORTO,18272,7540,6
SAUCE CHICO,2758,8105,6
SATURNO,3674,6417,6
SARASA,3115,2721,6
SARANDI,2461,1872,6
SANTOS UNZUE,2530,6507,6
SANTOS LUGARES,16492,1676,6
SANTO TOMAS CHICO,2975,6538,6
STEGMANN,3168,7536,6
SANTO TOMAS,2974,6530,6
STROEDER,3036,8508,6
SUIPACHA,4778,6612,6
TRES ARROYOS,4899,7500,6
TRES ALGARROBOS,2997,6231,6
TRENQUE LAUQUEN,4872,6400,6
TORTUGUITAS,16474,1667,6
TORRES,3904,6703,6
TORO,4400,1635,6
TORNQUIST,4850,8160,6
TORDILLO,4836,7101,6
TOMAS JOFRE,4118,6601,6
TOLDOS VIEJOS,4635,7267,6
TODD,2818,2754,6
TIO DOMINGO,3590,7163,6
TIMOTE,2996,6457,6
TIGRE,16539,1648,6
THAMES,2573,6343,6
TERMAS LOS GAUCHOS,3037,8504,6
TENIENTE ORIGONE,4974,8144,6
TENIENTE CORONEL MIÑANA,4260,7401,6
TEMPERLEY,16451,1834,6
TEJO GALETA,3169,7530,6
TEDIN URIBURU,2842,7021,6
TATAY,3007,6721,6
TAPIALES,16511,1770,6
TAPALQUE,4822,7303,6
TANDIL,16359,7000,6
TAMBO NUEVO,4357,2700,6
TAMANGUEYU,3859,7633,6
TACUARI,4653,2743,6
SUNDBLAD,4568,6401,6
SUCRE,3903,6708,6
TRES CUERVOS,4443,8183,6
SANTO DOMINGO,3948,7119,6
SANTIAGO GARBARINI,2491,6660,6
SANSINENA,4567,6233,6
SAN VICENTE,4772,1865,6
SAN VALENTIN,4081,7613,6
SAN SIMON,2800,7621,6
SAN SEVERO,4691,7521,6
SAN SEBASTIAN,3107,6623,6
SAN ROQUE,4928,6017,6
SAN ROMAN,3154,8154,6
SAN RAMON DE ANCHORENA,2707,7311,6
SAN RAMON,3153,8150,6
SAN RAMON,4870,6424,6
SAN RAMON,4354,2754,6
SAN RAFAEL,18267,7130,6
SAN QUILCO,3761,7406,6
SAN PEDRO,4758,2930,6
SAN PATRICIO,3061,6734,6
SAN PASCUAL,4802,7007,6
SAN NICOLAS DE LOS ARROYOS,21075,2900,6
SAN MIGUEL DEL MORO,3858,7631,6
SAN MIGUEL DEL MONTE,4720,7220,6
SAN MIGUEL ARCANGEL,2572,8185,6
SAN MIGUEL,16525,1663,6
SAN MAYOL,4898,7519,6
SAN MAURICIO,4566,6239,6
SAN MARTIN DE TOURS,4616,8164,6
SAN MANUEL,3857,7007,6
SAN LAUREANO,2673,7150,6
SAN JUSTO,3542,7118,6
SAN JUSTO,16509,1754,6
SANTA ALICIA,3874,7243,6
SANTIAGO LARRE,4601,7245,6
SANTA CATALINA,4692,7503,6
SANTA CECILIA NORTE,4292,6472,6
SANTA TRINIDAD,3184,7541,6
SANTA TERESITA PERGAMINO,4356,2701,6
SANTA TERESITA,3564,7107,6
SANTA TERESA,3563,7163,6
SANTA TERESA,4534,2912,6
SANTA ROSA DE MINELLONO,3786,7212,6
SANTA ROSA,4821,7303,6
SANTA ROSA,16580,1888,6
SANTA ROSA,2944,1739,6
SANTA RITA PDO GUAMINI,3673,6437,6
SANTA RITA,4355,2700,6
SANTA REGINA,3645,6105,6
SANTA MARIA BELLOQ,2973,6535,6
SANTA MARIA,3835,6071,6
SANTA LUISA,4257,7401,6
SANTA LUCIA,4759,2935,6
SANTA ISABEL,2658,6550,6
SANTA IRENE,2647,7607,6
SANTA INES,4871,6471,6
SANTA INES,2995,6459,6
SANTA FELICIA,3875,7243,6
SANTA ELEODORA,3644,6241,6
SANTA ELENA,18307,7609,6
SANTA ELENA,3772,7414,6
SANTA ELENA,3902,6700,6
SANTA COLOMA,2809,2761,6
SANTA CLEMENTINA,3762,7406,6
SANTA CLARA DEL MAR,4082,7609,6
SANTA CECILIA SUD,4293,6450,6
SANTA CECILIA CENTRO,4291,6463,6
TRES LAGUNAS,2574,6443,6
TRES LEGUAS,3219,7100,6
TRES LOMAS,16422,6409,6
VILLA HERMINIA,2766,8101,6
VILLA HARDING GREEN,2765,8101,6
VILLA GRAL SAVIO EST SANCHEZ,4535,2912,6
VILLA GODOY,4361,2700,6
VILLA GOBERNADOR UDAONDO,16445,1713,6
VILLA GESELL,3592,7165,6
VILLA GENERAL ARIAS,3132,8101,6
VILLA GALICIA,4808,7000,6
VILLA FRANCIA,3906,6706,6
VILLA FRANCIA,3621,6058,6
VILLA FOX,4997,2800,6
VILLA FLORIDA,4996,2800,6
VILLA FLORESTA,2764,8000,6
VILLA ESPIL,4667,6712,6
VILLA ESPAÑA,16596,1884,6
VILLA ELISA,3748,1894,6
VILLA ELENA,3038,8512,6
VILLA DUFAU,4807,7000,6
VILLA DOMINICO,2462,1874,6
VILLA DOMINGO PRONSATO,2763,8000,6
VILLA DIAZ VELEZ,4177,7630,6
VILLA DIAMANTINA,2532,6500,6
VILLA DEPIETRI,4760,2930,6
VILLA DELFINA,4929,8000,6
VILLA DEL MAR,3131,8109,6
VILLA DE MAYO,16475,1614,6
VILLA DAZA,4806,7000,6
VILLA DA FONTE,4360,2718,6
VILLA COPACABANA,2648,7607,6
VILLA IGOLLO,18271,2930,6
VILLA CLELIA,3565,7109,6
VILLA IRIS,4445,8126,6
VILLA ITALIA,2767,8000,6
VILLA ORTEGA,3700,6000,6
VILLA OLGA GRUMBEIN,2773,8000,6
VILLA OBRERA,2772,8000,6
VILLA NUMANCIA,24842,1858,6
VILLA NOCITO,2771,8000,6
VILLA MOSCONI,4999,2800,6
VILLA MOQUEHUA,3108,6625,6
VILLA MONICA,4262,7318,6
VILLA MITRE,2770,8000,6
VILLA MAZA,2567,6343,6
VILLA MAYOR,3699,6000,6
VILLA MASSONI,4998,2800,6
VILLA MARTELLI,21729,1603,6
VILLA MARIA,2601,6628,6
VILLA MARGARITA,2576,8185,6
VILLA MAIO,3134,8109,6
VILLA LYNCH PUEYRREDON,2874,6553,6
VILLA LYNCH,16569,1672,6
VILLA LUZURIAGA,16513,1754,6
VILLA LORETO,2769,8000,6
VILLA LOMA,4552,7203,6
VILLA LIBRE,2768,8000,6
VILLA LIA,4678,2761,6
VILLA LEANDRA,4761,2946,6
VILLA LAZA,18256,7000,6
VILLA LAURA,3133,8109,6
VILLA LA FLORIDA,16554,1881,6
VILLA LA CHECHELA,3247,1625,6
VILLA JUAREZ,2823,7020,6
VILLA ITALIA,4809,7000,6
VILLA CERRITO,2762,8000,6
VILLA CENTENARIO,4359,2700,6
VILLA CASTELAR EST ERIZE,2575,6430,6
VELA,4805,7003,6
VEDIA,3810,6030,6
VECINO,3220,7118,6
VASQUEZ,2585,7519,6
VAÑA,2709,7301,6
VALLIMANCA,2873,6557,6
VALERIA DEL MAR,3591,7167,6
VALENZUELA ANTON,4176,7630,6
VALENTIN GOMEZ,4569,6401,6
VALENTIN ALSINA,3766,1822,6
VALDEZ,2492,6667,6
VAGUES,4677,2764,6
URQUIZA,4358,2718,6
URIBELARREA,2945,1815,6
URDAMPILLETA,2872,6553,6
UNIDAD TURISTICA CHAPADMALAL,4084,7609,6
UDAQUIOLA,2675,7151,6
UBALLES,4823,7301,6
TUYUTI,4666,6721,6
TURDERA,16452,1834,6
TRUJUI,16531,1664,6
TROPEZON,2531,6501,6
TRONGE,4873,6407,6
TRONCOS DEL TALAR,16540,1618,6
TRIUNVIRATO,3836,6071,6
TRISTAN SUAREZ,16469,1806,6
TRIGALES,3809,6053,6
TRES SARGENTOS,3008,6727,6
TRES PICOS,4851,8162,6
VELLOSO,4824,7305,6
VENANCIO,2760,8117,6
VERGARA,3937,7135,6
VERONICA,3938,1917,6
VILLA CARUCHA,4900,7505,6
VILLA CAROLA,3207,6555,6
VILLA CAPDEPONT,4995,2800,6
VILLA CACIQUE,2843,7005,6
VILLA BURGOS,4551,7203,6
VILLA BUIDE,4403,1629,6
VILLA BUENOS AIRES,2761,8000,6
VILLA BROWN,16581,1888,6
VILLA BRANDA,4874,6471,6
VILLA BOSCH,16493,1682,6
VILLA BELGRANO,3698,6000,6
VILLA BALLESTER,16568,1653,6
VILLA ASTOLFI,4402,1633,6
VILLA ARCADIA,3185,7540,6
SAN JULIAN,4080,7613,6
VILLA ANGUS,4994,2800,6
VILLA AGUEDA,4401,1629,6
VILLA ADRIANA,2947,1816,6
VILLA ADELINA,4700,1607,6
VILLA ADELINA,27901,1605,6
VILLA 7 DE MARZO,27929,8504,6
VILELA,3787,7208,6
VIGELENCIA,3837,6070,6
VIEYTES,3939,1915,6
VICTORINO DE LA PLAZA,3675,6411,6
VICTORIA,16440,1644,6
VICENTE PEREDA,2710,7300,6
VICENTE LOPEZ,21728,1638,6
VICENTE CASARES,2946,1808,6
VIBORAS,4444,8180,6
VILLA ALDEANITA,3206,6471,6
VILLA ORTIZ,2602,6628,6
SAN JUAN DE NELSON,2972,6530,6
SAN JUAN,2529,6500,6
POLVAREDAS,4631,7267,6
POCITO,2569,6430,6
POBLET,3747,1905,6
PLUMACHO,4584,2703,6
PLOMER,3797,1733,6
PLAZA MONTERO,3784,7201,6
PLAYA LAS MARGARITAS,3556,7109,6
PLAYA CHAPADMALAL,4502,7609,6
PLATANOS,16593,1885,6
PLA Y RAGNONI,2642,7607,6
PLA,2598,6634,6
PIRUCO,4583,2705,6
PIROVANO,2870,6551,6
PIPINAS,3933,1921,6
PINZON,4348,2703,6
PIÑEYRO,3180,7540,6
PIÑEYRO,2665,1870,6
PIÑEIRO,3932,1921,6
PINAMAR,3588,7167,6
PILLAHUINCO,3167,7530,6
PILAR,26304,1629,6
PILA,4380,7116,6
PIGUE,4614,8170,6
PIERINI,4894,7517,6
PIERES,3855,7633,6
PIEDRITAS,3642,6241,6
PIEDRA ANCHA,4436,8117,6
PICHINCHA,3641,6051,6
PESSAGNO,3092,7135,6
PONTAUT,3758,7535,6
PERGAMINO,16357,2700,6
PONTEVEDRA,16574,1761,6
POURTALE,4251,7404,6
PUJOL,4350,2907,6
PUESTO DEL MEDIO,4675,2763,6
PUERTO WASSERMANN,3034,8506,6
PUERTO TRES BONETES,3033,8508,6
PUERTO ROSALES,3129,8111,6
PUERTO NECOCHEA,4172,7641,6
PUERTO LA PLATA,3229,1925,6
PUERTO GALVAN,2757,8000,6
PUERTO DE ESCOBAR,3242,1625,6
PUERTO COLOMA,4971,8142,6
PUERTO BELGRANO,3128,8111,6
PUENTE EL OCHENTA,4381,7225,6
PUENTE CASTEX,4674,2760,6
PUENTE CAÑETE,2817,2740,6
PUENTE BATALLA,3105,6620,6
PUEBLO SANTA MARIA,3182,7541,6
PUEBLO SAN JOSE,3181,7541,6
PUEBLO SAN ESTEBAN,4288,6450,6
PUEBLO OTERO,4349,2700,6
PUEBLO NUEVO,4252,7400,6
PUEBLO NUEVO,3899,6700,6
PUEBLO NUEVO,3696,6000,6
PUEBLO MARTINEZ DE HOZ,3833,6533,6
PUEBLITOS,2488,6661,6
PUAN,4437,8180,6
PRIMERA JUNTA,4869,6422,6
PRESIDENTE QUINTANA,2599,6621,6
PRESIDENTE DERQUI,4399,1635,6
PRADERE JUAN A,3643,6231,6
PORVENIR,2663,6063,6
PUNTA ALTA,3130,8109,6
PEREZ MILLAN,4532,2933,6
PEREYRA,16592,1894,6
PARAJE SANTA ANA,27662,7540,6
PARAJE MIRAMAR,2867,6550,6
PARAJE LA VASCA,3216,7100,6
PARAJE LA AURORA,3152,8158,6
PARAJE FRA PAL,27661,7530,6
PARAG\\u00dcIL,3770,7412,6
PARADA TATAY,3004,6725,6
PARADA ROBLES,3491,6703,6
PARADA KILOMETRO 76,3796,1739,6
PARADA KILOMETRO 158,4755,2935,6
PAPIN,3670,6411,6
PANCHO DIAZ,18486,1921,6
PANAME,2808,2931,6
PALO BLANCO,2860,1923,6
PALMITAS,2941,7221,6
PALEMON HUERGO,3059,6628,6
PALANTELEN,2597,6434,6
PACHAN,2839,7020,6
PABLO PODESTA,16490,1657,6
PABLO NOGUES,16473,1613,6
PABLO ACOSTA,2704,7301,6
OTOÑO,3178,7545,6
OTAMENDI,2924,2802,6
OSTENDE,3585,7167,6
ORTIZ DE ROSAS,2486,6660,6
ORTIZ BASUALDO,4344,2703,6
ORLANDO,3490,2812,6
ORIENTE,3151,7509,6
ORENSE,4892,7503,6
PARAJE SANTA ROSA,4345,2711,6
PEREYRA IRAOLA PARQUE,3746,1894,6
PARAJE STARACHE,3930,1915,6
PARISH,2705,7316,6
PEÑAFLOR,4548,7225,6
PELLEGRINI,4300,6346,6
PELICURA,4847,8117,6
PEHUEN CO,3127,8109,6
PEHUELCHES,4299,6409,6
PEHUAJO,4287,6450,6
PEDRO NICOLAS ESCRIBANO,3091,7135,6
PEDRO LURO,4970,8148,6
PEDRO LASALLE,2584,7515,6
PEDRO GAMEN,4286,6451,6
PEDERNALES,2487,6665,6
PEARSON,3114,2711,6
PAZOS KANKI,3618,6058,6
PAVON,3492,2812,6
PAULA,2869,6557,6
PATRICIOS,2525,6503,6
PASTEUR,3832,6077,6
PASOS,3587,7163,6
PASO MAYOR,3126,8115,6
PASO DEL REY,16530,1742,6
PASO DEL MEDANO,4893,7511,6
PASO CRAMER,4969,8134,6
PASO ALSINA,3032,8142,6
PASMAN,3179,7547,6
PARRAVICHINI,3217,7100,6
PARQUE TAILLADE,3047,7114,6
PARQUE SAN MARTIN,16573,1722,6
PARQUE MUÑOZ,2840,7020,6
PARQUE CARILO,3586,7167,6
PARDO,3783,7212,6
PUNTA DE CANAL,3243,1623,6
PUNTA INDIO,3934,1917,6
PUNTA LARA,3230,1931,6
SAN CLEMENTE DEL TUYU,3561,7105,6
SAN CAYETANO,4690,7521,6
SAN CARLOS,2994,6451,6
SAN CALA,4174,7011,6
SAN BERNARDO DEL TUYU,3560,7111,6
SAN BERNARDO,4820,6561,6
SAN BERNARDO,4290,6476,6
SAN BENITO,4634,7261,6
SAN ANTONIO DE PADUA,16575,1718,6
SAN ANTONIO DE ARECO,4676,2760,6
SAN ANTONIO,2571,8185,6
SAN ANTONIO,4383,7116,6
SAN ANDRES DE TAPALQUE,4819,7305,6
SAN ANDRES DE GILES,4664,6720,6
SAN ANDRES,4439,8180,6
SAN ANDRES,27852,6551,6
SAN ANDRES,16567,1651,6
SAN ALBERTO,27798,7620,6
SAN AGUSTIN,2799,7623,6
SAN ADOLFO,4973,8142,6
SAMBOROMBON,2906,1980,6
SALVADOR MARIA,3873,7241,6
SALTO,4652,2741,6
SALLIQUELO,4640,6339,6
SALINAS CHICAS,4972,8134,6
SALINA DE PIEDRA,3035,8506,6
SALDUNGARAY,4848,8166,6
SALAZAR,3205,6471,6
SALADILLO NORTE,4633,7261,6
SAN CORNELIO,2643,7603,6
SALADILLO,4632,7260,6
SAN DANIEL,4384,7116,6
SAN ELADIO,3901,6601,6
SAN JUAN,4353,2754,6
SAN JOSE DE OTAMENDI,2646,7601,6
SAN JOSE DE LOS QUINTEROS,3562,7109,6
SAN JOSE DE GALI,3048,7114,6
SAN JOSE,4442,8136,6
SAN JOSE,4175,7635,6
SAN JOSE,4550,7203,6
SAN JOSE,2490,6665,6
SAN JOSE,2600,6643,6
SAN JOSE,26314,1846,6
SAN JORGE,3771,7404,6
SAN JACINTO,4255,7400,6
SAN JACINTO,4116,6600,6
SAN ISIDRO,4699,1642,6
SAN IGNACIO,2672,7151,6
SAN GERVACIO,2706,7305,6
SAN GERMAN,4441,8124,6
SAN FRANCISCO SOLANO,16553,1881,6
SAN FRANCISCO SOLANO,26315,1846,6
SAN FRANCISCO DE BELLOCQ,4897,7505,6
SAN FERNANDO,16439,1646,6
SAN FERMIN,3672,6417,6
SAN FELIPE,2645,7603,6
SAN FEDERICO,4352,2711,6
SAN ERNESTO,3006,6725,6
SAN ENRIQUE,4385,7116,6
SAN ENRIQUE,2489,6661,6
SAN EMILIO,4440,8136,6
SAN EMILIO,4927,6017,6
SAN EDUARDO DEL MAR,2644,7607,6
SALADA GRANDE,3559,7163,6
SALADA CHICA,3558,7163,6
SAFORCADA,3697,6022,6
REMEDIOS DE ESCALADA,3765,1826,6
REMEDIOS DE ESCALADA,16491,1657,6
REGINALDO J NEILD,2528,6533,6
RECALDE,4253,6559,6
REAL AUDIENCIA,4382,7225,6
RAWSON,3060,6734,6
RAULET,3760,7530,6
RAUCH,4549,7203,6
RANELAGH,16594,1886,6
RANCHOS,3601,1987,6
RANCAGUA,4351,2701,6
RAMOS OTERO,2797,7621,6
RAMOS MEJIA,16508,1704,6
RAMON SANTAMARINA,4173,7641,6
RAMON J NEILD,2527,6533,6
RAMON BIAUS,3106,6627,6
RAMALLO,4533,2915,6
RAFAEL OBLIGADO,4585,6001,6
RAFAEL CASTILLO,16507,1755,6
RAFAEL CALZADA,26313,1847,6
QUIROGA,2526,6533,6
QUIRNO COSTA,4926,6018,6
QUIÑIHUAL ESTACION,3183,7533,6
QUILMES OESTE,16552,1879,6
QUILMES,16551,1878,6
QUILCO,3759,7406,6
QUEQUEN,3856,7631,6
QUENUMA,4639,6335,6
PUNTA MEDANOS,3557,7109,6
REQUENA,4818,7307,6
RETA,4895,7511,6
RETIRO SAN PABLO,3005,2752,6
RICARDO GAVIÑA,2841,7313,6
SABBI,27854,7303,6
SAAVEDRA,4615,8174,6
RUTA 9 KILOMETRO 72,18242,2804,6
RUTA 9 KILOMETRO 169 5,4757,2930,6
RUTA 8 KILOMETRO 77,3900,6703,6
RUTA 3 KILOMETRO 75 700,2943,1816,6
RUTA 205 KILOMETRO 57,2942,1816,6
RUTA 11 KILOMETRO 23,3936,1907,6
RUIZ SOLIS,4663,6720,6
ROVIRA,4289,6450,6
ROSAS,3785,7205,6
ROQUE PEREZ,4600,7245,6
ROOSEVELT,4565,6403,6
ROMAN BAEZ,4777,6612,6
SAN JUAN,4256,7401,6
ROLITO ESTACION FCGB,3671,6430,6
ROCHA,4254,7404,6
ROBERTS,3834,6075,6
ROBERTO PAYRO,18302,1915,6
ROBERTO CANO,4586,2703,6
RIVERA,2570,6441,6
RIVADEO,4438,8127,6
RIVADAVIA,4564,6237,6
RIO TALA,4756,2944,6
RINCON NORTE,4153,6605,6
RINCON DE VIVOT,3602,7225,6
RINCON DE NOARIO,3935,1921,6
RINCON DE MILBERG,16538,1648,6
RINCON DE BAUDRIX,2798,7621,6
RICARDO ROJAS,16537,1618,6
ROJAS,4587,2705,6
VILLA PENOTTI,3701,6000,6
VILLA PRECEPTOR M ROBLES,3493,2812,6
VILLA PRECEPTOR MANUEL CRUZ,3494,6703,6
BALNEARIO SAUCE GRANDE,4125,8153,6
BALSA,3812,6070,6
BANDERALO,3628,6244,6
BANFIELD,16448,1828,6
BARADERO,2802,2942,6
BARKER,2822,7005,6
BARRIENTOS,4590,7247,6
BARRIO 1 DE MAYO,2927,1814,6
BARRIO BATAN,4449,7601,6
BARRIO CAROSIO,3685,6000,6
BARRIO CHAPADMALAL,4452,7605,6
BARRIO EL CAZADOR,3244,1625,6
BARRIO EL PORTEÑO,3910,1915,6
BARRIO EMIR RAMON JUAREZ,4458,7600,6
BARRIO GARIN NORTE,3233,1623,6
BARRIO GASTRONOMICO,4461,7600,6
BARRIO GENERAL SAN MARTIN,4107,6000,6
BARRIO INDIO TROMPA,4853,6400,6
BARRIO JULIO DE VEDIA,2499,6500,6
BARRIO LA DOLLY,2890,1980,6
BARRIO LA LUISA,4221,7400,6
BARRIO LAS MANDARINAS,2891,1980,6
BARRIO OBRERO,4268,6450,6
BARRIO OESTE,2622,7607,6
BARRIO PARQUE BRISTOL,2623,7607,6
BARRIO PARQUE LAMBARE,3234,1623,6
BARRIO PARQUE LELOIR,16447,1713,6
BARRIO PEDRO ROCCO,3544,7109,6
BARRIO PUEBLO NUEVO,4473,7600,6
BALNEARIO SANTA ELENA,4066,7609,6
BARRIO SAN ALEJO,4387,1629,6
BALNEARIO SAN ANTONIO,4940,8132,6
BALNEARIO PARADA,3119,8109,6
AVESTRUZ,2536,8183,6
AYACUCHO,2666,7150,6
AZCUENAGA,4655,6721,6
AZOPARDO,4413,8181,6
AZUL,2680,7300,6
B LOS AROMOS SAN PATRICIO,4086,1727,6
B NUESTRA SEÑORA DE LA PAZ,4087,1727,6
B SARMIENTO DON ROLANDO,4089,1727,6
B STA CATALINA HORNERO LA LOMA,4088,1727,6
BACACAY,2498,6516,6
BADANO,4555,6403,6
BAHIA BLANCA,16353,8000,6
BAHIA SAN BLAS,3010,8506,6
BAIGORRITA,4911,6013,6
BAJO HONDO,3118,8115,6
BALCARCE,2778,7620,6
BALNEARIO ATLANTIDA,2615,7607,6
BALNEARIO CAMET NORTE,2616,7607,6
BALNEARIO CHAPALCO,4939,8132,6
BALNEARIO CLAROMECO,4679,7505,6
BALNEARIO FRENTE MAR,2617,7607,6
BALNEARIO LA BALIZA,2618,7607,6
BALNEARIO LA CALETA,2619,7609,6
BALNEARIO LOS ANGELES,4158,7641,6
BALNEARIO MAR CHIQUITA,4447,7609,6
BALNEARIO MAR DE COBO,2620,7609,6
BALNEARIO OCEANO,4875,7511,6
BALNEARIO ORENSE,4876,7511,6
BALNEARIO ORIENTE,4124,8153,6
BALNEARIO PLAYA DORADA,2621,7607,6
AVELLANEDA,2458,1870,6
BARRIO SAN JACINTO,18367,2800,6
BARRIO SANTA MAGDALENA,4768,1862,6
BLONDEAU,2917,2805,6
BME BAVIO GRAL MANSILLA,3911,1911,6
BOCAYUBA,4294,6348,6
BOLIVAR,2861,6550,6
BONIFACIO,3652,6439,6
BONNEMENT,3528,7223,6
BORDENAVE,4414,8187,6
BOSCH,2779,7620,6
BOSQUES,16576,1889,6
BOULOGNE,4697,1609,6
BRAGADO,2877,6640,6
BRANDSEN,2894,1980,6
BRAVO DEL DOS,3653,6411,6
BUCHANAN,18251,1903,6
BURZACO,26306,1852,6
CABEZA DE BUEY,4941,8134,6
CABILDO,2737,8118,6
CABO SAN FERMIN,4307,2703,6
CACHARI,2683,7214,6
CADRET,2956,6535,6
CAILOMUTA,4636,6339,6
CALDERON,3121,8101,6
CALERA AVELLANEDA,4223,7400,6
CALFUCURA,4067,7613,6
CALVO,3137,8154,6
CAMARON CHICO,4363,7116,6
CAMBACERES,2500,6516,6
CAMET,4482,7612,6
CAMINERA AZUL,2684,7300,6
BLAS DURAÑONA,2467,6661,6
BARRIO SAN PABLO,4767,1862,6
BLAQUIER,2660,6065,6
BLANCA GRANDE,4222,6561,6
BARRIO TIERRA DE ORO,4478,7600,6
BARRIO TIRO FEDERAL,4479,7600,6
BARRIO TROCHA,4306,2700,6
BARRIO VILLA ORTEGA,3687,6000,6
BARRIO VILLA SALADILLO,4618,7260,6
BASE AERONAVAL CMTE ESPORA,18270,8107,6
BASE AERONAVAL PUNTA INDIO,3912,1919,6
BASE NAVAL AZOPARDO,2681,7301,6
BASE NAVAL RIO SANTIAGO,3221,1929,6
BATERIAS,3120,8113,6
BATHURST ESTACION,3170,7540,6
BAUDRIX,2589,6643,6
BAYAUCA,3813,6078,6
BECCAR,4696,1643,6
BELEN DE ESCOBAR,3235,1625,6
BELLA VISTA,16522,1661,6
BELLOCQ,2955,6535,6
BENAVIDEZ,16532,1621,6
BENITEZ,3095,6632,6
BENITO JUAREZ,2824,7020,6
BERAZATEGUI,16588,1884,6
BERDIER,4642,2743,6
BERISSO,2855,1923,6
BERMUDEZ,3814,6071,6
BERNAL ESTE,16546,1876,6
BERNAL OESTE,16547,1876,6
BERNARDO VERA Y PINTADO,2682,7313,6
BERRAONDO,4837,8124,6
BERUTI,4854,6424,6
BLANDENGUES,3688,6032,6
ATUCHA,4986,2808,6
ATALAYA,3909,1913,6
ATAHUALPA,3191,6471,6
AGUSTINA,3684,6001,6
ALAGON,4264,6463,6
ALAMOS,3648,6437,6
ALASTUEY,3884,6703,6
ALBARIÑO,4265,6405,6
ALBERTI,2586,6634,6
ALDEA SAN ANDRES,4411,8126,6
ALDECON,3749,7406,6
ALDO BONZI,16496,1770,6
ALEGRE,3593,1987,6
ALEJANDRO KORN,4766,1864,6
ALEJANDRO PETION,2926,1808,6
ALFA,3649,6437,6
ALFALAD,3188,6555,6
ALFEREZ SAN MARTIN,2714,8117,6
ALFREDO DEMARCHI,2495,6533,6
ALGARROBO,4740,2935,6
ALGARROBO,2954,6531,6
ALGARROBO,4937,8136,6
ALMACEN CASTRO,4304,2751,6
ALMACEN EL CRUCE,4520,2751,6
ALMACEN EL DESCANSO,2948,2752,6
ALMACEN LA COLINA,2810,2740,6
ALMACEN PIATTI,4305,2711,6
ALMIRANTE IRIZAR,4386,1629,6
ALMIRANTE SOLIER,3116,8109,6
ALSINA,2801,2938,6
ALTA VISTA,4603,8170,6
ALTAMIRA,4106,6601,6
AGUSTIN ROCA,3683,6001,6
ALTAMIRANO,2889,1986,6
AGUSTIN MOSCONI,2465,6667,6
AGUAS VERDES,3543,7112,6
11 DE SEPTIEMBRE,16489,1657,6
12 DE AGOSTO,18312,2701,6
12 DE OCTUBRE,2493,6501,6
16 DE JULIO,2676,7313,6
17 DE AGOSTO,4409,8129,6
20 DE JUNIO,16497,1761,6
25 DE MAYO,2464,6660,6
30 DE AGOSTO,4852,6405,6
4 DE NOVIEMBRE,4573,2707,6
9 DE ABRIL,5049,1776,6
9 DE JULIO,2494,6500,6
ABASTO,3723,1903,6
ABBOTT,3527,7228,6
ABEL,4263,6450,6
ABRA DE HINOJO,4602,8170,6
ACASSUSO,4695,1640,6
ACEILAN,4779,7003,6
ACEVEDO,4302,2717,6
ACHUPALLAS,4137,6627,6
ADELA,3063,7136,6
ADELA CORTI,2711,8000,6
ADELA SAENZ,4410,8129,6
ADOLFO ALSINA,2533,6430,6
ADOLFO GONZALES CHAVES,2580,7513,6
ADROGUE,26305,1846,6
AEROPUERTO EZEIZA,16464,1802,6
AGOTE,4105,6608,6
AGUARA,2712,8105,6
AGUAS CORRIENTES,4303,2701,6
AGUIRREZABALA,4519,2915,6
ALTO LOS CARDALES,27816,2814,6
ALTO VERDE,4981,2801,6
ALTONA,4811,7303,6
ARROYO CARABELITAS,2908,2805,6
ARROYO CHICO,4157,7011,6
ARROYO CORTO,4606,8172,6
ARROYO DE LA CRUZ,3478,2813,6
ARROYO DE LUNA,2949,2752,6
ARROYO DEL PESCADO,2853,1923,6
ARROYO DULCE,4641,2743,6
ARROYO EL AHOGADO,2909,2805,6
ARROYO EL CHINGOLO,3650,6437,6
ARROYO GRANDE,4065,7174,6
ARROYO LA MAZA,2854,1923,6
ARROYO LAS CRUCES,2910,2805,6
ARROYO LAS ROSAS,3232,1625,6
ARROYO LAS ROSAS,2911,2805,6
ARROYO LOS HUESOS,2677,7301,6
ARROYO LOS TIGRES,2912,2805,6
ARROYO ÑACURUTU,4984,2800,6
ARROYO ÑACURUTU CHICO,2913,2805,6
ARROYO NEGRO,4985,2800,6
ARROYO PAREJA,3117,8111,6
ARROYO PESQUERIA,2914,2805,6
ARROYO TAJIBER,2915,2805,6
ARROYO VENADO,3651,6437,6
ARROYO ZANJON,2916,2805,6
ARTURO SEGUI,3724,1895,6
ARTURO VATTEONE,2535,6433,6
ASAMBLEA,2876,6640,6
ASCENCION,3511,6003,6
ASTURIAS,4267,6469,6
ARROYO CANELON,3231,1625,6
ARROYO BURGOS,4741,2935,6
ARROYO BOTIJA FALSA,4983,2800,6
ARROYO ALELI,2907,2805,6
ALVAREZ DE TOLEDO,4617,7267,6
ALVAREZ JONTE,18483,1921,6
ALVARO BARROS,4220,7403,6
ALZAGA,2581,7021,6
AMALIA,2497,6516,6
AMBROSIO P LEZICA,3009,8508,6
AMERICA,4554,6237,6
AMERICA UNIDA,24840,1862,6
ANASAGASTI,4138,6607,6
ANCON,4266,6451,6
ANDANT,3189,6555,6
ANDERSON,18273,6621,6
ANDRES VACCAREZZA,2588,6634,6
ANEQUE GRANDE,4156,7011,6
CAMINERA JUAREZ,2825,7020,6
ANTONIO CARBONI,3861,7243,6
APARICIO,3136,8158,6
ARANA,3730,1909,6
ARAUJO,2466,6643,6
ARBOLEDA,3190,6557,6
ARBUCO,3908,1915,6
ARENAZA,3811,6075,6
AREVALO,3862,7243,6
ARGERICH,4938,8134,6
ARIEL,2679,7301,6
ARQUEDAS,4604,8164,6
ARRECIFES,2811,2740,6
ARRIBEÑOS,3510,6007,6
ARROYO AGUAS BLANCAS,4605,8174,6
ARROYO AGUILA NEGRA,4982,2800,6
ANTONIO DE LOS HEROS,2678,7305,6
CAMINERA LUJAN,3885,6700,6
CAMINERA NAPALEOFU,2780,7007,6
CAMINERA SAMBOROMBON,2892,7130,6
COLONIA NACIONAL DE MENORES,4091,1727,6
COLONIA NAVIERA,2550,6341,6
COLONIA NIEVES,4228,7318,6
COLONIA OCAMPO,4946,8134,6
COLONIA PALANTELEN,2590,6643,6
COLONIA PHILLIPSON N 1,2551,8185,6
COLONIA PUEBLO RUSO,4947,8144,6
COLONIA RUSA,4229,7318,6
COLONIA SAN EDUARDO,2878,6646,6
COLONIA SAN ENRIQUE,4948,8132,6
COLONIA SAN FRANCISCO,4917,6017,6
COLONIA SAN FRANCISCO,3020,8142,6
COLONIA SAN MARTIN,4607,8164,6
COLONIA SAN MIGUEL,4230,7403,6
COLONIA SAN PEDRO,4608,8164,6
COLONIA SAN RAMON,3656,6437,6
COLONIA SANTA MARIA,2962,6535,6
COLONIA SANTA MARIANA,2552,8185,6
COLONIA SANTA ROSA,2929,1816,6
COLONIA SANTA ROSA,4420,8181,6
COLONIA SERE,2978,6459,6
COLONIA STEGMAN,4524,2751,6
COLONIA TAPATTA,3021,8142,6
ZUBIAURRE,4127,8151,6
ZONA DELTA ZARATE,27598,2800,6
ZONA DELTA TIGRE,27594,1649,6
ZONA DELTA SAN FERNANDO,16442,1647,6
ZONA DELTA CAMPANA,27599,2804,6
ZONA CANGREJALES,27822,8103,6
COLONIA NAC DE ALIENADOS,3888,6708,6
ZOILO PERALTA,3187,7530,6
COLONIA MURATURE,2549,6341,6
COLONIA MIGUEL ESTEVERENA,3014,8508,6
COLONIA HINOJO,4227,7318,6
COLONIA HIPOLITO YRIGOYEN,4417,8181,6
COLONIA HOGAR R GUTIERREZ,4090,1727,6
COLONIA INCHAUSTI,2468,6667,6
COLONIA LA BEBA,4572,6003,6
COLONIA LA CATALINA,4418,8136,6
COLONIA LA CELINA,3017,8508,6
COLONIA LA ESPERANZA,2960,6531,6
COLONIA LA ESTRELLA,2546,8185,6
COLONIA LA GRACIELA,3018,8142,6
COLONIA LA INVERNADA,4521,2751,6
COLONIA LA MERCED,4943,8105,6
COLONIA LA NENA,4311,2751,6
COLONIA LA NORIA,4522,2751,6
COLONIA LA REINA,4523,2751,6
COLONIA LA VANGUARDIA,4312,2711,6
COLONIA LA VASCONGADA,4419,8183,6
COLONIA LABORDEROY,4313,2751,6
COLONIA LAPIN,2547,8185,6
COLONIA LAS YESCAS,2502,6513,6
COLONIA LEVEN,2548,8185,6
COLONIA LOS ALAMOS,3019,8142,6
COLONIA LOS ALFALFARES,4945,8132,6
COLONIA LOS BOSQUES,4915,6018,6
COLONIA LOS HORNOS,3512,6007,6
COLONIA LOS HUESOS,4916,6018,6
COLONIA LOS TOLDOS,4314,2751,6
COLONIA LOS TRES USARIS,4671,2760,6
COLONIA MAURICIO,2961,6531,6
COLONIA MONTE LA PLATA,4944,8144,6
ZENTENA,3186,7545,6
ZENON VIDELA DORNA,4721,7226,6
ZELAYA,4407,1627,6
VILLA TALLERES,3702,6000,6
VILLA SERRA,2776,8103,6
VILLA SENA,4570,6403,6
VILLA SAUZE,3647,6235,6
VILLA SAURI,2578,6430,6
VILLA SARMIENTO,16435,1706,6
VILLA SARITA,4762,2930,6
VILLA SANZ,2875,6511,6
VILLA SANTOS TESEI,16432,1688,6
VILLA SANTA MARIA,4405,1629,6
VILLA SANGUINETTI,2819,2740,6
VILLA SANCHEZ ELIA,2775,8000,6
VILLA SAN PEDRO,4553,7203,6
VILLA SAN JOSE,4654,2743,6
VILLA SAN ALBERTO,4669,6720,6
VILLA SAENZ PEÑA,16495,1674,6
VILLA SABOYA,3646,6101,6
VILLA RUIZ,4668,6705,6
VILLA ROSAS,2774,8103,6
VILLA ROSA,4404,1631,6
VILLA ROCH,18266,7101,6
VILLA RIO CHICO,4975,8146,6
VILLA RAMALLO EST FFCC,4536,2914,6
VILLA RAMALLO,4537,2914,6
VILLA RAFFO,16494,1674,6
VILLA PUERTO QUEQUEN,3860,7631,6
VILLA PUEBLO NUEVO,3773,7414,6
VILLA PROGRESO,4589,2705,6
VILLA PROGRESO,4362,2700,6
VILLA TERESA,4763,2944,6
VILLA TRIANGULO,3703,6000,6
VILLA VALLIER,3248,1625,6
VILLA VATTEONE,16582,1888,6
ZEBALLOS,16583,1888,6
ZAVALIA,4930,6018,6
ZARATE,5000,2800,6
ZAPIOLA,3876,7249,6
ZAMUDIO,4104,1727,6
YUTUYACO,2579,6443,6
YRAIZOS,2649,7605,6
YERBAS,4825,7303,6
WILLIAM MORRIS,27889,1686,6
WILDE,2463,1875,6
WARNES,2888,6646,6
VUELTA DE ZAPATA,3676,6435,6
VUELTA DE OBLIGADO,4765,2931,6
VOLUNTAD,3774,7412,6
COLONIA FERRARI,3941,7172,6
VOLTA,3622,6064,6
VITEL,3094,7130,6
VISTA ALEGRE,3093,7130,6
VIRREYES,16441,1646,6
VIRREY DEL PINO,16514,1763,6
VIÑA,2820,2754,6
VILLARS,3799,1731,6
VILLANUEVA,3603,7225,6
VILLALONGA,3039,8512,6
VILLAIGRILLO,4764,2930,6
VILLAFAÑE,3062,6740,6
VILLA YORK,3704,6000,6
VILLA VIGNOLO,4509,7600,6
VILLA VERDE,4406,1629,6
VILLA VENTANA,27657,8160,6
VIVORATA,4085,7612,6
ORDOQUI,2971,6537,6
COLONIA ESCUELA ARGENTINA,3066,7136,6
COLONIA EL GUANACO,3015,8142,6
CANAL MARTIN IRIGOYEN,4987,2800,6
CANAL N ALEM 1A SEC,2919,2805,6
CANAL N ALEM 2A SEC,2920,2805,6
CANCHA DEL POLLO,3594,1987,6
CANGALLO,2667,7153,6
CANNING,16376,1804,6
CANNING,16465,1804,6
CANONIGO GORRITI,2542,8185,6
CANTERA AGUIRRE,4780,7000,6
CANTERA ALBION,4781,7000,6
CANTERA LA AURORA,4782,7000,6
CANTERA LA FEDERACION,4783,7000,6
CANTERA LA MOVEDIZA,4784,7000,6
CANTERA MONTE CRISTO,4785,7000,6
CANTERA SAN LUIS,4786,7000,6
CANTERA VILLALONGA,3011,8504,6
CANTERAS DE GREGORINI,4224,7401,6
CAÑUELAS,2928,1814,6
CAPDEPONT,4773,6612,6
CAPILLA DEL SEÑOR,3480,2812,6
CAPITAN CASTRO,4270,6461,6
CAPITAN SARMIENTO,2951,2752,6
CARABELAS,4571,2703,6
CARAPACHAY,21722,1605,6
CARDENAL CAGLIERO,3012,8506,6
CARHUE,2543,6430,6
CARI LARQUEA,3940,7119,6
CARILO,3566,7167,6
CARLOS BEGUERIE,4592,7247,6
CANAL 15 CERRO DE LA GLORIA,3041,7114,6
CARLOS CASARES,2958,6530,6
CAÑADA SECA,3629,6105,6
CAÑADA MARIANO,2541,8183,6
CAMINO CENTENARIO KM 11500,18252,1896,6
CAMPAMENTO,4068,7613,6
CAMPANA,2918,2804,6
CAMPO ARISTIMUÑO,4269,6474,6
CAMPO BUENA VISTA,4309,2700,6
CAMPO COLIQUEO,4912,6015,6
CAMPO CRISOL,2812,2754,6
CAMPO DE MAYO,16523,1659,6
CAMPO DEL NORTE AMERICANO,2537,8185,6
CAMPO FUNKE,4711,7247,6
CAMPO LA ELISA,2950,2752,6
CAMPO LA LIMA,3138,8150,6
CAMPO LA NENA,3479,2764,6
CAMPO LA PLATA,2781,7623,6
CAMPO LA TRIBU,4913,6015,6
CAMPO LA ZULEMA,2538,8185,6
CAMPO LEITE,2782,7623,6
CAMPO LOPE SECO,2893,1980,6
CAMPO LOS AROMOS,2539,8185,6
CAMPO MAIPU,27791,6013,6
CAMPO PELAEZ,3838,7623,6
CAMPO PEÑA LOPEZ,4139,6605,6
CAMPO ROJAS,4812,7303,6
CAMPO SABATE,4591,7245,6
CAMPO SAN JUAN,2540,8185,6
CAMPODONICO,2685,7305,6
CAMPOMAR VIÑEDO,18277,1625,6
CAÑADA DE ARIAS,3886,6700,6
CAÑADA LA RICA,3096,6625,6
CAÑADA MARTA,2813,2740,6
CARLOS KEEN,3887,6701,6
CARLOS LEMEE,4388,2812,6
CARLOS MARIA NAON,2501,6515,6
CHICLANA,4271,6476,6
CHILLAR,2687,7311,6
CHIVILCOY,27531,6620,6
CHOIQUE,2739,8000,6
CHURRUCA,16482,1657,6
CITY BELL,3725,1896,6
CIUDAD EVITA,16499,1778,6
CIUDAD JARDIN DEL PALOMAR,16483,1684,6
CIUDAD MADERO,16498,1768,6
CIUDADELA,16484,1702,6
CLARAZ,4159,7005,6
CLAUDIO C MOLINA,4877,7515,6
CLAVERIE,3567,7163,6
CLAYPOLE,26307,1849,6
COBO,4069,7612,6
COCHRANE,2740,8118,6
COLEGIO SAN PABLO,2952,2752,6
COLIQUEO,3051,6743,6
COLMAN,4539,7201,6
COLON,3109,2720,6
COLONIA ALBERDI,3801,6034,6
COLONIA BARGA,3016,8142,6
COLONIA BARON HIRSCH,2545,6441,6
COLONIA BEETHOVEN,3913,1921,6
COLONIA BELLA VISTA,18261,8000,6
COLONIA CUARENTA Y TRES,4942,8136,6
COLONIA DE VAC CHAPADMALAL,4483,7609,6
COLONIA DR GDOR UDAONDO,4415,8180,6
COLONIA EL BALDE,4557,6403,6
CHENAUT,3481,2764,6
CHASICO,4838,8117,6
CHASCOMUS,3065,7130,6
CHAS,3529,7223,6
CARLOS SALAS,3815,6453,6
CARLOS SPEGAZZINI,16466,1812,6
CARLOS TEJEDOR,2977,6455,6
CARMEN DE ARECO,2998,6725,6
CARMEN DE PATAGONES,3013,8504,6
CASALINS,4364,7225,6
CASBAS,3654,6417,6
CASCADA,3171,7547,6
CASEROS,16481,1678,6
CASEY,3655,6417,6
CASTELAR,16434,1712,6
CASTELLI,3042,7114,6
CASTILLA,3049,6616,6
CAZON,4619,7265,6
COLONIA EL PINCEN,4416,8181,6
CENTENARIO,2959,6535,6
CENTRO AGRICOLA EL PATO,16589,1893,6
CENTRO GUERRERO,3043,7114,6
CERRITO,4556,6237,6
CERRO AGUILA,2686,7403,6
CERRO DE LOS LEONES,4787,7000,6
CERRO NEGRO,4225,7403,6
CERRO SOTUYO,4226,7403,6
CHACABUCO,3050,6740,6
CHACRA EXPERIMENTAL INTA,4310,2700,6
CHALA QUILCA,3750,7406,6
CHANCAY,4914,6017,6
CHAPALEUFU,4538,7203,6
CHAPAR,2826,7020,6
CHAPI TALO,2544,6341,6
CENTINELA DEL MAR,27931,7607,6
OPEN DOOR,3898,6708,6
ARANO,2534,6443,6
OMBU,3177,7545,6
GERLI,16380,1824,6
GERENTE CILLEY,2513,6507,6
GENERAL VILLEGAS,3636,6230,6
GENERAL VIAMONTE,4919,6015,6
GENERAL VALDEZ,4884,7503,6
GENERAL SAN MARTIN,16565,1650,6
GENERAL RONDEAU,4427,8124,6
GENERAL ROJO,27542,2905,6
GENERAL RODRIGUEZ,25773,1748,6
GENERAL RIVAS,4774,6614,6
GENERAL PIRAN,4074,7172,6
GENERAL PINTO,3608,6050,6
GENERAL PACHECO,16536,1617,6
GENERAL O BRIEN,2880,6646,6
GENERAL MANSILLA,18296,1911,6
GENERAL MADARIAGA,3571,7163,6
GENERAL LAVALLE,3547,7103,6
GENERAL LAS HERAS,3794,1741,6
GENERAL LAMADRID,3752,7406,6
GENERAL HORNOS,3790,1739,6
GENERAL GUIDO,3540,7118,6
GENERAL CONESA,4835,7101,6
GENERAL CONESA,21074,2907,6
GENERAL BELGRANO,3531,7223,6
GENERAL ARENALES,3520,6005,6
GENERAL ALVEAR,2653,7263,6
GENERAL ALVARADO,2629,7607,6
GARRO,2746,8103,6
GARRE,3660,6411,6
GERLI,16375,1870,6
GARIN,3236,1619,6
GERMANIA,3609,6053,6
GIRODIAS,4859,6407,6
GOYENECHE,4714,7220,6
GOYENA,4612,8175,6
GOWLAND,4110,6608,6
GOUIN,3000,6727,6
GOROSTIAGA,3098,6632,6
GOROSO,3574,7163,6
GORNATTI,4323,2717,6
GORCHS,3532,7226,6
GONZALEZ RISOS,4141,6605,6
GONZALEZ MORENO,4560,6239,6
GONZALEZ CATAN,16500,1759,6
GOÑI,3573,7163,6
GONDRA,3637,6241,6
GOMEZ DE LA VEGA,2899,1983,6
GOMEZ,2898,1983,6
GOLDNEY,4109,6614,6
GOBOS,3572,7163,6
GOBERNADOR UGARTE,2473,6621,6
GOBERNADOR UDAONDO,2932,7221,6
GOBERNADOR ORTIZ DE ROSAS,4624,7260,6
GOBERNADOR OBLIGADO,2897,1981,6
GOBERNADOR COSTA,16578,1888,6
GOBERNADOR CASTRO,4746,2946,6
GOBERNADOR ARIAS,2965,6531,6
GOBERNADOR ANDONAEGHI,3485,2764,6
GNECCO,4275,6451,6
GLORIALDO,4845,8129,6
GLEW,26308,1856,6
GIRONDO,4277,6451,6
GIL,3141,8151,6
GRACIARENA,4638,6335,6
GARDEY,4793,7003,6
GANDARA,3076,7136,6
FLORIDA OESTE,21724,1602,6
FLORIDA,21723,1602,6
FLORENTINO AMEGHINO,2659,6064,6
FLORENCIO VARELA,16577,1888,6
FLAMENCO,4673,2763,6
FIORITO,27904,1828,6
FERRE,3519,6003,6
FERNANDO MARTI,16607,6223,6
FELIPE SOLA,4426,8129,6
FAUZON,2510,6500,6
FATRALO,2558,6430,6
FATIMA ESTACION EMPALME,4392,1633,6
FARO SEGUNDA BARRANCOSA,3024,8504,6
FARO SAN ANTONIO,3546,7103,6
FARO QUERANDI,3570,7165,6
FARO,3135,8150,6
FAIR,2668,7153,6
EZPELETA OESTE,16550,1882,6
EZPELETA ESTE,16549,1882,6
EZEIZA,16467,1804,6
EXALTACION DE LA CRUZ,3484,2812,6
ETCHEGOYEN,3483,6703,6
ESTRUGAMOU,3779,7207,6
ESTRELLA NACIENTE,2999,6725,6
ESTOMBA,4841,8118,6
ESTHER,4623,7260,6
ESTELA,4425,8127,6
ESTEBAN DIAZ,4140,6607,6
ESTEBAN DE LUCA,2983,6475,6
FONTEZUELA,4320,2700,6
GARCIA DEL RIO,4844,8162,6
FORTIN ACHA,3805,6031,6
FORTIN IRENE,2690,7316,6
GALO LLORENTE,2512,6513,6
GALERA DE TORRES,4543,7203,6
GAHAN,4645,2745,6
FUNKE,4713,7220,6
FULTON,4792,7007,6
FUERTE BARRAGAN,3226,1925,6
FUERTE ARGENTINO,4843,8160,6
FRIGORIFICO LAS PALMAS,4990,2800,6
FRIGORIFICO ARMOUR,2856,1923,6
FRENCH,2511,6516,6
FRANKLIN,4658,6614,6
FRANCISCO MURATURE,2559,6341,6
FRANCISCO MAGNANO,4858,6475,6
FRANCISCO MADERO,4274,6472,6
FRANCISCO J MEEKS,2691,7301,6
FRANCISCO DE VITORIA,4857,6403,6
FRANCISCO CASAL,18249,6230,6
FRANCISCO CASAL,2931,1808,6
FRANCISCO BERRA,4712,7221,6
FRANCISCO AYERZA,4321,2700,6
FRANCISCO ALVAREZ,16527,1746,6
FORTIN VIGILANCIA,3821,6073,6
FORTIN VIEJO,3025,8148,6
FORTIN TIBURCIO,3689,6001,6
FORTIN PAUNERO,3659,6417,6
FORTIN OLAVARRIA,4559,6403,6
FORTIN NECOCHEA,3751,7406,6
FORTIN MERCEDES,4951,8148,6
FORTIN LAVALLE,4235,7404,6
FORTIN CHACO,4842,8160,6
GRAL DANIEL CERRI,2738,8105,6
GRAND BOURG,16470,1615,6
GRAND DOCK,3227,1925,6
JOSE B CASAS,3028,8506,6
JOAQUIN GORINA,3727,1896,6
JEPPENER,2900,1986,6
JAUREGUI JOSE MARIA,3905,6706,6
JARRILLA,3027,8508,6
ITUZAINGO,16446,1714,6
ITURREGUI,4237,6557,6
ISONDU,3577,7163,6
ISLAS,2475,6667,6
ISLA VERDE,4954,8146,6
ISLA SANTIAGO,3228,1929,6
ISLA PAULINO,2857,1929,6
ISLA MARTIN GARCIA,27539,1601,6
ISLA LOS LAURELES,2807,2931,6
ISLA CATARELLI,3123,8111,6
ISIDRO CASANOVA,16503,1765,6
IRIARTE,3614,6042,6
IRENEO PORTELA,2806,2943,6
IRENE,3142,7507,6
IRAOLA,4794,7009,6
IRALA,2881,6013,6
INVERNADAS,3576,7163,6
INOCENCIO SOSA,4278,6451,6
INGENIERO WILLIAMS,4155,6603,6
INGENIERO WHITE,26318,8103,6
INGENIERO THOMPSON,4296,6337,6
INGENIERO SILVEYRA,3054,6743,6
INGENIERO MONETA,4747,2935,6
INGENIERO MASCHWITZ,3237,1623,6
JOSE CLEMENTE PAZ,16516,1665,6
INGENIERO DE MADRID,2514,6651,6
JOSE FERRARI,3918,1905,6
JOSE LEON SUAREZ,16566,1655,6
KILOMETRO 11,2749,8101,6
KILOMETRO 108,4660,6723,6
KILOMETRO 103,3920,1915,6
KILOMETRO 102,3486,2763,6
KENNY,3002,2745,6
JUNIN,26285,6000,6
JULIO ARDITI,3919,1913,6
JUANCHO,3578,7169,6
JUANA A DE LA PEÑA,4328,2717,6
JUAN VUCETICH EX DR R LEVENE,18254,1894,6
JUAN VELA,2476,6663,6
JUAN V CILLEY,2560,6430,6
JUAN TRONCONI,4595,7247,6
JUAN N FERNANDEZ,4164,7011,6
JUAN MARIA GUTIERREZ,16591,1890,6
JUAN JOSE PASO,4279,6474,6
JUAN JOSE ALMEYRA,4143,6603,6
JUAN G PUJOL,4327,2909,6
JUAN F IBARRA,2864,6551,6
JUAN E BARRA,2583,7517,6
JUAN COUSTE,4955,8136,6
JUAN BLAQUIER,4626,7267,6
JUAN BAUTISTA ALBERDI,3806,6034,6
JUAN ATUCHA,4594,7245,6
JUAN A PRADERE,3029,8142,6
JOSE SOJO,4625,7260,6
JOSE MARMOL,26309,1846,6
JOSE MARIA BLANCO,4297,6409,6
JOSE M MICHEO,2655,7263,6
JOSE INGENIEROS,16486,1702,6
INGENIERO BUDGE,27905,1773,6
INGENIERO BEAUGEY,2986,6457,6
INGENIERO BALBIN,3613,6051,6
HARAS LA LULA,4162,7011,6
HARAS LA ELVIRA,4775,6612,6
HARAS EL SALASO,4593,7245,6
HARAS EL OMBU,4528,2916,6
HARAS EL MORO,3844,7631,6
HARAS EL CISNE,2831,7020,6
HARAS EL CENTINELA,4325,2701,6
HARAS EL CATORCE,3612,6050,6
HARAS EL CARMEN,3099,6627,6
HARAS CHAPADMALAL,4488,7605,6
HARAS CHACABUCO,3533,7223,6
HARAS 1 DE MAYO,4075,7174,6
HAM,3521,6005,6
HALE,2863,6511,6
HALCEY,3611,6064,6
HAEDO,16437,1706,6
GUNTHER,3610,6053,6
GUILLERMO E HUDSON,16590,1885,6
GUIDO SPANO,4575,2707,6
GUERRICO,4324,2717,6
GUERRERO,3044,7116,6
GUERNICA,24841,1862,6
GUARDIA DEL MONTE,4715,7220,6
GUANACO,4276,6476,6
GUAMINI,3661,6435,6
GRUMBEIN,2747,8101,6
GRISOLIA,2595,6627,6
GREGORIO VILLAFAÑE,3053,6740,6
GREGORIO DE LAFERRERE,16502,1757,6
HARAS LOS CARDALES,3001,2752,6
HARAS NACIONAL,3845,7631,6
HARAS OJO DEL AGUA,2787,7620,6
HARAS R DE LA PARVA,2654,7263,6
INGENIERO ALLAN,16579,1891,6
INGENIERO ADOLFO SOURDEAUX,16471,1612,6
INES INDART,4646,2747,6
INDIO RICO,3162,7501,6
INDIA MUERTA,2933,7114,6
INDACOCHEA,3101,6623,6
IGNACIO CORREAS,18253,1909,6
IGARZABAL,3026,8512,6
IBAÑEZ,3534,7223,6
HUSARES,2985,6455,6
HURLINGHAM,16431,1686,6
HUNTER,4577,2707,6
HUETEL,2474,6511,6
HUESO CLAVADO,4885,7500,6
ESTEBAN A GASCON,2557,8185,6
HUANGUELEN,3175,7545,6
HOSPITAL NECOCHEA,4163,7630,6
HORTENSIA,2966,6537,6
HORNOS,18255,1739,6
HOGAR MARIANO ORTIZ BASUALDO,3942,7172,6
HINOJO,4236,7318,6
HINOJALES,3575,7163,6
HILARIO ASCASUBI,4953,8142,6
HERRERA VEGAS,4979,6557,6
HEREFORD,2984,6233,6
HENRY BELL,3100,6621,6
HENDERSON,4978,6465,6
HEAVY,4659,6723,6
HARAS TRUJUI,3822,6075,6
HARAS SAN JACINTO,4576,2705,6
HOSPITAL SAN ANTONIO DE LA LLA,4326,2700,6
KILOMETRO 112,3866,7240,6
ESTANCIAS,4319,2909,6
ESTANCIA SANTA CATALINA,2805,2761,6
DRABBLE,3631,6242,6
DOYLE,4743,2935,6
DOYHENARD,2896,1980,6
DOS NACIONES,3840,7007,6
DOS HERMANOS,3605,6042,6
DON VICENTE,4365,7116,6
DON TORCUATO,16534,1611,6
DON CIPRIANO,3070,7135,6
DON BOSCO,16548,1876,6
DOMSELAAR,4769,1984,6
DOLORES,3208,7100,6
DOCTOR DOMINGO HAROSTEGUY,3776,7212,6
DOCTOR DOMINGO CABRED,3891,6708,6
DOCK SUD,2460,1871,6
DOCK CENTRAL,3223,1925,6
DIQUE LUJAN,16533,1623,6
DIONISIA,2625,7603,6
DIEGO GAYNOR,3482,2812,6
DESVIO SANDRINI,3122,8109,6
DESVIO SAN ALEJO,4422,8180,6
DESVIO KILOMETRO 95,3515,6007,6
DESVIO KILOMETRO 55,2895,1981,6
DESVIO KILOMETRO 234,2505,6503,6
DESVIO GARBARINI,2470,6509,6
DESVIO EL CHINGOLO,3514,6031,6
DESVIO AGUIRRE,4789,7000,6
DESTILERIA FISCAL,3222,1925,6
DESPEÑADEROS,3158,7531,6
DENNEHY,2504,6516,6
DRIADES LINKS,27923,7109,6
DELGADO,3513,6007,6
DRYSDALE,2981,6455,6
DUDIGNAC,2506,6505,6
EL CONTADOR,27934,2740,6
EL CHUMBEAU,2650,7263,6
EL CHELFORO,27603,7530,6
EL CHEIQUE,3841,7007,6
EL CHALAR,4542,7201,6
EL CHAJA,3568,7163,6
EL CENTINELA,2626,7607,6
EL CARRETERO,4880,7500,6
EL CARPINCHO,2963,6537,6
EL CARMEN DE LANGUEYU,4541,7203,6
EL CARMEN,4316,2754,6
EL CARBON,3071,7135,6
EL CAMOATI,2957,6537,6
EL BOQUERON,4484,7601,6
EL BOQUERON,27783,7150,6
EL BOMBERO,4879,7507,6
EL BAGUAL,3022,8504,6
EL ARBOLITO,3110,2721,6
EL ARAZA,3863,7249,6
EL ALBA,4366,7225,6
EL 60,3209,7100,6
EGAÑA,4540,7013,6
EDUARDO COSTA,2661,6064,6
EDMUNDO PERKINS,3803,6030,6
DUSSAUD,3606,6050,6
DURAÑONA,4231,7401,6
DUHAU,4856,6405,6
DUGGAN,4672,2764,6
DUFAUR,4610,8164,6
DUCOS,4609,8170,6
EL CORTAPIE,4840,8117,6
DELFIN HUERGO,2553,8185,6
DEL VALLE,2469,6509,6
COSTA BONITA BALNEARIO,3839,7631,6
COSTA AZUL,3545,7112,6
CORTINES,3889,6712,6
CORTI,2742,8118,6
CORONEL VIDAL,4070,7174,6
CORONEL SUAREZ,3172,7540,6
CORONEL SEGUI,2593,6628,6
CORONEL RODOLFO BUNGE,2828,7313,6
CORONEL PRINGLES,3157,7530,6
CORONEL MOM,2592,6628,6
CORONEL MARCELINO FREYRE,3192,6555,6
CORONEL ISLEÑOS,4643,2747,6
CORONEL GRANADA,3604,6062,6
CORONEL FALCON,3156,8118,6
CORONEL DORREGO,3139,8150,6
CORONEL CHARLONE,3630,6223,6
CORONEL BOERR,3775,7208,6
CORBETT,2503,6507,6
CORAZZI,4855,6405,6
CORACEROS,4976,6465,6
COPETONAS,4878,7511,6
COOPER,4680,7639,6
CONDARCO,4558,6233,6
COMODORO PY,2879,6641,6
COMANDANTE NICANOR OTAMENDI,2624,7603,6
COMANDANTE GIRIBONE,3067,7135,6
COMAHUE OESTE,4108,6601,6
COLONIA ZAMBUNGO,2591,6628,6
OMBUCTA,4968,8142,6
COSTA BRAVA,4525,2914,6
DEL VISO,4389,1669,6
COSTA DEL ESTE,27595,7108,6
COVELLO,2688,7305,6
DEL CARRIL,4620,7265,6
DEFERRARI,4682,7521,6
DE LA GARMA,2582,7515,6
DE LA CANAL,4788,7013,6
DE BRUYN,3802,6031,6
DE BARY,4295,6348,6
DARREGUEIRA,4421,8183,6
DANTAS,27788,1987,6
DAIREAUX,3193,6555,6
D ORBIGNY,3174,7541,6
CURARU,2980,6451,6
CURA MALAL,3173,7548,6
CUENCA,2979,6231,6
CUCULLU,4656,6723,6
CUCHA CUCHA,3052,6746,6
CUARTEL VII,27789,6050,6
CUARTEL V,27793,6000,6
CUARTEL V,16526,1744,6
CUARTEL IV,27853,7110,6
CUARTEL IV,27792,6032,6
CUARTEL II,27785,7300,6
CUARTEL CUATRO,3890,6700,6
CUARTEL 8,3069,7135,6
CUARTEL 6,3068,7136,6
CUARTEL 2,3595,1987,6
CRUCESITA,2459,1870,6
CROTTO,4813,7307,6
CRISTINO BENAVIDEZ,3914,1913,6
CRISTIANO MUERTO,4681,7503,6
COSTA ESMERALDA,27921,7109,6
EL CRISTIANO,4683,7503,6
EL CRUCE,27799,7620,6
EL DESCANSO,4744,2935,6
ESCUELA AGRICOLA DON BOSCO,2930,1815,6
ESCALADA,4989,2801,6
ESC NAV MILITAR RIO SANTIAGO,3225,1927,6
ERNESTINA,2471,6665,6
ERIZE,4424,8181,6
EREZCANO,21073,2903,6
EPUMER,2555,6443,6
ENSENADA,3224,1925,6
ENRIQUE LAVALLE,3194,6467,6
ENRIQUE FYNN,3789,1741,6
ENERGIA,4161,7641,6
ENCINA,2982,6077,6
EMPALME QUERANDIES,4232,7401,6
EMPALME PIEDRA ECHADA,4423,8117,6
EMPALME MAGDALENA,3917,1913,6
EMPALME LOBOS,3865,7249,6
EMPALME CERRO CHATO,4791,7000,6
EMPALME,4390,1633,6
EMMA,2652,7263,6
EMITA,2594,6634,6
EMILIO LAMARCA,3023,8505,6
EMILIO BUNGE,3634,6241,6
EMILIO AYERZA,18269,6628,6
EMILIANO REYNOSO,4622,7260,6
ELVIRA,3864,7243,6
ELORDI,3633,6242,6
ELIAS ROMERO,4092,1727,6
EL ZORRO,3140,8151,6
EL VOLANTE,2786,7620,6
ESCUELA AGRICOLA RURAL,4073,7174,6
EL VIGILANTE,4072,7174,6
ESCUELA AGRICOLA SALESIANA,3516,6003,6
ESPADAÑA,3569,7163,6
ESTANCIA SAN RAFAEL,3075,7130,6
ESTANCIA SAN CLAUDIO,2964,6537,6
ESTANCIA SAN ANTONIO,3820,6075,6
ESTANCIA MITIKILI,3819,6075,6
ESTANCIA LAS ISLETAS,18426,8148,6
ESTANCIA LAS GAMAS,3112,2723,6
ESTANCIA CHAPAR,2830,7020,6
ESTACION PROVINCIAL,2509,6501,6
ESTACION MORENO,3740,1901,6
ESTACION LINCOLN,3818,6070,6
ESTACION LAZZARINO,2689,7300,6
ESTACION LAGO EPECUEN,2556,6431,6
ESTACION GOMEZ,3739,1903,6
ESTACION GENERAL ARENALES,3518,6005,6
ESTACION CORONEL PRINGLES,3161,7536,6
ESTACION CAIOMUTA,4637,6339,6
ESTACION BARROW,4882,7500,6
ESTACION BARADERO,2804,2942,6
ESTACION ASCENSION,3517,6003,6
ESTABLECIMIENTO SAN MIGUEL,4391,1629,6
EST SAN FRANCISCO BELLOQ,4883,7505,6
EST JAUREGUI VA FLANDRIA,3892,6706,6
ESQUINA DE CROTTO,4834,7100,6
ESPORA,2744,8107,6
ESPORA,4657,6601,6
ESPIGAS,4233,6561,6
ESPARTILLAR,4611,8171,6
ESPARTILLAR,18265,7135,6
ESPARTILLAR,3596,1987,6
ESCUELA AGRICOLA SALESIANA,2472,6509,6
EL VERANO,2785,7620,6
EL VENCE,4367,7116,6
EL TRIUNFO,3817,6073,6
EL PAMPERO,4770,1865,6
EL PALOMAR,16436,1684,6
EL NILO,3657,6437,6
EL NACIONAL,2814,2740,6
EL MORO,3843,7623,6
EL MIRADOR,4814,7305,6
EL MARQUESADO,2627,7607,6
EL MANGRULLO,4621,7260,6
EL LUCHADOR,2829,7313,6
EL LUCERO,18276,7513,6
EL LIBERTADOR,16485,1657,6
EL LENGUARAZ,3842,7635,6
EL JUPITER,4526,2916,6
EL JUNCO,2784,7620,6
EL JAGUEL,4574,2707,6
EL JAGUEL,5051,1842,6
EL JABALI,2507,6531,6
EL HERVIDERO,2783,7007,6
EL GUALICHO,3777,7200,6
EL GAVILAN,27866,7530,6
EL GALLO,4790,7000,6
EL FENIX,2921,2804,6
EL EUCALIPTUS,3073,7130,6
EL ESPINILLO,4745,2946,6
EL DURAZNO,3788,1735,6
EL DORADO,3804,6031,6
EL DIVISORIO,3159,7531,6
EL DIA,3632,6241,6
EL DESTINO,3072,7116,6
EL PARAISO,4527,2916,6
EL PARAISO,4949,8144,6
EL PARCHE,2651,7263,6
EL PARQUE,2554,6341,6
EL TRIO,4977,6467,6
EL TRIGO,3778,7207,6
EL TRIANGULO,4881,7500,6
EL TREBAÑON,3658,6437,6
EL TEJAR,2508,6515,6
EL TATU,4988,2801,6
EL TALAR,16535,1617,6
EL TABARE,27926,7263,6
EL SOLDADO,4486,7600,6
EL SOCORRO,4318,2715,6
EL SILENCIO,2803,2752,6
EL SIASGO,3530,7223,6
EL SAUCE,4815,7303,6
EL SANTIAGO,4273,6463,6
ESTANCIA VIEJA,3597,7225,6
EL ROSARIO,3916,1921,6
EL RINCON,3074,7130,6
EL RETIRO,4918,6017,6
EL RETIRO,4644,2741,6
EL REFUGIO,4071,7612,6
EL RECADO,4272,6474,6
EL QUEMADO,4317,2751,6
EL PORVENIR,2862,6550,6
EL PITO,4160,7641,6
EL PITO,2628,7607,6
EL PINO,3915,1907,6
EL PEREGRINO,3607,6053,6
EL PERDIDO EST JOSE GUISASOLA,3143,8156,6
EL PENSAMIENTO,3160,7531,6
EL PELADO,3111,2720,6
EL RINCON,4950,8146,6
KILOMETRO 116,4144,6605,6
HARAS SAN IGNACIO,3077,7136,6
KILOMETRO 125,18308,6600,6
LA SUIZA,3615,6050,6
LA TABLADA,16510,1766,6
LA TABLADA,3550,7163,6
LA TALINA,3923,1921,6
LA TIGRA,4888,7500,6
LA TOBIANA,4076,7174,6
LA TOMASA,4245,7403,6
LA TORRECITA,2866,6553,6
LA TRIBU,4922,6015,6
LA TRIBU,2480,6660,6
LA TRINIDAD,3526,6003,6
LA SORTIJA,4887,7517,6
LA UNION,16468,1804,6
LA VALEROSA,4111,6601,6
LA VANGUARDIA,4332,2715,6
LA VASCONGADA,4434,8181,6
LA VERDE,4112,6601,6
LA VERDE,27784,7214,6
LA VERDE,3538,7223,6
LA VICTORIA,3551,7109,6
LA VICTORIA,4376,7225,6
LA VICTORIA DESVIO,4149,6627,6
LA VIOLETA,4333,2751,6
LA VIRGINIA,3125,8115,6
LA UNION,27787,7160,6
LA SOMBRA,4433,8136,6
LA SOFIA,2968,6535,6
LA SOBERANA,3148,8154,6
LA PRIMAVERA,3922,1921,6
LA PRIMAVERA,3176,7543,6
LA PRIMITIVA,4167,7630,6
LA PROTECCION,3213,7112,6
LA PROTEGIDA,4243,6561,6
LA PROTEGIDA,2696,7311,6
LA PROVIDENCIA,4244,7403,6
LA QUERENCIA,4530,2912,6
LA RABIA,2478,6667,6
LA RAZON,4630,7260,6
LA REFORMA,4375,7110,6
LA REFORMA,3084,7130,6
LA REFORMA,4598,7245,6
LA REFORMA,2635,7603,6
LA REJA,16528,1744,6
LA RESERVA,3164,7536,6
LA RICA,3104,6623,6
LA RINCONADA,4599,7245,6
LA ROSADA,3488,2812,6
LA ROSALIA,4432,8187,6
LA SARA,4776,6612,6
LA SARA,2791,7621,6
LA SARITA,4331,2751,6
LA SAUDADE,4613,8174,6
LA SIRENA,3147,8150,6
LA VIRUTA,27935,1917,6
LA PRADERA,3827,6453,6
LA VITICOLA,2753,8122,6
LA ZANJA,4863,6400,6
LAS CHACRAS,3871,7241,6
LAS CHILCAS,4378,7116,6
LAS CHILCAS,4077,7174,6
LAS CORTADERAS,2698,7300,6
LAS CORTADERAS,3030,8504,6
LAS CUATRO HERMANAS,3667,6437,6
LAS CUATRO PUERTAS,4649,2741,6
LAS ESCOBAS,4962,8134,6
LAS FLORES,4753,2930,6
LAS FLORES,3782,7200,6
LAS GUASQUITAS,4865,6400,6
LAS BRUSCAS,3085,7130,6
LAS HERMANAS,3768,7412,6
LAS JUANITAS,4282,6476,6
LAS LOMAS,2636,7603,6
LAS MALVINAS,25775,1748,6
LAS MARIANAS,4150,6607,6
LAS MARTINETAS,3755,7406,6
LAS MERCEDES,3668,6437,6
LAS MOSTAZAS,3166,7530,6
LAS MULAS,3086,7130,6
LAS NEGRAS,2520,6507,6
LAS NIEVES,2699,7316,6
LAS NUTRIAS,3849,7623,6
LAS ISLETAS,4963,8148,6
LAS BANDURRIAS,3754,7406,6
LAS BAHAMAS,4531,2916,6
LAS ARMAS,3945,7172,6
LA ZARATEÑA,3828,6077,6
LABARDEN,3541,7161,6
LAGO EPECUEN,2563,6431,6
LAGUNA ALSINA,3665,6439,6
LAGUNA BRAVA,2792,7620,6
LAGUNA CHASICO,4961,8134,6
LAGUNA DE GOMEZ,3692,6001,6
LAGUNA DE LOBOS,3870,7240,6
LAGUNA DE LOS PADRES,4492,7601,6
LAGUNA DEL CURA,2519,6501,6
LAGUNA DEL MONTE,3666,6435,6
LAGUNA DEL SOLDADO,4493,7600,6
LAGUNA LAS MULITAS,2481,6660,6
LAGUNA MEDINA,2697,7214,6
LAGUNA REDONDA,4864,6400,6
LAGUNA SAUCE GRANDE,3155,8150,6
LANGUEYU,2670,7151,6
LANUS ESTE,27911,1824,6
LANUS OESTE,16381,1824,6
LAPLACETTE,3693,6013,6
LAPRIDA,3767,7414,6
LARRAMENDY,4281,6451,6
LARREA,2596,6634,6
LARTIGAU,3165,7531,6
LAS ACHIRAS,4377,7116,6
LA YESCA,2518,6513,6
LAS OSCURAS,3149,8115,6
LA POSTA,27851,7153,6
LA POSADA,2904,1980,6
LA ESPERANZA,2789,7007,6
LA ESPERANZA,3537,7223,6
LA ESPERANZA GRAL MADARIAGA,3579,7163,6
LA ESPERANZA ROSAS LAS FLORES,3780,7205,6
LA ESTRELLA,3211,7100,6
LA ESTRELLA,4239,7403,6
LA EVA,4430,8136,6
LA FELICIANA,4685,7503,6
LA FLORIDA,4662,6720,6
LA FLORIDA,4370,7116,6
LA FLORIDA,2561,8185,6
LA ESPERANZA,4529,2915,6
LA FRATERNIDAD,25774,1748,6
LA GAVIOTA,4686,7521,6
LA GLEVA,4959,8134,6
LA GLORIA,2477,6665,6
LA GRACIELITA,3238,1623,6
LA GREGORIA,3662,6437,6
LA HERMINIA,3663,6437,6
LA HIGUERA,2989,6475,6
LA HORQUETA,2923,2805,6
LA HORQUETA,3082,7130,6
LA HORQUETA,4886,7500,6
LA HUAYQUERIA,3524,6005,6
LA GARITA,2937,1814,6
LA ELMA,2632,7603,6
LA DULCE,4165,7637,6
LA DORMILONA,3103,6628,6
LA CARRETA,4860,6471,6
LA CAUTIVA,4561,6403,6
LA CELIA,4958,8144,6
LA CELINA,4428,8136,6
LA CENTRAL,3003,6725,6
LA CHOZA,3793,1737,6
LA CHUMBEADA,3536,7223,6
LA CHUMBEADA,2693,7316,6
LA COLINA,3753,7408,6
LA COLMENA,2631,7603,6
LA COLORADA,3944,7119,6
LA COLORADA,2694,7300,6
LA COLORADA CHICA,4429,8126,6
LA CONSTANCIA,2669,7153,6
LA COPETA,3196,7545,6
LA CORA,4329,2700,6
LA CORINA,18260,7114,6
LA CORINCO,3045,7114,6
LA COSTA,2936,1814,6
LA COSTA,3046,7114,6
LA COTORRA,4280,6461,6
LA DELFINA,4921,6017,6
LA DELIA,2815,2740,6
LA DESPIERTA,4369,7116,6
LA DORITA,2967,6538,6
LA INVENCIBLE,4648,2745,6
LA POSTA,3212,7112,6
LA ISABEL,4816,7112,6
LA LARGA NUEVA,4371,7116,6
LA NORIA,2938,1814,6
LA NUMANCIA,4798,7000,6
LA NUTRIA,2834,7313,6
LA ORIENTAL,3691,6022,6
LA PALA,2562,6341,6
LA PALMA,3847,7007,6
LA PALMIRA,4242,7403,6
LA PAMPA,2656,7263,6
LA PARA,2790,7620,6
LA PASTORA,4799,7001,6
LA PASTORA,18352,7500,6
LA NIÑA,2517,6513,6
LA PAZ,4596,7245,6
LA PEREGRINA,4491,7601,6
LA PERLA,2865,6550,6
LA PESQUERIA,4991,2800,6
LA PIEDRA,4374,7116,6
LA PINTA,3525,6007,6
LA PLATA,26324,1900,6
LA PLAYA,3848,7631,6
LA POCHOLA,4431,8124,6
LA PORTEÑA,4862,6407,6
LA PORTEÑA,3781,7207,6
LA PORTEÑA,3869,7241,6
LA PAZ CHICA,4597,7247,6
LA NEVADA,3664,7545,6
LA NELIDA,2816,2740,6
LA NEGRA,4166,7005,6
LA LATA,3487,2812,6
LA LEONOR,27660,1814,6
LA LIMPIA,2882,6645,6
LA LOMA,3893,6700,6
LA LUCIA,2633,7603,6
LA LUCILA,21725,1636,6
LA LUCILA DEL MAR,3548,7113,6
LA LUISA,2953,2752,6
LA LUNA,3146,8150,6
LA LUZ,4372,7225,6
LA MADRECITA,2634,7603,6
LA MANTEQUERIA,2695,7300,6
LA MANUELA,3198,6439,6
LA MARGARITA,4330,2715,6
LA MARGARITA,4861,6471,6
LA MARGARITA,4629,7260,6
LA MARIA,2883,6640,6
LA MARTINA,3124,8109,6
LA MASCOTA,3549,7119,6
LA MASCOTA,4373,7225,6
LA MASCOTA,4960,8134,6
LA MATILDE,4752,2931,6
LA NACION,4580,2707,6
LA NARCISA,4240,7403,6
LA NAVARRA,4241,7400,6
LA LARGA,3197,6555,6
LA CARLOTA,3102,6628,6
LAS PAJAS,27782,7150,6
LAS PARVAS,3694,6022,6
MARTIN FIERRO,2701,7311,6
MARTINEZ,4698,1640,6
MARUCHA,2992,6451,6
MASUREL,3202,6438,6
MATHEU,3241,1627,6
MAURAS,3203,6555,6
MAURICIO HIRSCH,2969,6531,6
MAXIMO FERNANDEZ,2884,6645,6
MAXIMO PAZ,2940,1812,6
MAYOR BURATOVICH,4964,8146,6
MAYOR JOSE ORELLANO,3617,6053,6
MARTIN FIERRO,4868,6400,6
MECHA,2885,6648,6
MECHONGUE,2640,7605,6
MEDALAND,3583,7169,6
MEDANO BLANCO,4169,7630,6
MEDANOS,4965,8132,6
MELCHOR ROMERO,3744,1903,6
MEMBRILLAR,3057,6748,6
MERCEDES,27535,6600,6
MERIDIANO VO,4562,6239,6
MERLO,16572,1722,6
MICAELA CASCALLARES,4891,7507,6
MINISTRO RIVADAVIA,26312,1852,6
MECHITA,2886,6648,6
MARTIN CORONADO,16488,1682,6
MARTIN BERRAONDO,2484,6667,6
MARISCAL SUCRE,3896,6708,6
MAR DE AJO,3553,7109,6
MAR DE COBO,18279,7609,6
MAR DE LAS PAMPAS,3582,7165,6
MAR DEL PLATA,20900,7600,6
MAR DEL SUD,2639,7607,6
MAR DEL TUYU,3554,7108,6
MARCELINO UGARTE,4650,2741,6
MARCOS PAZ,27527,1727,6
MARCOS PAZ B BERNASCONI,4096,1727,6
MARCOS PAZ B EL MARTILLO,4097,1727,6
MARCOS PAZ B EL MORO,4098,1727,6
MARCOS PAZ B EL ZORZAL,4099,1727,6
MARCOS PAZ B LA LONJA,4100,1727,6
MARCOS PAZ B LA MILAGROSA,4101,1727,6
MARCOS PAZ B MARTIN FIERRO,4102,1727,6
MARCOS PAZ B URIOSTE,4103,1727,6
MARI LAUQUEN,4867,6400,6
MARIA IGNACIA,4801,7003,6
MARIA LUCILA,4980,6467,6
MARIA P MORENO,4298,6337,6
MARIANO ACOSTA,16571,1723,6
MARIANO BENITEZ,4342,2701,6
MARIANO H ALFONZO,4341,2718,6
MARIANO ROLDAN,2836,7517,6
MARIANO UNZUE,2871,6551,6
MIRA PAMPA,4563,6403,6
MAR CHIQUITA,4078,7174,6
MIRAMAR,2641,7607,6
MIRANDA,4547,7201,6
NECOCHEA,21493,7630,6
NECOL ESTACION FCGM,2993,6077,6
NEWTON,3539,7223,6
NICANOR OLIVERA,4171,7637,6
NICOLAS DESCALZI,3150,8151,6
NICOLAS LEVALLE,4967,8134,6
NIEVES,2703,7316,6
NORBERTO DE LA RIESTRA,2485,6663,6
NORDELTA,27602,1670,6
NORUMBEGA,2524,6501,6
NUEVA ATLANTIS,3555,7113,6
NAVARRO,4152,6605,6
NUEVA ESPAÑA,2868,6553,6
NUEVA PLATA,4285,6451,6
NUEVA ROMA,4846,8117,6
NUEVA SUIZA,2662,6077,6
O HIGGINS,3058,6748,6
OCHANDIO,4689,7521,6
OLASCOAGA,2887,6652,6
OLAVARRIA,4250,7400,6
OLIDEN,2905,1981,6
OLIVEIRA CESAR,4754,2931,6
OLIVERA,3897,6608,6
OLIVOS,21727,1636,6
NUEVA HERMOSURA,3745,1907,6
NAPALEOFU,2796,7007,6
NAHUEL RUCA,4079,7613,6
MUTTI,4343,2909,6
MOCTEZUMA,2970,6531,6
MOLINO GALILEO,2837,7020,6
MOLL,4151,6627,6
MONASTERIO,3090,7136,6
MONES CAZON,4284,6469,6
MONROE,4651,2743,6
MONSALVO,3947,7119,6
MONTE CHINGOLO,3764,1825,6
MONTE CRESPO,2838,7020,6
MONTE FIORE,2568,8185,6
MONTE GRANDE,16377,1842,6
MONTE HERMOSO,4126,8153,6
MONTE VELOZ,3928,1917,6
MONTECARLO,3584,7167,6
MONTES DE OCA,4966,8136,6
MOORES,3640,6230,6
MOREA,2522,6507,6
MORENO,16529,1744,6
MORON,16438,1708,6
MORSE,3695,6013,6
MOURAS,3204,6471,6
MULCAHY,2523,6501,6
MUÑIZ,16524,1663,6
MUÑOZ,4249,7404,6
MUNRO,21726,1605,6
MIRAMONTE,2702,7214,6
LAS PALMAS,4992,2806,6
MAR AZUL,3581,7165,6
MAPIS,4248,6557,6
LISANDRO OLMOS ETCHEVERRY,3741,1901,6
LLAVALLOL,16449,1836,6
LOBERIA,3851,7635,6
LOBOS,3872,7240,6
LOMA DE SALOMON,3215,7100,6
LOMA DEL INDIO,4687,7521,6
LOMA HERMOSA,16487,1657,6
LOMA NEGRA,4544,7203,6
LOMA NEGRA,4247,7403,6
LOMA PARTIDA,4545,7203,6
LOMA VERDE,3239,1625,6
LINCOLN,3830,6070,6
LOMA VERDE,3599,1981,6
LOMAS DEL MIRADOR,16505,1752,6
LOMAS DEL RIO LUJAN,2925,2802,6
LONGCHAMPS,26310,1854,6
LOPEZ,2835,7021,6
LOPEZ LECUBE,4435,8117,6
LOPEZ MOLINARI,4335,2718,6
LOS ALTOS,3831,6075,6
LOS ANGELES,3056,2743,6
LOS AROMOS,2939,1816,6
LOS BOSQUES,4923,6018,6
LOS CALDENES,3638,6242,6
LOMAS DE ZAMORA,16450,1832,6
LIN CALEL,4890,7505,6
LIMA,4993,2806,6
LIERRA ADJEMIRO,4334,2718,6
LAS PIEDRITAS,4246,7400,6
LAS PIEDRITAS,2637,7605,6
LAS ROSAS,2521,6533,6
LAS SALADAS,4581,2707,6
LAS SUIZAS,2793,7007,6
LAS SULTANAS,2671,7151,6
LAS TAHONAS,18484,1921,6
LAS TONINAS,3552,7106,6
LAS TORTUGAS,4379,7116,6
LAS TOSCAS,3829,6453,6
LAS TRES FLORES,3669,6437,6
LAS VAQUERIAS,4889,7500,6
LAS VIBORAS,3214,7100,6
LASTRA,3756,7406,6
LAZZARINO,2700,7300,6
LEANDRO N ALEM,3807,6032,6
LEGARISTI,3087,7130,6
LERTORA,4866,6400,6
LEUBUCO,2564,6338,6
LEZAMA,3088,7116,6
LEZICA Y TORREZURI,3894,6700,6
LIBANO,3757,7407,6
LIBERTAD,16570,1716,6
LIBRES DEL SUD,3089,7135,6
LICENCIADO MATIENZO,3850,7007,6
LOS CALLEJONES,3616,6062,6
MAQUINISTA F SAVIO,3240,1619,6
LOS CARDALES,3489,2814,6
LOS CERRILLOS,4718,7226,6
LUIS GUILLON,5052,1838,6
LUJAN,26316,6700,6
LUMB,4168,7639,6
LURO,3201,6439,6
MACEDO,3580,7169,6
MAGALLANES,4546,7151,6
MAGDALA,4283,6451,6
MAGDALENA,3927,1913,6
MAGUIRRE,4336,2718,6
MAIPU,3946,7160,6
MALABIA,2566,6443,6
LUIS CHICO,18485,1917,6
MALECON GARDELLA,3853,7631,6
MAMAGUITA,2483,6661,6
MANANTIALES,4337,2717,6
MANANTIALES GRANDES,4338,2700,6
MANUEL ALBERTI,4395,1667,6
MANUEL B GONNET,3743,1897,6
MANUEL JOSE GARCIA,4113,6608,6
MANUEL OCAMPO,4339,2713,6
MANZANARES,4396,1629,6
MANZO Y NIÑO,4340,2718,6
MANZONE,4397,1633,6
MAORI,3854,7633,6
MALVINAS ARGENTINAS,26311,1846,6
LUCAS MONTEVERDE,2482,6661,6
LOZANO,3795,1741,6
LOUGE,3200,7545,6
LOS CERROS,3852,7635,6
KILOMETRO 117,4145,6603,6
LOS CHUCAROS,27786,7263,6
LOS COLONIALES,3199,6555,6
LOS CUATRO CAMINOS,2657,7263,6
LOS EUCALIPTOS,4719,7220,6
LOS EUCALIPTUS CASCO URBANO,3742,1895,6
LOS GATOS,27927,7263,6
LOS GAUCHOS,2565,6343,6
LOS HUESOS,4924,6015,6
LOS INDIOS,4582,2709,6
LOS INDIOS,2991,6451,6
LOS LAURELES,3639,6230,6
LOS LEONES,4800,7000,6
LOS MERINOS,3600,1980,6
LOS MOLLES,4688,7503,6
LOS ORTIZ,4495,7601,6
LOS PATOS,2638,7603,6
LOS PINOS,3769,7412,6
LOS PINOS,2795,7623,6
LOS POLVORINES,16472,1613,6
LOS POZOS,3031,8512,6
LOS SANTOS VIEJOS,3925,1921,6
LOS TALAS,2859,1923,6
LOS TOLDOS,4925,6015,6
LOS CARDOS,2794,7620,6
LA CAMPANA,4628,7260,6
LOS CHAÑARES,2990,6475,6
LA BALLENA,4684,7521,6
LA ARGENTINA,4771,1865,6
LA ANGELITA,3523,6003,6
LA AMORILLA,3943,7119,6
LA AMISTAD,3080,7130,6
LA AMALIA,3079,7130,6
LA ALAMEDA,3078,7130,6
LA ADELAIDA,3868,7243,6
LA ADELA,2515,6533,6
KRABBE,3163,7530,6
KILOMETRO 95,3522,6031,6
KILOMETRO 92,3921,1911,6
KILOMETRO 90,4147,6605,6
KILOMETRO 9 SUD,2752,8101,6
KILOMETRO 88,2935,7221,6
KILOMETRO 88,4717,7220,6
LA ARMONIA,3195,6555,6
KILOMETRO 88,2922,2804,6
LA AURORA,2516,6513,6
LA AURORA,3145,8151,6
LA CALIFORNIA ARGENTINA,3055,6616,6
LA CALETA,18278,7609,6
LA CALERA,2833,7020,6
LA BUANA MOZA,4751,2930,6
LA BRAVA,2788,7620,6
LA BOLSA,4750,2933,6
LA BLANQUEADA,4148,7243,6
LA BLANCA,4957,8136,6
LA BEBA,4579,6003,6
LA BARRANCOSA,4627,7260,6
LA BALLENERA,2630,7605,6
LA BALANDRA,2858,1923,6
LA AZUCENA,4797,7005,6
LA AZOTEA GRANDE,3081,7130,6
LA AZOTEA,4796,7007,6
LA AURORA,4795,7009,6
KILOMETRO 88,3867,1815,6
LA ALCIRA,4368,7116,6
KILOMETRO 82,2903,1980,6
KILOMETRO 386,2987,6457,6
KILOMETRO 36,4578,2705,6
KILOMETRO 356,3826,6075,6
KILOMETRO 352,3825,6075,6
KILOMETRO 333,4238,7400,6
KILOMETRO 322,3824,6533,6
KILOMETRO 321,3823,6070,6
KILOMETRO 282,4920,6017,6
KILOMETRO 212,3210,7100,6
KILOMETRO 83,4146,6605,6
KILOMETRO 184,4749,2946,6
KILOMETRO 172,4748,2935,6
KILOMETRO 146,3535,7226,6
KILOMETRO 128,4716,7221,6
KILOMETRO 125,4661,6720,6
KILOMETRO 393,2988,6467,6
KILOMETRO 404,2832,7005,6
KILOMETRO 187,4647,2741,6
KILOMETRO 44,2901,1980,6
KILOMETRO 433,2692,7313,6
KILOMETRO 79,3792,1741,6
KILOMETRO 77,3791,1737,6
KILOMETRO 70,3598,1981,6
KILOMETRO 666,2751,8105,6
KILOMETRO 652,2750,8109,6
KILOMETRO 61,4394,1629,6
KILOMETRO 59,2934,1814,6
KILOMETRO 697,4956,8144,6
KILOMETRO 563,3144,8151,6
KILOMETRO 53,4094,1727,6
KILOMETRO 45,4093,1727,6
KILOMETRO 45,4393,1635,6
KILOMETRO 58,2902,1981,6
KILOMETRO 440,3846,7635,6
