Ciudad Autonoma de Buenos Aires,5001,0,2
Ciudad Autonoma de Buenos Aires,5001,1144,2
Ciudad Autonoma de Buenos Aires,5001,1145,2
Ciudad Autonoma de Buenos Aires,5001,1146,2
Ciudad Autonoma de Buenos Aires,5001,1147,2
Ciudad Autonoma de Buenos Aires,5001,1148,2
Ciudad Autonoma de Buenos Aires,5001,1149,2
Ciudad Autonoma de Buenos Aires,5001,1150,2
Ciudad Autonoma de Buenos Aires,5001,1151,2
Ciudad Autonoma de Buenos Aires,5001,1152,2
Ciudad Autonoma de Buenos Aires,5001,1153,2
Ciudad Autonoma de Buenos Aires,5001,1154,2
Ciudad Autonoma de Buenos Aires,5001,1143,2
Ciudad Autonoma de Buenos Aires,5001,1155,2
Ciudad Autonoma de Buenos Aires,5001,1157,2
Ciudad Autonoma de Buenos Aires,5001,1158,2
Ciudad Autonoma de Buenos Aires,5001,1159,2
Ciudad Autonoma de Buenos Aires,5001,1160,2
Ciudad Autonoma de Buenos Aires,5001,1161,2
Ciudad Autonoma de Buenos Aires,5001,1162,2
Ciudad Autonoma de Buenos Aires,5001,1163,2
Ciudad Autonoma de Buenos Aires,5001,1164,2
Ciudad Autonoma de Buenos Aires,5001,1165,2
Ciudad Autonoma de Buenos Aires,5001,1166,2
Ciudad Autonoma de Buenos Aires,5001,1167,2
Ciudad Autonoma de Buenos Aires,5001,1156,2
Ciudad Autonoma de Buenos Aires,5001,1142,2
Ciudad Autonoma de Buenos Aires,5001,1141,2
Ciudad Autonoma de Buenos Aires,5001,1140,2
Ciudad Autonoma de Buenos Aires,5001,1115,2
Ciudad Autonoma de Buenos Aires,5001,1116,2
Ciudad Autonoma de Buenos Aires,5001,1117,2
Ciudad Autonoma de Buenos Aires,5001,1118,2
Ciudad Autonoma de Buenos Aires,5001,1119,2
Ciudad Autonoma de Buenos Aires,5001,1120,2
Ciudad Autonoma de Buenos Aires,5001,1121,2
Ciudad Autonoma de Buenos Aires,5001,1122,2
Ciudad Autonoma de Buenos Aires,5001,1123,2
Ciudad Autonoma de Buenos Aires,5001,1124,2
Ciudad Autonoma de Buenos Aires,5001,1125,2
Ciudad Autonoma de Buenos Aires,5001,1126,2
Ciudad Autonoma de Buenos Aires,5001,1127,2
Ciudad Autonoma de Buenos Aires,5001,1128,2
Ciudad Autonoma de Buenos Aires,5001,1129,2
Ciudad Autonoma de Buenos Aires,5001,1130,2
Ciudad Autonoma de Buenos Aires,5001,1131,2
Ciudad Autonoma de Buenos Aires,5001,1132,2
Ciudad Autonoma de Buenos Aires,5001,1133,2
Ciudad Autonoma de Buenos Aires,5001,1134,2
Ciudad Autonoma de Buenos Aires,5001,1135,2
Ciudad Autonoma de Buenos Aires,5001,1136,2
Ciudad Autonoma de Buenos Aires,5001,1137,2
Ciudad Autonoma de Buenos Aires,5001,1138,2
Ciudad Autonoma de Buenos Aires,5001,1139,2
Ciudad Autonoma de Buenos Aires,5001,1168,2
Ciudad Autonoma de Buenos Aires,5001,1114,2
Ciudad Autonoma de Buenos Aires,5001,1169,2
Ciudad Autonoma de Buenos Aires,5001,1171,2
Ciudad Autonoma de Buenos Aires,5001,1201,2
Ciudad Autonoma de Buenos Aires,5001,1202,2
Ciudad Autonoma de Buenos Aires,5001,1203,2
Ciudad Autonoma de Buenos Aires,5001,1204,2
Ciudad Autonoma de Buenos Aires,5001,1205,2
Ciudad Autonoma de Buenos Aires,5001,1206,2
Ciudad Autonoma de Buenos Aires,5001,1207,2
Ciudad Autonoma de Buenos Aires,5001,1208,2
Ciudad Autonoma de Buenos Aires,5001,1209,2
Ciudad Autonoma de Buenos Aires,5001,1210,2
Ciudad Autonoma de Buenos Aires,5001,1211,2
Ciudad Autonoma de Buenos Aires,5001,1200,2
Ciudad Autonoma de Buenos Aires,5001,1212,2
Ciudad Autonoma de Buenos Aires,5001,1214,2
Ciudad Autonoma de Buenos Aires,5001,1215,2
Ciudad Autonoma de Buenos Aires,5001,1216,2
Ciudad Autonoma de Buenos Aires,5001,1217,2
Ciudad Autonoma de Buenos Aires,5001,1218,2
Ciudad Autonoma de Buenos Aires,5001,1219,2
Ciudad Autonoma de Buenos Aires,5001,1220,2
Ciudad Autonoma de Buenos Aires,5001,1221,2
Ciudad Autonoma de Buenos Aires,5001,1222,2
Ciudad Autonoma de Buenos Aires,5001,1223,2
Ciudad Autonoma de Buenos Aires,5001,1224,2
Ciudad Autonoma de Buenos Aires,5001,1213,2
Ciudad Autonoma de Buenos Aires,5001,1199,2
Ciudad Autonoma de Buenos Aires,5001,1198,2
Ciudad Autonoma de Buenos Aires,5001,1197,2
Ciudad Autonoma de Buenos Aires,5001,1172,2
Ciudad Autonoma de Buenos Aires,5001,1173,2
Ciudad Autonoma de Buenos Aires,5001,1174,2
Ciudad Autonoma de Buenos Aires,5001,1175,2
Ciudad Autonoma de Buenos Aires,5001,1176,2
Ciudad Autonoma de Buenos Aires,5001,1177,2
Ciudad Autonoma de Buenos Aires,5001,1178,2
Ciudad Autonoma de Buenos Aires,5001,1179,2
Ciudad Autonoma de Buenos Aires,5001,1180,2
Ciudad Autonoma de Buenos Aires,5001,1181,2
Ciudad Autonoma de Buenos Aires,5001,1182,2
Ciudad Autonoma de Buenos Aires,5001,1183,2
Ciudad Autonoma de Buenos Aires,5001,1184,2
Ciudad Autonoma de Buenos Aires,5001,1185,2
Ciudad Autonoma de Buenos Aires,5001,1186,2
Ciudad Autonoma de Buenos Aires,5001,1187,2
Ciudad Autonoma de Buenos Aires,5001,1188,2
Ciudad Autonoma de Buenos Aires,5001,1189,2
Ciudad Autonoma de Buenos Aires,5001,1190,2
Ciudad Autonoma de Buenos Aires,5001,1191,2
Ciudad Autonoma de Buenos Aires,5001,1192,2
Ciudad Autonoma de Buenos Aires,5001,1193,2
Ciudad Autonoma de Buenos Aires,5001,1194,2
Ciudad Autonoma de Buenos Aires,5001,1195,2
Ciudad Autonoma de Buenos Aires,5001,1196,2
Ciudad Autonoma de Buenos Aires,5001,1170,2
Ciudad Autonoma de Buenos Aires,5001,1225,2
Ciudad Autonoma de Buenos Aires,5001,1113,2
Ciudad Autonoma de Buenos Aires,5001,1111,2
Ciudad Autonoma de Buenos Aires,5001,1030,2
Ciudad Autonoma de Buenos Aires,5001,1031,2
Ciudad Autonoma de Buenos Aires,5001,1032,2
Ciudad Autonoma de Buenos Aires,5001,1033,2
Ciudad Autonoma de Buenos Aires,5001,1034,2
Ciudad Autonoma de Buenos Aires,5001,1035,2
Ciudad Autonoma de Buenos Aires,5001,1036,2
Ciudad Autonoma de Buenos Aires,5001,1037,2
Ciudad Autonoma de Buenos Aires,5001,1038,2
Ciudad Autonoma de Buenos Aires,5001,1039,2
Ciudad Autonoma de Buenos Aires,5001,1040,2
Ciudad Autonoma de Buenos Aires,5001,1029,2
Ciudad Autonoma de Buenos Aires,5001,1041,2
Ciudad Autonoma de Buenos Aires,5001,1043,2
Ciudad Autonoma de Buenos Aires,5001,1044,2
Ciudad Autonoma de Buenos Aires,5001,1045,2
Ciudad Autonoma de Buenos Aires,5001,1046,2
Ciudad Autonoma de Buenos Aires,5001,1047,2
Ciudad Autonoma de Buenos Aires,5001,1048,2
Ciudad Autonoma de Buenos Aires,5001,1049,2
Ciudad Autonoma de Buenos Aires,5001,1050,2
Ciudad Autonoma de Buenos Aires,5001,1051,2
Ciudad Autonoma de Buenos Aires,5001,1052,2
Ciudad Autonoma de Buenos Aires,5001,1053,2
Ciudad Autonoma de Buenos Aires,5001,1042,2
Ciudad Autonoma de Buenos Aires,5001,1028,2
Ciudad Autonoma de Buenos Aires,5001,1027,2
Ciudad Autonoma de Buenos Aires,5001,1026,2
Ciudad Autonoma de Buenos Aires,5001,1001,2
Ciudad Autonoma de Buenos Aires,5001,1002,2
Ciudad Autonoma de Buenos Aires,5001,1003,2
Ciudad Autonoma de Buenos Aires,5001,1004,2
Ciudad Autonoma de Buenos Aires,5001,1005,2
Ciudad Autonoma de Buenos Aires,5001,1006,2
Ciudad Autonoma de Buenos Aires,5001,1007,2
Ciudad Autonoma de Buenos Aires,5001,1008,2
Ciudad Autonoma de Buenos Aires,5001,1009,2
Ciudad Autonoma de Buenos Aires,5001,1010,2
Ciudad Autonoma de Buenos Aires,5001,1011,2
Ciudad Autonoma de Buenos Aires,5001,1012,2
Ciudad Autonoma de Buenos Aires,5001,1013,2
Ciudad Autonoma de Buenos Aires,5001,1014,2
Ciudad Autonoma de Buenos Aires,5001,1015,2
Ciudad Autonoma de Buenos Aires,5001,1016,2
Ciudad Autonoma de Buenos Aires,5001,1017,2
Ciudad Autonoma de Buenos Aires,5001,1018,2
Ciudad Autonoma de Buenos Aires,5001,1019,2
Ciudad Autonoma de Buenos Aires,5001,1020,2
Ciudad Autonoma de Buenos Aires,5001,1021,2
Ciudad Autonoma de Buenos Aires,5001,1022,2
Ciudad Autonoma de Buenos Aires,5001,1023,2
Ciudad Autonoma de Buenos Aires,5001,1024,2
Ciudad Autonoma de Buenos Aires,5001,1025,2
Ciudad Autonoma de Buenos Aires,5001,1054,2
Ciudad Autonoma de Buenos Aires,5001,1112,2
Ciudad Autonoma de Buenos Aires,5001,1055,2
Ciudad Autonoma de Buenos Aires,5001,1057,2
Ciudad Autonoma de Buenos Aires,5001,1087,2
Ciudad Autonoma de Buenos Aires,5001,1088,2
Ciudad Autonoma de Buenos Aires,5001,1089,2
Ciudad Autonoma de Buenos Aires,5001,1090,2
Ciudad Autonoma de Buenos Aires,5001,1091,2
Ciudad Autonoma de Buenos Aires,5001,1092,2
Ciudad Autonoma de Buenos Aires,5001,1093,2
Ciudad Autonoma de Buenos Aires,5001,1094,2
Ciudad Autonoma de Buenos Aires,5001,1095,2
Ciudad Autonoma de Buenos Aires,5001,1096,2
Ciudad Autonoma de Buenos Aires,5001,1097,2
Ciudad Autonoma de Buenos Aires,5001,1086,2
Ciudad Autonoma de Buenos Aires,5001,1098,2
Ciudad Autonoma de Buenos Aires,5001,1100,2
Ciudad Autonoma de Buenos Aires,5001,1101,2
Ciudad Autonoma de Buenos Aires,5001,1102,2
Ciudad Autonoma de Buenos Aires,5001,1103,2
Ciudad Autonoma de Buenos Aires,5001,1104,2
Ciudad Autonoma de Buenos Aires,5001,1105,2
Ciudad Autonoma de Buenos Aires,5001,1106,2
Ciudad Autonoma de Buenos Aires,5001,1107,2
Ciudad Autonoma de Buenos Aires,5001,1108,2
Ciudad Autonoma de Buenos Aires,5001,1109,2
Ciudad Autonoma de Buenos Aires,5001,1110,2
Ciudad Autonoma de Buenos Aires,5001,1099,2
Ciudad Autonoma de Buenos Aires,5001,1085,2
Ciudad Autonoma de Buenos Aires,5001,1084,2
Ciudad Autonoma de Buenos Aires,5001,1083,2
Ciudad Autonoma de Buenos Aires,5001,1058,2
Ciudad Autonoma de Buenos Aires,5001,1059,2
Ciudad Autonoma de Buenos Aires,5001,1060,2
Ciudad Autonoma de Buenos Aires,5001,1061,2
Ciudad Autonoma de Buenos Aires,5001,1062,2
Ciudad Autonoma de Buenos Aires,5001,1063,2
Ciudad Autonoma de Buenos Aires,5001,1064,2
Ciudad Autonoma de Buenos Aires,5001,1065,2
Ciudad Autonoma de Buenos Aires,5001,1066,2
Ciudad Autonoma de Buenos Aires,5001,1067,2
Ciudad Autonoma de Buenos Aires,5001,1068,2
Ciudad Autonoma de Buenos Aires,5001,1069,2
Ciudad Autonoma de Buenos Aires,5001,1070,2
Ciudad Autonoma de Buenos Aires,5001,1071,2
Ciudad Autonoma de Buenos Aires,5001,1072,2
Ciudad Autonoma de Buenos Aires,5001,1073,2
Ciudad Autonoma de Buenos Aires,5001,1074,2
Ciudad Autonoma de Buenos Aires,5001,1075,2
Ciudad Autonoma de Buenos Aires,5001,1076,2
Ciudad Autonoma de Buenos Aires,5001,1077,2
Ciudad Autonoma de Buenos Aires,5001,1078,2
Ciudad Autonoma de Buenos Aires,5001,1079,2
Ciudad Autonoma de Buenos Aires,5001,1080,2
Ciudad Autonoma de Buenos Aires,5001,1081,2
Ciudad Autonoma de Buenos Aires,5001,1082,2
Ciudad Autonoma de Buenos Aires,5001,1056,2
Ciudad Autonoma de Buenos Aires,5001,1000,2
Ciudad Autonoma de Buenos Aires,5001,1226,2
Ciudad Autonoma de Buenos Aires,5001,1228,2
Ciudad Autonoma de Buenos Aires,5001,1372,2
Ciudad Autonoma de Buenos Aires,5001,1373,2
Ciudad Autonoma de Buenos Aires,5001,1374,2
Ciudad Autonoma de Buenos Aires,5001,1375,2
Ciudad Autonoma de Buenos Aires,5001,1376,2
Ciudad Autonoma de Buenos Aires,5001,1377,2
Ciudad Autonoma de Buenos Aires,5001,1378,2
Ciudad Autonoma de Buenos Aires,5001,1379,2
Ciudad Autonoma de Buenos Aires,5001,1380,2
Ciudad Autonoma de Buenos Aires,5001,1381,2
Ciudad Autonoma de Buenos Aires,5001,1382,2
Ciudad Autonoma de Buenos Aires,5001,1371,2
Ciudad Autonoma de Buenos Aires,5001,1383,2
Ciudad Autonoma de Buenos Aires,5001,1385,2
Ciudad Autonoma de Buenos Aires,5001,1386,2
Ciudad Autonoma de Buenos Aires,5001,1387,2
Ciudad Autonoma de Buenos Aires,5001,1388,2
Ciudad Autonoma de Buenos Aires,5001,1389,2
Ciudad Autonoma de Buenos Aires,5001,1390,2
Ciudad Autonoma de Buenos Aires,5001,1391,2
Ciudad Autonoma de Buenos Aires,5001,1392,2
Ciudad Autonoma de Buenos Aires,5001,1393,2
Ciudad Autonoma de Buenos Aires,5001,1394,2
Ciudad Autonoma de Buenos Aires,5001,1395,2
Ciudad Autonoma de Buenos Aires,5001,1384,2
Ciudad Autonoma de Buenos Aires,5001,1370,2
Ciudad Autonoma de Buenos Aires,5001,1369,2
Ciudad Autonoma de Buenos Aires,5001,1368,2
Ciudad Autonoma de Buenos Aires,5001,1343,2
Ciudad Autonoma de Buenos Aires,5001,1344,2
Ciudad Autonoma de Buenos Aires,5001,1345,2
Ciudad Autonoma de Buenos Aires,5001,1346,2
Ciudad Autonoma de Buenos Aires,5001,1347,2
Ciudad Autonoma de Buenos Aires,5001,1348,2
Ciudad Autonoma de Buenos Aires,5001,1349,2
Ciudad Autonoma de Buenos Aires,5001,1350,2
Ciudad Autonoma de Buenos Aires,5001,1351,2
Ciudad Autonoma de Buenos Aires,5001,1352,2
Ciudad Autonoma de Buenos Aires,5001,1353,2
Ciudad Autonoma de Buenos Aires,5001,1354,2
Ciudad Autonoma de Buenos Aires,5001,1355,2
Ciudad Autonoma de Buenos Aires,5001,1356,2
Ciudad Autonoma de Buenos Aires,5001,1357,2
Ciudad Autonoma de Buenos Aires,5001,1358,2
Ciudad Autonoma de Buenos Aires,5001,1359,2
Ciudad Autonoma de Buenos Aires,5001,1360,2
Ciudad Autonoma de Buenos Aires,5001,1361,2
Ciudad Autonoma de Buenos Aires,5001,1362,2
Ciudad Autonoma de Buenos Aires,5001,1363,2
Ciudad Autonoma de Buenos Aires,5001,1364,2
Ciudad Autonoma de Buenos Aires,5001,1365,2
Ciudad Autonoma de Buenos Aires,5001,1366,2
Ciudad Autonoma de Buenos Aires,5001,1367,2
Ciudad Autonoma de Buenos Aires,5001,1396,2
Ciudad Autonoma de Buenos Aires,5001,1342,2
Ciudad Autonoma de Buenos Aires,5001,1397,2
Ciudad Autonoma de Buenos Aires,5001,1399,2
Ciudad Autonoma de Buenos Aires,5001,1429,2
Ciudad Autonoma de Buenos Aires,5001,1430,2
Ciudad Autonoma de Buenos Aires,5001,1431,2
Ciudad Autonoma de Buenos Aires,5001,1432,2
Ciudad Autonoma de Buenos Aires,5001,1433,2
Ciudad Autonoma de Buenos Aires,5001,1434,2
Ciudad Autonoma de Buenos Aires,5001,1435,2
Ciudad Autonoma de Buenos Aires,5001,1436,2
Ciudad Autonoma de Buenos Aires,5001,1437,2
Ciudad Autonoma de Buenos Aires,5001,1438,2
Ciudad Autonoma de Buenos Aires,5001,1439,2
Ciudad Autonoma de Buenos Aires,5001,1428,2
Ciudad Autonoma de Buenos Aires,5001,1440,2
Ciudad Autonoma de Buenos Aires,5001,1444,2
Ciudad Autonoma de Buenos Aires,5001,1454,2
Ciudad Autonoma de Buenos Aires,5001,1458,2
Ciudad Autonoma de Buenos Aires,5001,1459,2
Ciudad Autonoma de Buenos Aires,5001,1469,2
Ciudad Autonoma de Buenos Aires,5001,1486,2
Ciudad Autonoma de Buenos Aires,5001,1489,2
Ciudad Autonoma de Buenos Aires,5001,1502,2
Ciudad Autonoma de Buenos Aires,5001,1505,2
Ciudad Autonoma de Buenos Aires,5001,1540,2
Ciudad Autonoma de Buenos Aires,5001,1544,2
Ciudad Autonoma de Buenos Aires,5001,1443,2
Ciudad Autonoma de Buenos Aires,5001,1427,2
Ciudad Autonoma de Buenos Aires,5001,1426,2
Ciudad Autonoma de Buenos Aires,5001,1425,2
Ciudad Autonoma de Buenos Aires,5001,1400,2
Ciudad Autonoma de Buenos Aires,5001,1401,2
Ciudad Autonoma de Buenos Aires,5001,1402,2
Ciudad Autonoma de Buenos Aires,5001,1403,2
Ciudad Autonoma de Buenos Aires,5001,1404,2
Ciudad Autonoma de Buenos Aires,5001,1405,2
Ciudad Autonoma de Buenos Aires,5001,1406,2
Ciudad Autonoma de Buenos Aires,5001,1407,2
Ciudad Autonoma de Buenos Aires,5001,1408,2
Ciudad Autonoma de Buenos Aires,5001,1409,2
Ciudad Autonoma de Buenos Aires,5001,1410,2
Ciudad Autonoma de Buenos Aires,5001,1411,2
Ciudad Autonoma de Buenos Aires,5001,1412,2
Ciudad Autonoma de Buenos Aires,5001,1413,2
Ciudad Autonoma de Buenos Aires,5001,1414,2
Ciudad Autonoma de Buenos Aires,5001,1415,2
Ciudad Autonoma de Buenos Aires,5001,1416,2
Ciudad Autonoma de Buenos Aires,5001,1417,2
Ciudad Autonoma de Buenos Aires,5001,1418,2
Ciudad Autonoma de Buenos Aires,5001,1419,2
Ciudad Autonoma de Buenos Aires,5001,1420,2
Ciudad Autonoma de Buenos Aires,5001,1421,2
Ciudad Autonoma de Buenos Aires,5001,1422,2
Ciudad Autonoma de Buenos Aires,5001,1423,2
Ciudad Autonoma de Buenos Aires,5001,1424,2
Ciudad Autonoma de Buenos Aires,5001,1398,2
Ciudad Autonoma de Buenos Aires,5001,1227,2
Ciudad Autonoma de Buenos Aires,5001,1341,2
Ciudad Autonoma de Buenos Aires,5001,1339,2
Ciudad Autonoma de Buenos Aires,5001,1258,2
Ciudad Autonoma de Buenos Aires,5001,1259,2
Ciudad Autonoma de Buenos Aires,5001,1260,2
Ciudad Autonoma de Buenos Aires,5001,1261,2
Ciudad Autonoma de Buenos Aires,5001,1262,2
Ciudad Autonoma de Buenos Aires,5001,1263,2
Ciudad Autonoma de Buenos Aires,5001,1264,2
Ciudad Autonoma de Buenos Aires,5001,1265,2
Ciudad Autonoma de Buenos Aires,5001,1266,2
Ciudad Autonoma de Buenos Aires,5001,1267,2
Ciudad Autonoma de Buenos Aires,5001,1268,2
Ciudad Autonoma de Buenos Aires,5001,1257,2
Ciudad Autonoma de Buenos Aires,5001,1269,2
Ciudad Autonoma de Buenos Aires,5001,1271,2
Ciudad Autonoma de Buenos Aires,5001,1272,2
Ciudad Autonoma de Buenos Aires,5001,1273,2
Ciudad Autonoma de Buenos Aires,5001,1274,2
Ciudad Autonoma de Buenos Aires,5001,1275,2
Ciudad Autonoma de Buenos Aires,5001,1276,2
Ciudad Autonoma de Buenos Aires,5001,1277,2
Ciudad Autonoma de Buenos Aires,5001,1278,2
Ciudad Autonoma de Buenos Aires,5001,1279,2
Ciudad Autonoma de Buenos Aires,5001,1280,2
Ciudad Autonoma de Buenos Aires,5001,1281,2
Ciudad Autonoma de Buenos Aires,5001,1270,2
Ciudad Autonoma de Buenos Aires,5001,1256,2
Ciudad Autonoma de Buenos Aires,5001,1255,2
Ciudad Autonoma de Buenos Aires,5001,1254,2
Ciudad Autonoma de Buenos Aires,5001,1229,2
Ciudad Autonoma de Buenos Aires,5001,1230,2
Ciudad Autonoma de Buenos Aires,5001,1231,2
Ciudad Autonoma de Buenos Aires,5001,1232,2
Ciudad Autonoma de Buenos Aires,5001,1233,2
Ciudad Autonoma de Buenos Aires,5001,1234,2
Ciudad Autonoma de Buenos Aires,5001,1235,2
Ciudad Autonoma de Buenos Aires,5001,1236,2
Ciudad Autonoma de Buenos Aires,5001,1237,2
Ciudad Autonoma de Buenos Aires,5001,1238,2
Ciudad Autonoma de Buenos Aires,5001,1239,2
Ciudad Autonoma de Buenos Aires,5001,1240,2
Ciudad Autonoma de Buenos Aires,5001,1241,2
Ciudad Autonoma de Buenos Aires,5001,1242,2
Ciudad Autonoma de Buenos Aires,5001,1243,2
Ciudad Autonoma de Buenos Aires,5001,1244,2
Ciudad Autonoma de Buenos Aires,5001,1245,2
Ciudad Autonoma de Buenos Aires,5001,1246,2
Ciudad Autonoma de Buenos Aires,5001,1247,2
Ciudad Autonoma de Buenos Aires,5001,1248,2
Ciudad Autonoma de Buenos Aires,5001,1249,2
Ciudad Autonoma de Buenos Aires,5001,1250,2
Ciudad Autonoma de Buenos Aires,5001,1251,2
Ciudad Autonoma de Buenos Aires,5001,1252,2
Ciudad Autonoma de Buenos Aires,5001,1253,2
Ciudad Autonoma de Buenos Aires,5001,1282,2
Ciudad Autonoma de Buenos Aires,5001,1340,2
Ciudad Autonoma de Buenos Aires,5001,1283,2
Ciudad Autonoma de Buenos Aires,5001,1285,2
Ciudad Autonoma de Buenos Aires,5001,1315,2
Ciudad Autonoma de Buenos Aires,5001,1316,2
Ciudad Autonoma de Buenos Aires,5001,1317,2
Ciudad Autonoma de Buenos Aires,5001,1318,2
Ciudad Autonoma de Buenos Aires,5001,1319,2
Ciudad Autonoma de Buenos Aires,5001,1320,2
Ciudad Autonoma de Buenos Aires,5001,1321,2
Ciudad Autonoma de Buenos Aires,5001,1322,2
Ciudad Autonoma de Buenos Aires,5001,1323,2
Ciudad Autonoma de Buenos Aires,5001,1324,2
Ciudad Autonoma de Buenos Aires,5001,1325,2
Ciudad Autonoma de Buenos Aires,5001,1314,2
Ciudad Autonoma de Buenos Aires,5001,1326,2
Ciudad Autonoma de Buenos Aires,5001,1328,2
Ciudad Autonoma de Buenos Aires,5001,1329,2
Ciudad Autonoma de Buenos Aires,5001,1330,2
Ciudad Autonoma de Buenos Aires,5001,1331,2
Ciudad Autonoma de Buenos Aires,5001,1332,2
Ciudad Autonoma de Buenos Aires,5001,1333,2
Ciudad Autonoma de Buenos Aires,5001,1334,2
Ciudad Autonoma de Buenos Aires,5001,1335,2
Ciudad Autonoma de Buenos Aires,5001,1336,2
Ciudad Autonoma de Buenos Aires,5001,1337,2
Ciudad Autonoma de Buenos Aires,5001,1338,2
Ciudad Autonoma de Buenos Aires,5001,1327,2
Ciudad Autonoma de Buenos Aires,5001,1313,2
Ciudad Autonoma de Buenos Aires,5001,1312,2
Ciudad Autonoma de Buenos Aires,5001,1311,2
Ciudad Autonoma de Buenos Aires,5001,1286,2
Ciudad Autonoma de Buenos Aires,5001,1287,2
Ciudad Autonoma de Buenos Aires,5001,1288,2
Ciudad Autonoma de Buenos Aires,5001,1289,2
Ciudad Autonoma de Buenos Aires,5001,1290,2
Ciudad Autonoma de Buenos Aires,5001,1291,2
Ciudad Autonoma de Buenos Aires,5001,1292,2
Ciudad Autonoma de Buenos Aires,5001,1293,2
Ciudad Autonoma de Buenos Aires,5001,1294,2
Ciudad Autonoma de Buenos Aires,5001,1295,2
Ciudad Autonoma de Buenos Aires,5001,1296,2
Ciudad Autonoma de Buenos Aires,5001,1297,2
Ciudad Autonoma de Buenos Aires,5001,1298,2
Ciudad Autonoma de Buenos Aires,5001,1299,2
Ciudad Autonoma de Buenos Aires,5001,1300,2
Ciudad Autonoma de Buenos Aires,5001,1301,2
Ciudad Autonoma de Buenos Aires,5001,1302,2
Ciudad Autonoma de Buenos Aires,5001,1303,2
Ciudad Autonoma de Buenos Aires,5001,1304,2
Ciudad Autonoma de Buenos Aires,5001,1305,2
Ciudad Autonoma de Buenos Aires,5001,1306,2
Ciudad Autonoma de Buenos Aires,5001,1307,2
Ciudad Autonoma de Buenos Aires,5001,1308,2
Ciudad Autonoma de Buenos Aires,5001,1309,2
Ciudad Autonoma de Buenos Aires,5001,1310,2
Ciudad Autonoma de Buenos Aires,5001,1284,2
Ciudad Autonoma de Buenos Aires,5001,1587,2
Ciudad Autonoma de Buenos Aires,5001,1598,2
