ISLA IBATE,9958,3412,18
IBIRA PITA,19760,3470,18
IBIRAY,27714,3414,18
IBIRITANGAY,19501,3302,18
IFRAN,9938,3453,18
IGUATE PORA,17476,3423,18
INDEPENDENCIA,10073,3222,18
INFANTE,10200,3483,18
INGA,9813,3196,18
INVERNADA,20446,3454,18
IPACARAPA,20134,3485,18
ISABEL VICTORIA,9939,3453,18
ISLA ALTA,20149,3448,18
ISLA ALTA,9689,3449,18
ISLA APIPE CHICO,9974,3302,18
ISLA GRANDE,10279,3342,18
ISLA IBATAY,19999,3401,18
INGENIO PRIMER CORRENTINO,19998,3401,18
ISLA SAN MATEO,20207,3340,18
GUAY GRANDE,20206,3340,18
IBAVIYU,9755,3466,18
GARRIDO CUE,17344,3416,18
GARRUCHOS,10275,3351,18
ISLA SOLA,19361,3450,18
GDOR JUAN EUSEBIO TORRENT,20038,3403,18
GENERAL PAZ,19259,3407,18
GOBERNADOR JUAN E MARTINEZ,9996,3445,18
GOBERNADOR RUIZ,20205,3340,18
GOBERNADOR VIRASORO,10276,3342,18
IBERA,10278,3342,18
GOMEZ CUE,10277,3340,18
GRANJA AMELIA,19358,3450,18
GUAVIRAVI,10188,3232,18
GUAYCURU,17735,3465,18
GUAYQUIRARO,9812,3194,18
GUAYU,9957,3412,18
GUAZU CORA,19938,3420,18
HERLITZKA,10181,3403,18
IBAHAY,9908,3480,18
GOYA,9937,3450,18
ISLA TACUARA,17263,3481,18
KILOMETRO 151,19262,3405,18
ITA CORA,10037,3470,18
KILOMETRO 204,10112,3232,18
KILOMETRO 235,10113,3234,18
KILOMETRO 261,10040,3476,18
KILOMETRO 268,10114,3230,18
KILOMETRO 287 FCGU,19769,3470,18
KILOMETRO 296,19772,3470,18
KILOMETRO 31,20039,3403,18
KILOMETRO 374,10238,3446,18
KILOMETRO 182,10081,3224,18
KILOMETRO 382,20150,3448,18
KILOMETRO 393,9872,3344,18
KILOMETRO 394,9873,3344,18
KILOMETRO 396,9874,3344,18
KILOMETRO 402,17126,3448,18
KILOMETRO 405,9756,3460,18
KILOMETRO 406,10157,3420,18
GARRIDO,20037,3403,18
KILOMETRO 410,19653,3445,18
KILOMETRO 387,10239,3446,18
KILOMETRO 173,10080,3220,18
KILOMETRO 167,10079,3220,18
KILOMETRO 148,10077,3405,18
ITA CUA,20210,3340,18
ITA CURUBI,19363,3450,18
ITA IBATE,9909,3480,18
ITA PASO,27568,3483,18
ITA PUCU,10038,3470,18
ITATI,9959,3414,18
ITATI RINCON,10039,3470,18
ITUZAINGO,9975,3302,18
JARDIN FLORIDO,19940,3420,18
JESUS MARIA,9814,3196,18
JOSE RAFAEL GOMEZ,10269,3342,18
JUAN DIAZ,27712,3449,18
JUAN PUJOL,10074,3222,18
JUAN RAMON VIDAL,20000,3401,18
JUSTINO SOLARI,19764,3476,18
KILOMETRO 104,10075,3226,18
KILOMETRO 120,19820,3222,18
KILOMETRO 13,17347,3401,18
KILOMETRO 134,10076,3222,18
ISOQUI,27709,3346,18
GARCITAS,19498,3302,18
ESTANCIA LA CALERA,19754,3470,18
GALARZA CUE,10274,3340,18
ESTACION LIBERTAD,10071,3224,18
ESTACION SALADAS,10156,3428,18
ESTANCIA AGUACEROS,19746,3470,18
ESTANCIA BUENA VISTA,20197,3340,18
ESTANCIA CAFFERATTA,19039,3196,18
ESTANCIA CASURINA,20198,3340,18
ESTANCIA CERRO VERDE,19750,3470,18
ESTANCIA DEL MEDIO,20146,3474,18
ESTACION AGRONOMICA,17124,3432,18
ESTANCIA DURRUTI,20200,3340,18
ESTANCIA EL CARMEN,20318,3460,18
ESTANCIA EL CHAÑAR,17715,3460,18
ESTANCIA EL OMBU,20201,3340,18
ESTANCIA EL PORVENIR,20112,3231,18
ESTANCIA GONZALEZ CRUZ,19751,3470,18
ESTANCIA ITA CAABO,19753,3470,18
ESTANCIA LA ARBOLEDA,20111,3231,18
ESTANCIA LA CARMENCHA,17239,3481,18
ESTANCIA EL CARMEN,19041,3196,18
ESTABLECIMIENTO LA MERCED,9973,3358,18
EST SOLARI,19799,3476,18
ESQUIVEL CUE,20034,3403,18
KILOMETRO 416,19661,3445,18
EL TIGRE,20253,3463,18
EL TORO PI,17121,3432,18
EL TRANSITO,19356,3454,18
EL VASCO,20031,3403,18
EL YAPU,9807,3197,18
EL YUQUERI,17472,3423,18
EMILIO R CONI,9751,3465,18
EMPEDRADO,9776,3418,18
EMPEDRADO LIMPIO,19490,3302,18
EMPEDRADO LIMPIO,20033,3403,18
EMPEDRADO LIMPIO,18004,3418,18
ENSENADA GRANDE,19995,3412,18
ENSENADITA,19996,3412,18
ESFADAL,9869,3344,18
ESPERANZA,9752,3461,18
ESPINILLAR,9870,3344,18
ESPINILLO,9753,3460,18
ESQUINA,9808,3196,18
ESTANCIA LA CAROLINA,19898,3230,18
GARABATA,20035,3403,18
ESTANCIA LA LOMA,19119,3344,18
ESTANCIA LA MARIA,19755,3470,18
ESTANCIA SOLEDAD,20118,3231,18
ESTANCIA TUNAS,19759,3470,18
ESTE ARGENTINO,10072,3220,18
ESTERO GRANDE,9809,3197,18
ESTERO PIRU,20148,3474,18
ESTERO SAUCE,9810,3197,18
ESTERO YATAY,9811,3197,18
ESTINGANA,20119,3346,18
ESTANCIA SANTA MARIA,17475,3423,18
ESTRELLA,9754,3461,18
FELIPE YOFRE,10036,3472,18
FERNANDEZ,19256,3405,18
FERRET,20255,3463,18
FERRO,19647,3440,18
FLORIDA,19495,3302,18
FLORIDA,9871,3344,18
FRANCISCO GAUNA,19715,3427,18
FRONTERA,19257,3405,18
FANEGAS,19357,3454,18
ESTANCIA SANTA CRUZ,19758,3470,18
ESTANCIA SAN SOLANO,20117,3231,18
ESTANCIA SAN ROBERTO,17474,3423,18
ESTANCIA LAGUNA LIMPIA,19044,3196,18
ESTANCIA LAS MAGNOLIAS,19124,3344,18
ESTANCIA LAS SALINAS,10237,3474,18
ESTANCIA LAS TUNAS,19126,3344,18
ESTANCIA LOMATORA,19896,3230,18
ESTANCIA LOS MILAGROS,20114,3231,18
ESTANCIA LOS PARAISOS,17728,3460,18
ESTANCIA MANDURE,19756,3470,18
ESTANCIA MARQUEZ LUI,19050,3196,18
ESTANCIA MBOTA,17251,3481,18
ESTANCIA POZO CUADRADO,20115,3231,18
ESTANCIA RINCON GRANDE,20254,3463,18
ESTANCIA ROSARIO,19757,3470,18
ESTANCIA SAN ANTONIO,17259,3481,18
ESTANCIA SAN JAVIER,19492,3302,18
ESTANCIA SAN JUAN,20116,3231,18
ESTANCIA SAN JULIO,17730,3460,18
ESTANCIA SAN MATEO,20202,3340,18
ESTANCIA SAN MIGUEL,20203,3340,18
ESTANCIA LA LOMA ALTA,20113,3231,18
KILOMETRO 42,20040,3403,18
LA PASTORIL,19672,3440,18
KILOMETRO 442,10280,3340,18
LAGUNA SIRENA,19676,3445,18
LAGUNA SOTO,17352,3401,18
LAPACHO,10203,3483,18
LAS ANIMAS,19518,3302,18
LAS CUCHILLAS,9823,3463,18
LAS DELICIAS,19521,3302,18
LAS ELINAS,10046,3472,18
LAS GARZAS,17128,3432,18
LAGUNA PUCU,19378,3450,18
LAS LAGUNAS,20157,3446,18
LAS MATRERAS,20158,3445,18
LAS MERCEDES,19147,3344,18
LAS PALMAS,19149,3344,18
LAS PALMIRAS,19162,3344,18
LAS PALMITAS,19152,3344,18
LAS PALMITAS,20054,3403,18
LAS RATAS,10288,3342,18
LAS ROSAS,10047,3472,18
LAS LOMAS,17768,3461,18
LAS TAPERAS,20266,3463,18
LAGUNA PAIVA,17351,3401,18
LAGUNA AVALOS,20156,3448,18
LA MOROCHA,9820,3196,18
LA NENA,9821,3197,18
LA PACHINA,10202,3483,18
LA PALMA,10084,3224,18
LA PALMERA,9822,3197,18
LA PALMIRA,19452,3414,18
LA PARADA,19269,3405,18
LA PEPITA,17479,3423,18
LAGUNA BRAVA,9704,3401,18
LA PORTEÑA,20264,3463,18
LA PUPII,9976,3358,18
LA QUERENCIA,19942,3420,18
LA UNION,9960,3414,18
LA VENTA,27578,3226,18
LA VERDE,10119,3230,18
LABORY,17764,3460,18
LAGO ARIAS,19944,3420,18
LAGUNA ALFONSO,20053,3403,18
LA PUPI,20477,3358,18
LAS TRES HERMANAS,19522,3302,18
LAS VIOLETAS,17773,3466,18
LAUREL,20159,3448,18
LOMAS DE VALLEJOS,9911,3405,18
LOMAS DE VERGARA,19276,3405,18
LOMAS ESQUIVEL,20060,3403,18
LOMAS ESTE,17131,3432,18
LOMAS FLORIDAS,20162,3445,18
LOMAS RAMIREZ,19278,3405,18
LOMAS REDONDAS,19281,3407,18
LOMAS SALADAS,19949,3420,18
LOMAS DE GONZALEZ,10183,3403,18
LOMAS SAN CAYETANO,17353,3401,18
LOMAS VAZQUEZ,19284,3405,18
LORETO,10205,3483,18
LOS ALGARROBOS,9826,3197,18
LOS ANGELES,17480,3423,18
LOS ANGELES DEL BATEL,19684,3445,18
LOS ARBOLES,19165,3344,18
LOS BRETES,20212,3340,18
LOS CEIBOS,19381,3454,18
LOMAS SAN JUAN,10204,3483,18
LOMAS DE GALARZA,20056,3403,18
LOMAS DE EMPEDRADO,9782,3418,18
LOMAS DE AGUIRRE,10182,3405,18
LAURETTI,19946,3420,18
LAVALLE,9998,3443,18
LEON CUA,20161,3445,18
LIBERTAD,9824,3196,18
LIBERTAD,20482,3302,18
LIBERTADOR,9825,3197,18
LIMAS CUE,20267,3463,18
LINDA VISTA,10299,3463,18
LOBORY,9757,3460,18
LOMA ALTA,20484,3302,18
LOMA ALTA,19271,3405,18
LOMA ALTA,10015,3425,18
LOMA ALTA,27920,3427,18
LOMA ALTA,20269,3463,18
LOMA NEGRA,20485,3302,18
LOMA POY,20486,3302,18
LOMA VILLANUEVA,19274,3407,18
LOMAS,19948,3420,18
LOMAS,17130,3432,18
LA MATILDE,20155,3445,18
LA MANSION,27862,3420,18
LA MAGNOLIA,19144,3344,18
LA LUISA,10240,3446,18
KILOMETRO 89,20049,3403,18
KILOMETRO 95,20050,3403,18
KM 425,19935,3420,18
LA AGRIPINA,10041,3476,18
LA AMELIA,10115,3230,18
LA AMISTAD,9815,3196,18
LA ANGELA,10201,3483,18
LA ANGELITA,17477,3423,18
KILOMETRO 84,20048,3403,18
LA ARMONIA,20152,3446,18
LA AURORA,10042,3472,18
LA BELERMINA,10043,3470,18
LA BLANCA,19848,3466,18
LA BLANQUEADA,9875,3344,18
LA BOLSA,9997,3443,18
LA CAÑADA,17739,3460,18
LA CARLINA,19367,3454,18
LA CARLOTA,10044,3472,18
LA AURORA,17478,3423,18
KILOMETRO 76,20047,3403,18
KILOMETRO 61,20045,3403,18
KILOMETRO 57,20044,3403,18
KILOMETRO 451,9777,3418,18
KILOMETRO 459,10281,3340,18
KILOMETRO 462,9778,3418,18
KILOMETRO 470,10282,3342,18
KILOMETRO 475,10283,3342,18
KILOMETRO 476,18008,3416,18
KILOMETRO 479,10284,3342,18
KILOMETRO 485,18011,3416,18
KILOMETRO 489,10285,3342,18
KILOMETRO 49,20041,3403,18
KILOMETRO 492,18018,3416,18
KILOMETRO 494,9779,3416,18
KILOMETRO 501,9780,3416,18
KILOMETRO 504,9781,3416,18
KILOMETRO 506,10286,3342,18
KILOMETRO 512,17348,3416,18
KILOMETRO 516,17349,3416,18
KILOMETRO 517,10287,3342,18
KILOMETRO 55,20043,3403,18
LA CASUALIDAD,19055,3196,18
KILOMETRO 431,10158,3428,18
LA CAUTIVA,17746,3460,18
LA CELIA,19670,3445,18
LA FLOR,17750,3461,18
LA FLORENCIA,9818,3197,18
LA FLORENTINA,17755,3461,18
LA FLORESTA,19852,3466,18
LA FLORIDA,10083,3220,18
LA FORTUNA,17758,3461,18
LA GARCIA,20261,3463,18
LA HAYDEE,10045,3230,18
LA FLOR,10082,3222,18
LA HERMINIA,19717,3427,18
LA ISABEL,9819,3196,18
LA JAULA,19265,3407,18
LA LEONOR,20263,3463,18
LA LEONTINA,17761,3466,18
LA LOLITA,20154,3446,18
LA LOMA,19140,3344,18
LA LOMA,9910,3480,18
LA LOMA TORRENT,20430,3344,18
LA HILEORICA,19513,3302,18
LA FLECHA,19264,3405,18
LA FE,20260,3463,18
LA ESTRELLA,19776,3476,18
LA CELIA,19369,3454,18
LA CELINA,20153,3474,18
LA CHIQUITA,9876,3344,18
LA COLORADA,10116,3230,18
LA CONCEPCION,9816,3454,18
LA CONCEPCION,20256,3463,18
LA CONSTANCIA,10117,3230,18
LA CRIOLLA,9730,3342,18
LA CRUZ,10189,3346,18
LA CRUZ,19372,3454,18
LA DELICIA,20258,3463,18
LA DIANA,19375,3454,18
LA ELENA,10118,3230,18
LA ELOISA,20052,3403,18
LA ELSA,9877,3344,18
LA ELVA,9878,3344,18
LA ELVIRA,19377,3454,18
LA EMILIA,9817,3196,18
LA ESTRELLA,20259,3463,18
LA CELESTE,19506,3302,18
KILOMETRO 161,10078,3220,18
PASO ALGARROBO,9836,3197,18
LOS EUCALIPTOS,10300,3463,18
SAN RAFAEL,10250,3446,18
SAN RAFAEL,17879,3461,18
SAN ROQUE,9849,3196,18
SAN ROQUE,10251,3448,18
SAN ROQUITO,10145,3471,18
SAN SALVADOR,10100,3222,18
SAN PEDRO,10249,3474,18
SAN SALVADOR,19466,3414,18
SAN SEBASTIAN,10252,3448,18
SAN SEBASTIAN,10211,3483,18
SAN VICENTE,9850,3196,18
SAN VICENTE,10293,3342,18
SAN VICENTE,19878,3466,18
SANGARA,19558,3302,18
SAN SALVADOR,10146,3471,18
SANTA ANA,9851,3197,18
SAN PEDRO,17877,3461,18
SAN PEDRO,9887,3344,18
SAN MARTIN,9848,3197,18
SAN MARTIN,9952,3450,18
SAN MARTIN,20293,3463,18
SAN MIGUEL,20121,3231,18
SAN MIGUEL,10209,3485,18
SAN MIGUEL ESTACION LIBERTAD,10099,3224,18
SAN PEDRO,19435,3451,18
SAN NICANOR,17498,3423,18
SAN NICOLAS,17499,3421,18
SAN NICOLAS,19798,3472,18
SAN NICOLAS,10210,3485,18
SAN PALADIO,10143,3230,18
SAN PEDRO,10144,3230,18
SAN PEDRO,19556,3302,18
SAN NICOLAS,19976,3420,18
SANTA ANA,19559,3302,18
SANTA ANA,9888,3344,18
SANTA ANA,10173,3401,18
SANTA MARIA,17883,3466,18
SANTA MARTA,10103,3224,18
SANTA RITA,9855,3196,18
SANTA RITA,10104,3222,18
SANTA RITA,9890,3344,18
SANTA RITA,10174,3412,18
SANTA MARIA,17500,3423,18
SANTA RITA,17502,3423,18
SANTA ROSA,9987,3358,18
SANTA ROSA,9722,3421,18
SANTA ROSA,20285,3463,18
SANTA ROSA,17885,3466,18
SANTA SINFOROSA,10253,3446,18
SANTA TECLA,18240,3302,18
SANTA RITA PARADA PUCHETA,10149,3232,18
SANTA MARIA,19560,3302,18
SANTA MAGDALENA,10102,3222,18
SANTA LUCIA 9 DE JULIO,20518,3445,18
SANTA ANA,10021,3427,18
SANTA CATALINA,20391,3196,18
SANTA CECILIA,9852,3196,18
SANTA ELISA,10193,3230,18
SANTA EMILIA,10147,3232,18
SANTA IRENE,20175,3474,18
SANTA ISABEL,9853,3197,18
SANTA ISABEL,10148,3230,18
SANTA ISABEL,9889,3344,18
SANTA ISABEL,9918,3480,18
SANTA ISABEL,10212,3485,18
SANTA JUANA,19881,3466,18
SANTA LEA,10101,3224,18
SANTA LIBRADA,9854,3196,18
SANTA LUCIA,10005,3445,18
SAN MARCOS,9951,3454,18
SANTA TERESA,20076,3403,18
SAN MANUEL,9950,3454,18
SAN LUIS DEL PALMAR,10184,3403,18
SAN FRANCISCO,9842,3196,18
SAN FRANCISCO,19875,3220,18
SAN FRANCISCO,10139,3232,18
SAN FRANCISCO,20230,3340,18
SAN FRANCISCO,19974,3420,18
SAN FRANCISCO,17493,3423,18
SAN FERNANDO,17161,3432,18
SAN FRANCISCO CUE,19457,3414,18
SAN GABRIEL,20231,3340,18
SAN GABRIEL,10192,3346,18
SAN GREGORIO,10096,3226,18
SAN GREGORIO,19430,3450,18
SAN GUILLERMO,20173,3474,18
SAN GUSTAVO,9843,3196,18
SAN FRANCISCO GUAVIRARI,20552,3232,18
SAN IGNACIO,10140,3232,18
SAN FERNANDO,10095,3222,18
SAN FERMIN,10094,3222,18
SAN BORJITA,9984,3300,18
SAN CARLOS,10137,3230,18
SAN CARLOS,9985,3306,18
SAN CARLOS,9884,3344,18
SAN CARLOS,19795,3472,18
SAN CAYETANO,9708,3401,18
SAN FERNANDO,9841,3196,18
SAN CELESTINO,17870,3466,18
SAN DIEGO,10248,3446,18
SAN DIONISIO,19428,3450,18
SAN EDUARDO,19796,3472,18
SAN EMILIO,19973,3420,18
SAN EUGENIO,10003,3440,18
SAN FELIPE,10138,3230,18
SAN COSME,10172,3412,18
SAN ISIDRO,19906,3234,18
SAN ISIDRO,19548,3302,18
SAN ISIDRO,19460,3414,18
SAN JUAN,27587,3409,18
SAN JUAN,17496,3423,18
SAN JUAN,10019,3427,18
SAN JUAN,20174,3448,18
SAN JUAN,9764,3466,18
SAN JULIAN,19555,3302,18
SAN JUAN,9886,3344,18
SAN JUSTO,10292,3342,18
SAN LORENZO,10164,3416,18
SAN LORENZO,10020,3427,18
SAN LUIS,9847,3197,18
SAN LUIS,10004,3445,18
SAN LUIS,10301,3463,18
SAN LUIS CUE,20283,3463,18
SAN LORENZO,9846,3197,18
SAN JUAN,19554,3302,18
SAN JUAN,10142,3230,18
SAN JUAN,9845,3196,18
SAN ISIDRO,9949,3454,18
SAN JACINTO,9844,3196,18
SAN JAVIER,19550,3302,18
SAN JERONIMO,19551,3302,18
SAN JOAQUIN,10141,3230,18
SAN JOAQUIN,9986,3302,18
SAN JOSE,27652,3302,18
SAN JOSE,9885,3344,18
SAN JOSE,20003,3401,18
SAN JOSE,27651,3407,18
SAN JOSE,19463,3414,18
SAN JOSE,17495,3423,18
SAN JOSE,20282,3463,18
SAN JOSE CAACATI,20411,3407,18
SAN JOSE EST LIBERTAD DP,10097,3224,18
SAN LUIS EST LIBERTAD DP,10098,3224,18
SANTA TERESA,10022,3427,18
SANTA TERESA,20286,3463,18
SANTIAGO ALCORTA,10254,3446,18
VELOSO,10024,3427,18
VERGARA,9924,3405,18
VERGARA LOMAS,9925,3405,18
VERON CUE,10218,3485,18
VILLA AQUINO,10007,3440,18
VILLA CORDOBA,10008,3440,18
VEDOYA,10006,3445,18
VILLA CRISTIA,9859,3196,18
VILLA EL DORADO,17363,3400,18
VILLA JUAN DE VERA,17364,3400,18
VILLA LA FLORIDA,10109,3220,18
VILLA LUJAN,20311,3481,18
VILLA OLIVARI,9989,3486,18
VILLA ORTIZ,20292,3463,18
VILLA CUE,20005,3412,18
VILLA P ARGENTINA,19569,3302,18
VECINDAD,20084,3403,18
VACA PASO,27543,3461,18
TRES CERROS,10194,3346,18
TRES CRUCES,20082,3403,18
TRES HERMANAS,9727,3423,18
TRES HOJAS,10151,3230,18
TRES TAPERAS,20238,3340,18
TRIPOLI,20083,3403,18
VALENCIA,9701,3481,18
TRISTAN CHICO,10152,3230,18
TUYUTI,9962,3412,18
UGUAY,10053,3471,18
ULAJAY,19565,3302,18
URIBURU,19567,3302,18
URUGUAY,10259,3474,18
VACA CUA,9769,3460,18
TUNITAS,9768,3460,18
VILLA ROLLET,9692,3432,18
VILLA ROLON,19449,3451,18
VILLA SAN ISIDRO,9784,3401,18
YATAY,10010,3445,18
YATAY CORA,20179,3474,18
YATAYTI CALLE,10009,3445,18
YATAYTI POI,10219,3485,18
YATAYTI SATA,10220,3485,18
YAZUCA,10261,3448,18
YAPUCA,20178,3474,18
YTA PASO,10221,3483,18
YUQUERI,10054,3470,18
YUQUERI,10222,3483,18
YURUCUA,10196,3346,18
ZAPALLAR,9926,3405,18
ZAPALLOS,19323,3407,18
EL TESORO,20252,3463,18
YUQUERI,17172,3432,18
YAPEYU,10153,3232,18
YAPEYU,10195,3231,18
YAHAPE,9702,3412,18
VILLA SAN JUAN,18050,3418,18
VILLA SAN RAMON,19319,3407,18
VILLA SOLARI,17365,3401,18
VILLA SOTO,20295,3463,18
VILLA TESARO,20296,3463,18
VILLAGA CUE,10178,3412,18
VIRGEN MARIA,9728,3423,18
VIZCAINO,19584,3302,18
VUELTA DEL OMBU,10297,3342,18
YACARE,10260,3446,18
YACAREY,9963,3412,18
YAGUA RINCON,9693,3432,18
YAGUA ROCAU,19470,3414,18
YAGUARU,9729,3423,18
YAGUARY,9770,3460,18
TRES CAPONES,9894,3344,18
TRES BOCAS,9954,3454,18
TRES BOCAS,19889,3220,18
TRES BOCAS,9858,3194,18
SILVERO CUE,10213,3485,18
SOCORRO,10176,3412,18
SOLEDAD,10177,3412,18
SOLEDAD,19978,3420,18
SOLEDAD,19437,3450,18
SOMBRERO,20079,3403,18
SIETE ARBOLES,19887,3460,18
SOSA,10295,3342,18
SOTO,20291,3463,18
TABAY,9723,3421,18
TABLADA,20234,3340,18
TACUABE,10106,3222,18
TACUARACARENDY,9919,3481,18
TACUARAL,9920,3405,18
SOSA CUE,19979,3420,18
SERIANO CUE,10303,3463,18
SERIANO CUE,20176,3446,18
SECCION PRIMERA SAN JUAN,18046,3416,18
SANTILLAN,9953,3450,18
SANTO DOMINGO,10105,3222,18
SANTO DOMINGO,19561,3302,18
SANTO DOMINGO,10175,3412,18
SANTO DOMINGO,19977,3420,18
SANTO DOMINGO,10255,3449,18
SANTO TOMAS,9988,3306,18
SANTO TOMAS,10256,3448,18
SANTO TOME,10294,3340,18
SANTOS LUGARES,20078,3403,18
SARANDI,9856,3196,18
SARANDI,9765,3460,18
SAUCE,17503,3423,18
SAUCE,10302,3463,18
SAUCESITO,20289,3463,18
TACUARAL,10214,3485,18
SAN ANTONIO DEL CAIMAN,9721,3485,18
TACUAREMBO,10215,3485,18
TACURAL,19801,3470,18
TIMBO,10258,3448,18
TIMBO CORA,19316,3407,18
TIMBO PASO,10217,3483,18
TIMBOY,10108,3222,18
TINGUI,9892,3344,18
TIQUINO,20080,3403,18
TILITA,9922,3480,18
TOLATU,9923,3405,18
TORO CHIPAY,9857,3197,18
TORO I,17308,3481,18
TORO PICHAY,9700,3481,18
TOROS CORA,10023,3427,18
TORRENT,9893,3344,18
TRES ARBOLES,19562,3302,18
TOPADOR,20237,3340,18
TIERRA COLORADA,9767,3460,18
TEBLENARI,19888,3476,18
TATARE,19809,3472,18
TACURAL MERCEDES,10052,3471,18
TAJIBO,17505,3423,18
TALA CORA,20004,3401,18
TALATY,9921,3405,18
TALITA CUE,9724,3423,18
TALLERES,10107,3220,18
TAMBO NUEVO,9891,3344,18
TAPE RATI,10216,3485,18
TAPEBICUA,10150,3232,18
TARANGULLO,19806,3472,18
TAREIRI,10296,3342,18
TARTAGUITO,9725,3423,18
TARTARIA,19440,3450,18
TATACUA,9726,3421,18
TATACUA,10257,3448,18
TACUARITAS,20177,3474,18
LOS EUCALIPTOS,9827,3197,18
SAN ANTONIO,20185,3474,18
SAN ANTONIO,19729,3427,18
OMBU,9978,3302,18
OMBU,10207,3485,18
OMBU LOMAS,19302,3405,18
OMBU SOLO,9834,3196,18
OMBUCITO,10126,3230,18
ORATORIO,20063,3403,18
OJO DE AGUA,9977,3306,18
ORATORIO,19721,3427,18
PAGO ALEGRE,10159,3425,18
PAGO ARIAS,19960,3420,18
PAGO DE LOS DESEOS,10160,3425,18
PAGO LARGO,9759,3465,18
PAGO POI,18029,3418,18
PAGO REDONDO,9943,3451,18
OSCURO,10244,3474,18
PAIMBRE,19784,3472,18
OCANTO CUE,18026,3418,18
OBRAJE CUE,19299,3405,18
NARANJITO,19688,3440,18
NARANJITO,10242,3448,18
NARANJITO,19783,3472,18
NARANJITO SAN ROQUE,20577,3448,18
ÑATIU,19900,3230,18
NINA,17818,3461,18
OBRAJE DEL VASCO,20140,3403,18
NTRA SRA DEL ROS DE CAA CATI,9912,3407,18
NUEVA ESPERANZA,10243,3474,18
NUEVA GRANADA,17824,3461,18
NUEVA PALMIRA,10125,3230,18
NUEVO PARAISO,20213,3340,18
NUEVO PORVENIR,17484,3423,18
ÑURUGUAY,10206,3483,18
NUEVA ESPERANZA,10124,3230,18
PALMA SOLA,10208,3485,18
PALMAR,10127,3230,18
PALMAR,17485,3423,18
PARAJE POTON,9835,3197,18
PARAJE SAN ISIDRO,19174,3454,18
PARANACITO,27913,3453,18
PARQUE SAN MARTIN,17359,3400,18
PASAJE SANTA JUANA,19785,3470,18
PASITO,19724,3427,18
PARAJE PORTILLO,9760,3185,18
PASO AGUIRRE,10018,3427,18
PASO BANDERA,19397,3454,18
PASO BERMUDEZ,20272,3463,18
PASO CEJAS,9837,3197,18
PASO CHAÑARAL,20167,3474,18
PASO CONCEPCION,20219,3340,18
PASO CORONEL,19398,3450,18
PASO ANCHO,20320,3460,18
PARAJE IRIBU CUA,19455,3412,18
PARAJE FLORIDA,17486,3423,18
PARAJE EL CARMEN,9705,3199,18
PALMAR,27649,3481,18
PALMAR ARERUNGUA,17287,3481,18
PALMAR GRANDE,9913,3405,18
PALMERA,17357,3401,18
PALMIRA,20183,3448,18
PALMITA,10128,3230,18
PALMITA,9880,3344,18
PALMITAS,17828,3461,18
PAMPIN,17366,3401,18
PANCHO CUE,9881,3344,18
PARADA LABOUGLE,10089,3222,18
PARADA PUCHETA,10129,3232,18
PARAISO,17832,3460,18
PARAJE AUGUA,19963,3420,18
PARAJE BARRANQUITAS,9914,3480,18
NARANJATY,19296,3405,18
PASO DE LA PATRIA,10170,3409,18
ÑAEMBE,19394,3453,18
MOTA PIEDRITAS,19858,3220,18
MADARIAGA,10121,3230,18
MALEZAL,19063,3196,18
MALEZAL,19167,3344,18
MALOYA,20061,3403,18
MALOYITA,19293,3405,18
MALVINAS,9832,3199,18
MACEDO,17133,3432,18
MALVINAS CENTRO,9833,3199,18
MALVINAS SUR,19069,3199,18
MANANTIALES,10016,3427,18
MANANTIALES,20164,3448,18
MANCHITA,19384,3453,18
MANDINGA,20001,3412,18
MANSION DE INVIERNO,18024,3418,18
MALVINAS NORTE,19068,3196,18
MANUEL DERQUI,9783,3416,18
LUJAN,9940,3450,18
LUIS GOMEZ,20163,3445,18
LOS FLOTADORES,9828,3196,18
LOS GEMELOS,20487,3302,18
LOS LAURELES,9829,3199,18
LOS LAURELES,18314,3302,18
LOS LIRIOS,19951,3420,18
LOS MANANTIALES,10190,3230,18
LUJAMBIO,17482,3423,18
LOS MEDIOS,9830,3197,18
LOS PINOS,10120,3230,18
LOS SAUCES,20135,3485,18
LOS TRES AMIGOS,17778,3461,18
LOS TRES CERROS,10191,3346,18
LOS TRES HERMANOS,19535,3302,18
LOS VENCES,19290,3405,18
LOS PARAISOS,9831,3197,18
MANUEL FLORENCIO MANTILLA,10241,3446,18
MARIA,17780,3461,18
MARIA DEL CARMEN,19779,3476,18
MIRA FLORES,19169,3344,18
MIRA FLORES,19956,3420,18
MIRADOR,10122,3230,18
MIRUNGA,10123,3231,18
MOCORETA,10086,3226,18
MOJON,20166,3448,18
MIRA FLORES,10085,3222,18
MONTAÑA,20137,3485,18
MONTE FLORIDO,19686,3440,18
MONTE GRANDE,20062,3403,18
MONTEVIDEO,17483,3423,18
MORA,9942,3451,18
MORICA,9879,3344,18
MOTA,10088,3222,18
MONTE CASEROS,10087,3220,18
MINUANES,9758,3465,18
MERCEDES,10049,3470,18
MEDIODIA,19954,3420,18
MARIA IDALINA,19781,3476,18
MARIANO I LOZA EST SOLARI,10048,3476,18
MARTIN,17142,3432,18
MARTIN GARCIA,20270,3463,18
MARTINEZ CUE,9697,3481,18
MARUCHAS,9941,3451,18
MARUCHITAS,19386,3450,18
MASDEU ESCUELA 197,19390,3453,18
MATADERO SANTA CATALINA,17354,3416,18
MATILDE,10169,3412,18
MATRERA,20165,3448,18
MBALGUIAPU,19454,3414,18
MBARIGUI,17281,3481,18
MBOI CUA,20136,3485,18
MBURUCUYA,10017,3427,18
MUCHAS ISLAS,19958,3420,18
PASO DE LAS PIEDRAS,17853,3460,18
PASO DE LOS LIBRES,10130,3230,18
PASO DE MULA,20273,3463,18
RINCON,27584,3409,18
RINCON,17866,3460,18
RINCON,17299,3481,18
RINCON CHICO,19543,3302,18
RINCON DE AMBROSIO,10162,3416,18
RINCON DE ANIMAS,20279,3463,18
RIACHUELO SUD,9707,3416,18
RINCON DE GOMEZ,19418,3450,18
RINCON DE MERCEDES,10290,3351,18
RINCON DE PAGO,19422,3451,18
RINCON DE SAN LORENZO,19969,3416,18
RINCON DE SARANDY,9839,3197,18
RINCON DE SOTO,10000,3443,18
RINCON DE TUNAS,9763,3185,18
RINCON DE LAS MERCEDES,20074,3403,18
RINCON DE VENCES,19307,3407,18
RIACHUELO BARDECI,20071,3403,18
RIACHUELITO,20069,3403,18
PUNTAS DE FRANCISCO GOMEZ,20276,3463,18
PUNTAS DEL TIGRE,20277,3463,18
QUINTA SECCION OMBUCITO,10132,3230,18
QUINTA TERESA,9999,3440,18
QUIYATI,10133,3230,18
RAICES,9691,3433,18
RIACHUELO,9706,3416,18
RALERA SUD,20065,3401,18
RAMONES,18040,3427,18
RANEGAS,19413,3450,18
REAL CUE,19967,3416,18
RECREO,10134,3230,18
REDUCCION,10135,3230,18
REMANSO,19416,3450,18
RAMADA PASO,9961,3412,18
RINCON DE YAGUARY,19903,3234,18
RINCON DE YAGUARY,10051,3460,18
RINCON DEL ROSARIO,19546,3302,18
SALDANA 9 DE JULIO,20580,3445,18
SALINAS,19547,3302,18
SALINAS GRANDE,20172,3448,18
SALTO ITA JHASE,19794,3470,18
SAN AGUSTIN,27642,3196,18
SAN AGUSTIN,17492,3423,18
SALDANA,20171,3405,18
SAN ALEJO,9948,3454,18
SAN ANDRES,10092,3226,18
SAN ANTONIO,9840,3196,18
SAN ANTONIO,10093,3222,18
SAN ANTONIO,10136,3234,18
SAN ANTONIO,9983,3302,18
SAN ANTONIO,20228,3340,18
SAN ALONSO,10291,3342,18
SALADERO SAN ANTONIO,10001,3443,18
SALADAS,10163,3420,18
SAENZ VALIENTE,19870,3222,18
RINCON DEL SOMBRERO,17362,3416,18
RINCON DEL TIGRE,20280,3463,18
RINCON ITAEMBE,9982,3300,18
RINCON MERCEDES ESTANCIA,20235,3340,18
RINCON QUIROZ,27559,3461,18
RINCON SAN PEDRO,19971,3420,18
RINCON TRANQUERA GENERAL,19793,3470,18
RINCON ZALAZAR,19308,3405,18
RODEITO,19309,3405,18
ROLON JACINTO,19425,3450,18
ROMERO,9917,3407,18
ROMERO CUAZU,17156,3432,18
ROSADITO,19311,3407,18
ROSADO GRANDE,20170,3448,18
RUIZ CUE,17302,3481,18
PUNTA MERCEDES,19540,3302,18
PUNTA IFRAN,19411,3453,18
PUNTA GRANDE,19306,3427,18
PUNTA GRANDE,19728,3405,18
PASO SAN JUAN,9945,3454,18
PASO SANTA ROSA,9946,3450,18
PASO TALA,9766,3461,18
PASO TIRANTE,19536,3302,18
PASO VALLEJOS,19868,3220,18
PASTORES,19965,3420,18
PASO SALDAÑA,19304,3407,18
PAY UBRE CHICO,10050,3470,18
PEDRO R FERNANDEZ,10246,3446,18
PEHUAHO,18052,3416,18
PERUGORRIA,9762,3461,18
PIEDRA ITA PUCU,19789,3470,18
PIEDRITA,10247,3222,18
PIEDRITAS,27573,3226,18
PEDRO DIAZ COLODRERO,9761,3185,18
PASO RUBIO,9944,3451,18
PASO ROSARIO,19902,3230,18
PASO PUCHETA,19788,3472,18
PASO ESTERITO,19864,3220,18
PASO FLORENTIN,9915,3407,18
PASO GALLEGO,19303,3407,18
PASO IRIBU CUA,17487,3423,18
PASO LEDESMA,10131,3234,18
PASO LOPEZ,17861,3460,18
PASO LOS ANGELES,19403,3454,18
PASO LOVERA,17360,3401,18
PASO LUCERO,10245,3423,18
PASO MARTINEZ,27800,3401,18
PASO MESA,19786,3470,18
PASO NARANJITO,19964,3420,18
PASO NARANJO,27918,3420,18
PASO PESOA,17361,3401,18
PASO POTRERO,9699,3481,18
PILINCHO,10090,3222,18
SAN ANTONIO,10002,3445,18
PILINCHO,18313,3302,18
PINDONCITO,10161,3420,18
PUERTO GONZALEZ,20002,3409,18
PUERTO GOYA,9947,3451,18
PUERTO HORMIGUERO,10289,3340,18
PUERTO JUAN DE DIOS,10091,3226,18
PUERTO LAS LAJAS,20220,3340,18
PUERTO LAS TACUARITAS,20225,3340,18
PUERTO ARAZA,10171,3409,18
PUERTO NARANJITO,19538,3302,18
PUERTO UBAJAY,18310,3302,18
PUERTO VALLE,9981,3302,18
PUESTO DE ISLA,17295,3487,18
PUESTO LATA,19305,3480,18
PUISOYE,9916,3405,18
PUJOL BEDOYA,20275,3463,18
PUERTO PIEDRA,20226,3340,18
PUERTA IFRAN,19691,3445,18
PUENTE MACHUCA,19405,3454,18
PUENTE BATEL,19690,3445,18
PIRACU,9882,3344,18
PIRAYU,9883,3344,18
PIRAYU,17292,3481,18
PIRRA PUY,20168,3448,18
PLAYADITO,9979,3358,18
PORVENIR,9980,3306,18
PORVENIR,17490,3423,18
POTRERO GRANDE,19727,3427,18
PROGRESO,9690,3432,18
PUEBLITO,9838,3196,18
PUEBLITO ESPINOSA,20064,3403,18
PUEBLITO SAN JUAN,18034,3416,18
PUEBLO DE JULIO,20184,3445,18
PUEBLO LIBERTADOR,27928,3197,18
PUENTE AVALOS,17865,3461,18
PINDO,17489,3421,18
EL TATARE,19354,3454,18
ARROYO TOTORAS,10058,3220,18
EL SOCORRO,20145,3445,18
BUENA VISTA,27577,3226,18
BUENA VISTA,9968,3302,18
BUENA VISTA,19982,3412,18
BUENA VISTA,10013,3427,18
BUENA VISTA,9932,3454,18
BUENA VISTA,20246,3463,18
BUENA VISTA,10185,3471,18
CAA CARAI,20467,3302,18
BUENA VISTA,9792,3196,18
CAA CATI,9902,3407,18
CAA GARAY GDOR VIRASORO,10263,3342,18
CAABI POI,18317,3463,18
CAABY POY,10264,3342,18
CAAGUAZU,10030,3472,18
CAAYOBAY,10231,3448,18
CABANA,19613,3445,18
CABRAL,19037,3196,18
CABRED,19895,3232,18
CAA GARAY,9969,3302,18
CAFARREÑO,20142,3445,18
BUENA VENTURA,20245,3463,18
BUEN RETIRO,10059,3222,18
BATEL,27916,3450,18
BATELITO,19326,3451,18
BAYGORRIA,10028,3230,18
BEDOYA,17227,3412,18
BELLA VISTA,9682,3432,18
BERNACHEA,17986,3418,18
BERON DE ASTRADA,9695,3481,18
BLANCO CUE,9901,3480,18
BUENA ESPERANZA,9931,3454,18
BOLICHE LATA,10230,3449,18
BONPLAND,10110,3234,18
BOQUERON,9967,3302,18
BOQUERON,20187,3340,18
BOQUERON,10029,3471,18
BORANZA,9791,3197,18
BREGAIN CUE,20017,3403,18
BRIGANIS,20018,3403,18
BROJA CUE,20016,3403,18
BONETE,19608,3445,18
CAIMAN,17413,3423,18
CALLEJON,19734,3470,18
CAMBA CUA,10060,3222,18
CAPI VARI,19736,3470,18
CAPIGUARI,19738,3470,18
CAPILLA CUE,17418,3423,18
CAPILLITA,9903,3407,18
CAPIRARI,17682,3465,18
CAPITA MINI,20144,3448,18
CAPITA MINI,10031,3472,18
CAPITAN JOAQUIN MADARIAGA,10032,3465,18
CAÑADITAS,10298,3463,18
CARABAJAL,20022,3403,18
CARABI POY,10265,3342,18
CARAMBOLA,9711,3423,18
CARANDAITI,20124,3485,18
CARAYA,10233,3448,18
CARDOZO PHI,19699,3427,18
CARMAN,19922,3420,18
CARRETA PASO,20125,3485,18
CARRIZAL,17194,3432,18
CARABAJAL ESTE,17325,3416,18
CAÑADA QUIROZ,17319,3401,18
CAÑADA MALA,10232,3448,18
CAÑADA GRANDE,19198,3405,18
CAMBAL,20188,3340,18
CAMBARA,9864,3344,18
CAMBIRETA,18318,3302,18
CAMPO ARAUJO,9933,3450,18
CAMPO BORDON,9793,3196,18
CAMPO CAFFERATA,9794,3196,18
CAMPO CARDOZO,10014,3427,18
CAMPO DE CARLOS,9795,3196,18
CAMPO ESCALADA,9934,3450,18
CAMPO FERNANDEZ,19695,3427,18
CAMPO GRANDE,27713,3401,18
CAMPO GRANDE,20020,3403,18
CAMPO MAIDANA,20247,3463,18
CAMPO MORATO,9796,3196,18
CAMPO POY,20248,3463,18
CAMPO ROMERO,9797,3196,18
CAMPO SAN JACINTO,9798,3196,18
CAÑADA BURGOS,17990,3418,18
CAÑADA GRANDE,20021,3403,18
BATEL,9710,3421,18
BATAY,9863,3344,18
BATARA,17412,3423,18
BATAL,19602,3445,18
ALEJANDRINA,9786,3197,18
ALEN CUE,10025,3471,18
ALFONSO LOMAS,10026,3471,18
ALGARROBAL,10225,3445,18
ALGARROBAL,9896,3480,18
ALGARROBAL PUISOYE,20422,3405,18
ALGARROBALES,9897,3407,18
ALGARROBO,9990,3441,18
ALBARDONES,20010,3403,18
ALGARROBO PARAJE,20182,3445,18
ALTAMIRA,9860,3344,18
ALTAMORA PARADA,9898,3407,18
ALVEAR,9861,3344,18
ANGOSTURA,9899,3481,18
ANGUA,19916,3420,18
APIPE GRANDE,9966,3302,18
ARAÑITA,17409,3423,18
ARBOL SOLO,10027,3230,18
ALTA MORA,20011,3403,18
ALBARDON,19980,3412,18
ALAMO,9927,3450,18
ALAMO,10224,3448,18
EL SOMBRERO,9775,3416,18
2 DE JULIO,9867,3344,18
8 DE DICIEMBRE,19395,3450,18
9 DE JULIO,10223,3445,18
ABALO,9731,3466,18
ABELI,9732,3466,18
ABO NEZU,9733,3461,18
ABRA,9955,3414,18
ABRA,10011,3427,18
ABRA GUAZU,9785,3197,18
ACUÑA,10055,3466,18
ACUÑA CUE,19913,3420,18
AGUAPEY,9964,3306,18
AGUAPEY,10262,3342,18
AGUARA CUA,9965,3302,18
AGUAY,9895,3407,18
AGUAY,9734,3461,18
AGUIRRE CUE,20007,3403,18
AGUIRRE LOMAS,20008,3403,18
ARERUNGUA,9694,3481,18
CARRIZAL NORTE,9683,3433,18
ARISTIA,20241,3463,18
ARROYITO,9681,3448,18
AYALA CUE,9900,3407,18
BACACAY,20085,3346,18
BAIBIENE,9738,3466,18
BAJO GRANDE,10228,3445,18
BAJO GUAZU,9709,3421,18
BALENGO,20141,3448,18
BALENGO,9929,3450,18
BAÑADO NORTE,17315,3400,18
ARROYO VEGA,9790,3196,18
BAÑADO SAN ANTONIO,9930,3454,18
BARGONE,20014,3403,18
BARRANCAS,20244,3463,18
BARRANQUERAS,10197,3480,18
BARRIO ALGARROBO,10229,3445,18
BARRIO VILLA CORDOBA,9991,3440,18
BARTOLOME MITRE,9772,3418,18
BASTIDORES,20123,3483,18
BASUALDO,9739,3185,18
BAÑADO SUR,17317,3400,18
ARROYO TIMBOY,10057,3220,18
ARROYO SORO,9789,3194,18
ARROYO SOLIS,9771,3401,18
ARROYO AMBROSIO,10154,3420,18
ARROYO BALMACEDA,20122,3483,18
ARROYO CARANCHO,9928,3450,18
ARROYO CASCO,9735,3465,18
ARROYO CASTILLO,17551,3460,18
ARROYO GARAY,9736,3185,18
ARROYO GONZALEZ,10226,3445,18
ARROYO GRANDE,19730,3470,18
ARROYO HORQUETA,19812,3466,18
ARROYO MANGANGA,10056,3220,18
ARROYO MENDEZ,9862,3344,18
ARROYO PAISO,10227,3445,18
ARROYO PELON,19981,3401,18
ARROYO PONTON,20013,3401,18
ARROYO SAN JUAN,10165,3409,18
ARROYO SARANDI,9787,3194,18
ARROYO SATURNO,9788,3197,18
ARROYO SECO,20243,3463,18
ARROYO SECO,9737,3641,18
ARROYITO,10012,3427,18
CARUSO APEADERO FCGU,20024,3403,18
ARROYO CEIBAL,19919,3416,18
CASUALIDAD,10266,3340,18
COSTA GRANDE,10180,3403,18
COSTA GRANDE,9773,3425,18
COSTA GUAVIRAVI,20087,3346,18
COSTA GUAZU,19485,3302,18
COSTA RIO PARANA,19990,3401,18
COSTA SAN LORENZO,19710,3427,18
COSTA SANTA LUCIA,19244,3405,18
COSTA SANTA LUCIA,20143,3445,18
COSTA DEL BATEL,9717,3423,18
COSTA TOLEDO,10167,3409,18
CRUCECITAS,19639,3445,18
CRUCECITAS SANTA LUCIA,20510,3440,18
CRUZ DE LOS MILAGROS,9995,3441,18
CUARTA SECCION LOMAS,27546,3461,18
CUATRO BOCAS,19817,3220,18
CUAY CHICO,20194,3340,18
CUAY CHICO,9866,3344,18
CUAY GRANDE,10272,3344,18
COSTAS,19247,3407,18
COSTA DE EMPEDRADO,18000,3416,18
COSTA DE ARROYO SAN LORENZO,19930,3416,18
COSTA CENISAL,27569,3483,18
COLONIA SAN MARTIN,19234,3407,18
COLONIA SAN MATEO,20189,3340,18
COLONIA SANTA ROSA,9715,3421,18
COLONIA SAUCE,19342,3450,18
COLONIA TACUARALITO,19237,3407,18
COLONIA TATACUA,17462,3423,18
COLONIA URDANIZ,19483,3302,18
COLONIA VEDOYA,19630,3445,18
CONCEPCION,9865,3344,18
CONCEPCION,9716,3423,18
CORONA,19346,3450,18
CORONEL ABRAHAM SCHWEIZER,9802,3197,18
CORONEL DESIDERIO SOSA,10271,3342,18
CORRIENTES,9703,3400,18
CORSA CUE,19451,3414,18
COSTA,19987,3401,18
COSTA,19708,3427,18
COSTA ARROYO GARAY,9746,3185,18
COSTA BATEL,19635,3445,18
CUÑA SUEGRA,9803,3197,18
COLONIA SAN JOSE,19628,3440,18
CURTIEMBRE,19348,3450,18
CURUZU,9956,3414,18
EL PAGO,19712,3427,18
EL PALMAR,9907,3481,18
EL PARAISO,9868,3344,18
EL PARQUE,9805,3196,18
EL PELON,10168,3401,18
EL PILAR,10034,3472,18
EL PLATA,18319,3302,18
EL POLLO,9774,3401,18
EL ÑANDUBAY,17694,3460,18
EL PONTON,20030,3403,18
EL PORVENIR,9720,3423,18
EL PORVENIR COLONIA LIBERTAD,10070,3224,18
EL PROGRESO,10111,3230,18
EL REMANSO,10035,3476,18
EL ROSARIO,19351,3450,18
EL SALVADOR,19251,3407,18
CASILLAS,17679,3460,18
EL SOCORRO,9972,3358,18
EL PORVENIR,9806,3197,18
EL LOTO,9750,3466,18
EL COQUITO,9804,3197,18
EL CHIRCAL,10069,3220,18
CURUZU CUATIA,9747,3460,18
CURUZU LAUREL,20133,3485,18
DESAGUADERO,19993,3403,18
DESMOCHADO,9687,3441,18
DOCTOR FELIX MARIA GOMEZ,17342,3400,18
DON MAXIMO,20196,3340,18
DOS HERMANAS,20251,3463,18
DOS HERMANOS,9971,3358,18
DOS OMBUES,19933,3416,18
EL BUEN RETIRO,9718,3423,18
EL CARMEN,19038,3196,18
EL CARMEN,10273,3342,18
EL CARMEN,19934,3420,18
EL CARMEN,9719,3485,18
EL CEIBO,10068,3220,18
EL CEIBO,9748,3460,18
EL CENTINELA,19488,3302,18
EL CERRITO,10033,3472,18
EL CERRO,9749,3461,18
CURUPAYTI,20132,3485,18
COLONIA SAN EUGENIO,19627,3440,18
EL CARRIZAL,9688,3432,18
COLONIA SAN ANTONIO,19481,3302,18
CHACRAS SECCION EJIDO,9800,3196,18
CHACRAS SUD,9801,3196,18
CHAMORRO,19705,3427,18
CHAQUITO,17689,3465,18
CHAVARRIA,10235,3474,18
CHILECITO,19450,3412,18
CHIRCAL,10066,3220,18
CHIRCAL,19203,3407,18
CNIA OFICIAL JUAN BAUTISTA,10155,3420,18
COLONIA,17233,3481,18
COLONIA,20128,3485,18
COLONIA 3 DE ABRIL,9685,3433,18
COLONIA ACUÑA,9742,3460,18
COLONIA ALVAREZ,19983,3401,18
COLONIA AMADEI,19207,3407,18
COLONIA AROCENA INA,10186,3231,18
COLONIA ARROCERA,17327,3416,18
COLONIA BARRIENTES,19815,3220,18
COLONIA BASUALDO,9743,3185,18
CHACRAS NORTE,9799,3196,18
COLONIA BERON DE ASTRADA,9696,3197,18
CHACRAS 4A SECCION,10065,3220,18
CHACRAS 2A SECCION,10063,3220,18
CASUALIDAD,9740,3461,18
CASUALIDAD,9935,3450,18
COLONIA SAN ANTONIO,10199,3485,18
CASUALIDAD,20127,3483,18
CASUARINA,10061,3222,18
CASUARINAS,19925,3420,18
CATALAN CUE,20139,3483,18
CAU GARAY,10267,3342,18
CAVI POY,20250,3463,18
CAVIA CUE,20026,3403,18
CAZA PAVA,10268,3342,18
CAZADORES CORRENTINOS,9741,3465,18
CEBOLLAS,9684,3432,18
CENTINELA,19477,3302,18
CERRITO,9904,3405,18
CERRITO,10234,3445,18
CHACRAS,19702,3427,18
CHACRAS,17084,3432,18
CHACRAS 1A SECCION,10062,3220,18
CHACRAS 3A SECCION,10064,3220,18
COLONIA BRANCHI,9905,3480,18
CERRUDO CUE,10179,3403,18
COLONIA CAIMAN,10198,3485,18
COLONIA LIEBIGS,9970,3358,18
COLONIA LLANO,20028,3403,18
COLONIA LUCERO,9714,3421,18
COLONIA LUJAN,19623,3440,18
COLONIA M ABERASTURY,10166,3409,18
COLONIA MADARIAGA,20130,3485,18
COLONIA MARIA ESTHER,19984,3401,18
COLONIA MATILDE,19986,3401,18
COLONIA MENDEZ BAR,9994,3443,18
COLONIA ROLON COSSIO,19339,3450,18
COLONIA MOTA,27570,3226,18
COLONIA NUEVA VALENCIA,17331,3416,18
COLONIA PAIRIRI,9745,3185,18
COLONIA PANDO,10236,3449,18
COLONIA PORVENIR,19337,3451,18
COLONIA PROGRESO,9686,3433,18
COLONIA BROUGNES,17996,3418,18
COLONIA ROMERO,9906,3481,18
COLONIA PUCHETA,19233,3450,18
COLONIA LIBERTAD,10067,3224,18
COLONIA LA UNION,20129,3485,18
COLONIA MERCEDES COSSIO,19333,3450,18
COLONIA LA CARMEN,19329,3451,18
COLONIA CECILIO ECHEVERRIA,9992,3440,18
COLONIA CAROLINA,9936,3451,18
COLONIA LA HABANA,9713,3423,18
COLONIA CARLOS PELLEGRINI,10187,3471,18
COLONIA CHIRCAL,9744,3461,18
COLONIA DANUZZO,19209,3407,18
COLONIA DURAZNO,19210,3407,18
COLONIA EL PROGRESO,27917,3450,18
COLONIA FLORENCIA,19231,3407,18
COLONIA GAIMAN,20574,3485,18
COLONIA DORA ELENA,9712,3421,18
COLONIA GENERAL URIBURU,19588,3302,18
COLONIA GOBERNADOR RUIZ,20191,3340,18
COLONIA JACOBO FINH,17423,3423,18
COLONIA JUAN PUJOL,19232,3405,18
COLONIA JUAN B CABRAL,27710,3420,18
COLONIA GENERAL FERRE,9993,3440,18
COLONIA JOSE R GOMEZ,10270,3340,18
