PUERTO MARQUEZ,19036,3190,30
PUERTO BARRILES,18610,2840,30
PUERTO RUIZ,8899,2840,30
PUERTO CADENAS,19288,3192,30
PUERTO CAMPINCHUELO,20389,3261,30
PUERTO COLORADO,17578,3280,30
PUERTO CONSTANZA,8979,2846,30
PUERTO CURTIEMBRE,9135,3113,30
PUERTO ESQUINA,20531,3155,30
PUERTO ALMIRON,17574,3281,30
PUERTO LA ESMERALDA,19294,3190,30
PUERTO LAS CUEVAS,18342,3101,30
PUERTO LOPEZ,20535,3101,30
PUERTO PERAZZO,8962,2846,30
PUERTO DIAMANTE,18341,3105,30
PUERTO IBICUY,19023,2846,30
PUENTE VICTORIA,9250,3153,30
PUERTO ALGARROBO,19280,3127,30
PUEBLO MORENO,9134,3122,30
PUEBLO NUEVO,8960,2820,30
PUERTO SAN JUAN,8963,2846,30
PUEBLO NUEVO,20383,3170,30
PUEBLO PRIMERO,27762,3174,30
PUENTE CARMONA,19985,3118,30
PUENTE DE GUALEGUAYCHU,17569,3265,30
PUENTE DE LAS PENCAS,18336,3101,30
PUENTE DE LUCAS,20675,3216,30
PUENTE DEL CHAÑAR,19988,3111,30
PUENTE ÑANCAY,18906,2823,30
PUENTE OBISPO,20100,3174,30
PUENTE PARANACITO,8961,2823,30
PUENTE PELLEGRINI,18608,2840,30
PUERTA DE CRESPO,8898,3155,30
PUERTO ALGARROBO,18424,3206,30
PUENTE DEL DOLL,18339,3101,30
RACHEL,20676,3246,30
PUERTO VIBORAS,19989,3129,30
RINCON DE MOJONES,9295,3241,30
RINCON DE NOGOYA,20541,3155,30
RINCON DEL CINTO,18918,2826,30
RINCON DEL DOLL,9252,3101,30
RINCON DEL GATO,8965,2821,30
RINCON DEL NOGOYA SUR,18620,2840,30
RINCON LUCAS NORTE,20679,3241,30
RINCON LUCAS SUD,20680,3241,30
RIO AGUILA,18648,2805,30
RIO ALFEREZ NELSON PAGE,18930,2805,30
RIO CEIBO,18931,2805,30
RIO PARANA GUAZU,18938,2805,30
RIO PASAJE AL AGUILA,18878,2805,30
PUEBLO LIEBIG,8689,3281,30
RIO SAUCE,18941,2805,30
RINCON DE LAS GUACHAS,20126,3174,30
RAMON A PARERA,9138,3118,30
RAMBLON,9137,3109,30
RAICES OESTE,9294,3241,30
PUERTO VIEJO,19991,3100,30
PUERTO VIEJO,20393,3260,30
PUERTO VILLARRUEL,19994,3127,30
PUERTO YERUA,8761,3201,30
PUERTO YUNQUE,19301,3190,30
PUNTA DEL MONTE,8900,2840,30
PUNTAS DE MOREIRA,18159,3181,30
PUERTO UNZUE,8964,2820,30
PUNTAS DEL GUALEGUAYCHU,8690,3269,30
QUEBRACHITOS,20538,3153,30
QUEBRACHO,19997,3109,30
QUEBRACHO,18161,3212,30
QUINTAS AL SUD,9136,3100,30
QUINTO CUARTEL VICTORIA,9251,3153,30
QUINTO DISTRITO,8901,2843,30
RACEDO,8797,3114,30
PUNTAS DEL PALMAR,8691,3280,30
PUEBLO GENERAL PAZ,9133,3123,30
PASO DE LAS PIEDRAS,19972,3118,30
PUEBLO FERRE,8760,3216,30
PALAVECINO,8953,2820,30
PALMAR,8683,3285,30
PALMAR YATAY,8684,3287,30
PALO A PIQUE,8872,3191,30
PARACAO,9128,3100,30
PARADA YUQUERI,8757,3214,30
PARAJE GUAYABO,9293,3240,30
PARAJE PALAVEROI,18853,2805,30
PARANA,9129,3100,30
PARANA BRAVO,8954,2805,30
PARANACITO,8978,2846,30
PARQUE NACIONAL EL PALMAR,17550,3280,30
PASAJE TALAVERA,18883,2804,30
PASO DE LA ARENA,19966,3118,30
PASO DE LA BALZA,19970,3113,30
PALACIO SAN JOSE,9223,3262,30
PASO DE LA LAGUNA,20672,3241,30
PAJONAL,9248,3101,30
PAJA BRAVA,8795,3101,30
RIO TALAVERA,18947,2805,30
MONTIEL,9024,3191,30
MONTOYA,9068,3150,30
MONTOYA,9247,3151,30
MORENO,9126,3122,30
MULAS GRANDES,27839,3187,30
ÑANDUBAYSAL,8952,2821,30
NICOLAS HERRERA,9222,3272,30
NOGOYA,9069,3150,30
NOVIBUCO PRIMERO,20362,3170,30
NUEVA ESCOCIA,8755,3201,30
NUEVA VIZCAYA,18422,3212,30
OMBU,9025,3190,30
ORO VERDE,9127,3100,30
OSVALDO MAGNASCO,8756,3212,30
PAJAS BLANCAS,8871,3187,30
PASO DE LA LEGUA,20673,3240,30
PASO DEL ABRA,20525,3153,30
PASO DEL CISNERO,8955,2846,30
PILOTO AVILA,9027,3190,30
POS POS,8686,3285,30
PRIMER CONGRESO,9028,3142,30
PRIMER CUARTEL,20099,3174,30
PRIMER DISTRITO,18578,2840,30
PRONUNCIAMIENTO,9225,3263,30
PUEBLITO,9070,3164,30
PUEBLITO NORTE,9249,3155,30
PUEBLO ARRUA EST ALCARAZ,8983,3138,30
PUEBLO BELLOCQ,9131,3136,30
PUEBLO BRUGO,9132,3125,30
PUEBLO CAZES,8687,3269,30
PUEBLO COLORADO,8688,3281,30
PUEBLO DOMINGUEZ,20674,3246,30
PUEBLO ELLISON,9029,3142,30
PIEDRAS BLANCAS,9026,3129,30
PICADA BERON,27844,3190,30
PESQUERIA DIAMANTINO,18898,2820,30
PERUCHO VERNA,8685,3283,30
PASO DEL GALLO,18122,3212,30
PASO DEL MOLINO,20369,3260,30
PASO DUARTE,27836,3181,30
PASO GARIBALDI,19245,3192,30
PASO MARGARIÑOS,18129,3200,30
PASO MEDINA,19249,3190,30
PASO POTRILLO,19252,3127,30
PUEBLO GENERAL BELGRANO,8796,2821,30
PASO PUERTO AUGUSTO,19255,3190,30
PASO TELEGRAFO,19263,3194,30
PASTOR BRITOS,8956,2826,30
PEDERMAR,8758,3203,30
PEDERNAL,8759,3203,30
PEHUAJO NORTE,8957,2821,30
PEHUAJO SUD,8958,2854,30
PERDICES,8959,2823,30
PASO SOCIEDAD,18139,3181,30
RIVAS,8799,3164,30
TABLADA OESTE,8769,3200,30
ROSARIO DEL TALA,9169,3174,30
URDINARRAIN,8969,2826,30
VERGARA,9300,3252,30
VIALE,9152,3109,30
VIBORAS,8877,3187,30
VICTORIA,9254,3153,30
VILLA AIDA,8803,3103,30
VILLA ANGELICA,27922,3151,30
VILLA ANTONY,8970,2820,30
VILLA BOREILO,9040,3191,30
VILLA CLARA,9301,3252,30
VILLA DEL CERRO,8971,2821,30
VILLA DEL ROSARIO,8844,3229,30
VILLA DOMINGUEZ,9302,3246,30
VILLA ELEONORA,18998,2820,30
VILLA ELISA,8701,3265,30
UBAJAY,8700,3287,30
VILLA FAUSTINO M PARERA,8972,2824,30
TTE PRIMERO BRIGIO CAINZO,8856,3212,30
TRES ESQUINAS,9253,3156,30
SURST,18430,3228,30
TABLADA NORTE,8768,3200,30
TABOSSI,9147,3111,30
TACUARAS YACARE,9039,3190,30
TALITA,9233,3261,30
TALITAS,9148,3136,30
TALITAS GUALEGUAYCHU,8968,2852,30
TASES,8876,3187,30
TATUTI,27749,3229,30
TEZANOS PINTO,9149,3114,30
TIRO FEDERAL,9150,3100,30
TOMAS ROCAMORA,9234,3261,30
TRES ALDEAS,20429,3170,30
TRES BOCAS,8906,3155,30
TRES ESQUINAS,18976,2820,30
TRES LAGUNAS,9151,3113,30
SUBCENTRAL SANTA MARIA,18169,3180,30
VILLA FONTANA,9153,3114,30
VILLA HERNANDARIAS,9155,3127,30
VILLAGUAYCITO,9305,3218,30
VILLAMIL,18170,3181,30
VIRANO,9306,3142,30
VIZCACHERA,9041,3127,30
WALTER MOSS,8771,3216,30
YACARE,9042,3190,30
YAROS,8772,3212,30
YATAY,8703,3281,30
YERUA,8773,3214,30
YESO,9043,3190,30
YESO OESTE,19349,3190,30
YUQUERI,8774,3214,30
ZENON ROCA,20687,3240,30
ZONA DELTA DEL PARANA,27600,2820,30
MONTE VERDE,18420,3228,30
VILLAGUAY ESTE,9304,3244,30
VILLA GOB LUIS ETCHEVEHERE,9154,3114,30
VILLAGUAY,9303,3240,30
VILLA URQUIZA,9158,3113,30
VILLA LIBERTAD,20549,3228,30
VILLA LIBERTADOR SAN MARTIN,8804,3103,30
VILLA LILA,8973,2820,30
VILLA MANTERO,9235,3272,30
VILLA PARANACITO,8980,2823,30
VILLA PERPER,8857,3188,30
VILLA PORTEÑA,8878,3191,30
VILLA ROMERO,8974,2824,30
VILLA SAN JUSTO,20437,3262,30
VILLA SAN MARCIAL,9236,3248,30
VILLA SAN MIGUEL,9237,3272,30
VILLA SARMIENTO,9156,3100,30
VILLA TRES DE FEBRERO,9074,3150,30
VILLA UDINE,9238,3262,30
VILLA URANGA,9157,3100,30
VILLA ZORRAQUIN,8770,3201,30
STROBEL,8802,3101,30
SPINDOLA,9299,3252,30
SOSA,9146,3133,30
SAN JAIME,8839,3185,30
SAN JAIME DE LA FRONTERA,8840,3185,30
SAN JORGE,8765,3212,30
SAN JOSE,8695,3283,30
SAN JOSE DE FELICIANO,8873,3187,30
SAN JUAN,9033,3191,30
SAN JUAN LA QUERENCIA,8766,3212,30
SAN JULIAN,8904,2841,30
SAN JUSTO,9229,3260,30
SAN LORENZO,9071,3158,30
SAN LUIS SAN JOSE FELICIANO,8874,3187,30
SAN MARTIN,9230,3111,30
SAN MARTIN,20012,3113,30
SAN MIGUEL,8696,3269,30
SAN MIGUEL NRO 2,8697,3269,30
SAN GUSTAVO,9032,3191,30
SAN PEDRO,8841,3212,30
SAN GREGORIO,8694,3203,30
SAN FRANCISCO,8693,3265,30
ROSPINA,9296,3246,30
RUTA 138 KILOMETRO 1,20006,3100,30
RUTA 14 KM 443,8762,3201,30
SAGASTUME,18950,2823,30
SAGASTUME,9227,3246,30
SALADERO ALZUA,8902,2840,30
SALADERO CONCORDIA,8763,3200,30
SALADERO SAN JOSE,8903,2840,30
SAN ANSELMO,8692,3281,30
SAN ANTONIO,8966,2826,30
SAN ANTONIO,9030,3191,30
SAN BENITO,9139,3107,30
SAN BUENAVENTURA,8764,3212,30
SAN CIPRIANO,9228,3263,30
SAN FRANCISCO,8800,3101,30
SAN GERONIMO,9031,3191,30
SAN RAMIREZ,9034,3191,30
SAN ROQUE,27833,3228,30
SAN SALVADOR,8698,3218,30
SAUCE,9072,3150,30
SAUCE DE LUNA,8855,3144,30
SAUCE MONTRULL,9142,3118,30
SAUCE NORTE,20102,3174,30
SAUCE NORTE,18166,3183,30
SAUCE PINTO,9143,3107,30
SAUCE SUR,9170,2845,30
SECCION URQUIZA,9073,3109,30
SEGUI,9144,3117,30
SEGUNDO CUARTEL,20103,3174,30
SEPTIMO DISTRITO,18581,2840,30
SEPTIMO DISTRITO,19392,3150,30
SEXTO DISTRITO,18629,3155,30
SEXTO DISTRITO COLON,17616,3287,30
SIR LEONARD,9038,3142,30
SARANDI CORA,9037,3190,30
SARANDI,8843,3228,30
SARANDI,8967,2821,30
SANTA SARA,9141,3134,30
SAN VICENTE,9297,3252,30
SAN VICTOR,8875,3191,30
SANATORIO ADVENTISTA DEL PLATA,8801,3103,30
SANATORIO APEADERO FCGU,18344,3101,30
SANTA ANA,8842,3208,30
SANTA ANITA,9231,3248,30
SANTA ELENA,9035,3192,30
ROCAMORA,9226,3172,30
SANTA INES,19318,3191,30
SANTA ISABEL,8767,3203,30
SANTA LUCIA,27837,3183,30
SANTA LUISA,9140,3133,30
SANTA MARIA,9036,3191,30
SANTA MARTA,8905,2840,30
SANTA ROSA,9232,3248,30
SANTA ROSA,17611,3252,30
SANTA INES,8699,3285,30
MONTE REDONDO,27841,2840,30
LA CRIOLLA,8739,3212,30
MOLINO DOLL,9246,3101,30
COLONIA EL CARMEN,8656,3267,30
COLONIA EL POTRERO,18760,2820,30
COLONIA ELIA,9184,3261,30
COLONIA ELISA,9185,3260,30
COLONIA ELISA,17184,3265,30
COLONIA EMILIO GOUCHON,17205,3269,30
COLONIA ENSANCHE MAYO,9186,3263,30
COLONIA ENSANCHE SAUCE,8814,3208,30
COLONIA ENSAYO,8782,3101,30
COLONIA ESPINDOLA,20576,3252,30
COLONIA F SILLEN,8657,3269,30
COLONIA FALCO,8848,3188,30
COLONIA FEIMBERG,20578,3252,30
COLONIA FLORES,8815,3206,30
COLONIA FONTANINI,8994,3191,30
COLONIA FRAZER,8816,3228,30
COLONIA FREITAS,8817,3229,30
COLONIA GDOR BASAVILBASO,8917,2824,30
COLONIA GENERAL ROCA,8713,3201,30
COLONIA EGIDO,20575,3240,30
COLONIA DUPORTAL,9160,2845,30
COLONIA DON BOSCO,8813,3204,30
COLONIA DELTA,8916,2805,30
COLONIA BAYLINA,8654,3269,30
COLONIA BELEZ,9262,3252,30
COLONIA BELGA AMERICANA,20147,3244,30
COLONIA BELGRANO,8811,3228,30
COLONIA BERRO,9263,3128,30
COLONIA BERTOZZI,27747,3192,30
COLONIA BIZCOCHO,8812,3206,30
COLONIA BUENA VISTA,8993,3190,30
COLONIA CAMPOS,8711,3216,30
COLONIA GRAL URQUIZA,9187,3263,30
COLONIA CARABALLO,8655,3265,30
COLONIA CARMEL,9265,3246,30
COLONIA CARMELO,9181,3263,30
COLONIA CARRASCO,19108,3190,30
COLONIA CELINA,9088,3113,30
COLONIA CENTENARIO,9089,3109,30
COLONIA CRESPO,9090,3118,30
COLONIA CRUCESITAS,9182,3263,30
COLONIA CUPALEN,9183,3261,30
COLONIA CURBELO,8712,3216,30
COLONIA CARLOS CALVO,9264,3252,30
COLONIA GRAPSCHENTAL,8783,3114,30
COLONIA GUALEGUAYCITO,8818,3206,30
COLONIA GUIBURG,20579,3252,30
COLONIA LA QUINTA,8716,3216,30
COLONIA LA ROSADA,9271,3252,30
COLONIA LAMARCA,8822,3206,30
COLONIA LAS GAMAS,19122,3190,30
COLONIA LAS PEPAS,8660,3267,30
COLONIA LEVEN,20160,3244,30
COLONIA LOMA NEGRA,8717,3112,30
COLONIA LOPEZ,9272,3218,30
COLONIA LOS SAUCES,17703,3200,30
COLONIA LA PROVIDENCIA,8996,3137,30
COLONIA LUCA,9188,3261,30
COLONIA LUCRECIA,9190,3248,30
COLONIA MABRAGAÑA,8661,3283,30
COLONIA MARIA LUISA,9093,3114,30
COLONIA MAXIMO CASTRO,19127,3190,30
COLONIA MEROU,19659,3116,30
COLONIA MIGUEL,9273,3246,30
COLONIA N 1,9191,3170,30
COLONIA N 2,9192,3170,30
COLONIA N 3,9193,3170,30
COLONIA LUCIENVILLE,9189,3170,30
COLONIA BARON HIRSCH,9261,3246,30
COLONIA LA PAZ,8821,3206,30
COLONIA LA MORENITA,20584,3254,30
COLONIA HEBREA,9266,3216,30
COLONIA HERNANDARIAS,9091,3129,30
COLONIA HIGUERA,9092,3138,30
COLONIA HOCKER,8658,3265,30
COLONIA HUGHES,8659,3281,30
COLONIA IDA,9267,3246,30
COLONIA ITALIANA,8918,2824,30
COLONIA JORGE FINK,17681,3181,30
COLONIA LA ARGENTINA,18357,3206,30
COLONIA LA PAMPA,20586,3254,30
COLONIA LA ARMONIA,9268,3216,30
COLONIA LA DELIA,8995,3190,30
COLONIA LA ESPERANZA,9269,3216,30
COLONIA LA GAMA,19752,3136,30
COLONIA LA GLORIA,8819,3204,30
COLONIA LA LLAVE,9049,3158,30
COLONIA LA MARTA,27748,3185,30
COLONIA LA MATILDE,8820,3208,30
COLONIA LA MATILDE,8862,3287,30
COLONIA LA MORA,9270,3216,30
COLONIA LA BLANQUITA,20581,3254,30
COLONIA N 4,9194,3170,30
COLONIA AYUI,8710,3201,30
COLONIA AVIGDOR,8992,3142,30
BIZCOCHO,8805,3206,30
BOCA DEL TIGRE,19433,3150,30
BOCA DEL TIGRE APEADERO FCGU,19703,3116,30
BOCA GUALEGUAY,8882,2840,30
BONALDI,8987,3191,30
BOVRIL,8988,3142,30
BRAZO LARGO,27879,1647,30
BRITOS,8913,2824,30
BUENA VISTA PARAJE,18593,2840,30
CABI MONDA,8806,3228,30
CALABACILLAS,8706,3203,30
CALANDRIA,8989,3191,30
CALERA,17141,3281,30
CAMBA PASO,8707,3201,30
CAMINO A DIAMANTE KM 1,19711,3100,30
CAMPO DE VILLAMIL,20553,3241,30
CAMPO DOMINGUEZ,17647,3212,30
CAMPO ESCALES,19442,3156,30
CAMPO MORENO,9258,3252,30
BETBEDER,9046,3156,30
BERISSO DESVIO FCGU,8911,2852,30
BERISSO,8910,2848,30
BENITO LEGEREN,8705,3203,30
ARROYO SALADO,18725,2823,30
ARROYO SANCHEZ CHICO,18728,2823,30
ARROYO SANCHEZ GRANDE,18729,2823,30
ARROYO URQUIZA,17129,3280,30
ARROYO VENERATO,18738,2821,30
ARROYO ZAPALLO,18740,2823,30
ATENCIO,8858,3187,30
AVENIDA EJERCITO PARANA,9081,3100,30
AYUI PARADA,8704,3204,30
CAMPO RIQUELME,18187,3101,30
BAJADA GRANDE,9082,3100,30
BAÑADERO OFICIAL BURGOS,19694,3100,30
BAÑADERO OFICIAL LAS GALARZAS,19059,3137,30
BANDERAS,8846,3190,30
BARON HIRSCH,9255,3246,30
BARRANCAS COLORADAS,9083,3133,30
BASAVILBASO,9174,3170,30
BELEZ,9256,3252,30
BELLA UNION PARAJE,18351,3206,30
BENITEZ,9257,3216,30
BALNEARIO PELAY,9173,3260,30
CAMPS,19446,3150,30
CAÑADA DE LAS OVEJAS,8650,3267,30
CAÑADA DEL CERRO,27756,3228,30
CHIRCALITO,8861,3187,30
CLARA,9259,3252,30
CLODOMIRO LEDESMA,8708,3203,30
CNIA JUSTO JOSE DE URQUIZA,8714,3212,30
COLEGIO ADVENTISTA DEL PLATA,8781,3103,30
COLON,8652,3280,30
COLONIA 1 DE MAYO,27752,3265,30
COLONIA 1 DE MAYO,9178,3272,30
COLONIA 5 ENSANCHE DE MAYO,9179,3281,30
CHIQUEROS,9047,3158,30
COLONIA ACHIRAS,9260,3246,30
COLONIA ADIVINOS,27764,3142,30
COLONIA ALCARCITO,8991,3138,30
COLONIA ALEMANA,8810,3228,30
COLONIA ALGARRABITOS,9048,3156,30
COLONIA AMBIS,8653,3269,30
COLONIA ANGELA,9241,3151,30
COLONIA ARGENTINA,9087,3118,30
COLONIA ARROYO URQUIZA,9180,3281,30
COLONIA AVELLANEDA,9130,3107,30
COLONIA ADELA,8709,3201,30
COLONIA AYLMAN,27757,3228,30
CHILCAS,9240,3162,30
CHAVIYU COLONIA FLORES,8809,3204,30
CAÑADA GRANDE,19726,3111,30
CANAL PRINCIPAL,18750,2823,30
CANTERA LA CONSTANCIA,8651,3287,30
CARAGUATA,9175,3248,30
CARPINCHORIS,17653,3183,30
CARRIZAL,8780,3101,30
CASEROS,9176,3262,30
CATALOTTI,8859,3187,30
CEIBAL,8914,2823,30
CHAVIYU PARADA FCGU,8808,3206,30
CEIBAS,8915,2823,30
CENTENARIO LA PAZ,19098,3263,30
CENTENARIO PARANA,8990,3190,30
CENTRO COMUNITARIO CNIA NUE,9084,3118,30
CERRITO,9085,3122,30
CHACRAS,8883,2840,30
CHAJARI,8807,3228,30
CHAÑAR,8847,3181,30
CHAÑAR FELICIANO,8860,3187,30
CHAÑAR MARIA GRANDE PRIMERA,9086,3111,30
CENTELLA,9177,3261,30
ARROYO PRINCIPAL,18719,2823,30
COLONIA NAVARRO,8718,3201,30
COLONIA NUEVA ALEMANIA,9274,3218,30
EL CIMARRON,8850,3188,30
EL COLORADO,9006,3192,30
EL CORCOVADO,9007,3142,30
EL DIECISIETE,19224,3190,30
EL DURAZNAL,8725,3212,30
EL EMBALSADO,17856,3183,30
EL EMPALME PARAJE,19016,2846,30
EL GATO,27759,3180,30
EL GAUCHO,9008,3191,30
EL GRAMIYAL,8851,3144,30
EL GUALEGUAY,8887,3212,30
EL MARTILLO,8726,3201,30
EL NUEVO RINCON,18781,2820,30
EL PAGO APEADERO FCGU,8852,3212,30
EL PALENQUE,9108,3122,30
EL PINGO,9109,3132,30
EL POTRERO,20186,2821,30
EL PUEBLITO,9056,3151,30
EL QUEBRACHO,9009,3192,30
EL CHAJA,20091,3174,30
EL CARMEN,9005,3190,30
EL BRILLANTE,8674,3283,30
EL AVESTRUZ,9284,3216,30
DIAMANTE,8788,3105,30
DIEGO LOPEZ,27834,3180,30
DIST RAICES AL NORTE,20101,3177,30
DIST RAICES AL SUD,20678,3177,30
DISTRITO EL SAUCE,19478,3150,30
DISTRITO ESPINILLO,9106,3107,30
DISTRITO TALA,9107,3118,30
DOCTOR EUGENIO MUÑOZ,8922,2824,30
DOCTOR GARCIA,8789,3101,30
EL RAMBLON,9110,3109,30
DON CRISTOBAL,9053,3164,30
DON CRISTOBAL 2 SECCION,9055,3162,30
DON GONZALO,9003,3144,30
DON ROBERTO,8724,3212,30
DOS HERMANAS,8923,2854,30
DURAZNO,9161,3177,30
EBEN HOROSCHA,9283,3246,30
EJIDO COLON,8673,3281,30
EJIDO DIAMANTE,8790,3105,30
EJIDO SUD,9004,3190,30
DON CRISTOBAL 1 SECCION,9054,3150,30
EL REDOMON,8727,3212,30
EL REFUGIO,8728,3212,30
EL REMANCE,8888,2840,30
ESTABLECIMIENTO SAN EUSEBIO,20093,3177,30
ESTABLECIMIENTO SAN FRANCISCO,20094,3177,30
ESTABLECIMIENTO SAN MARTIN,18788,2823,30
ESTACAS,9012,3191,30
ESTACION ALCARAZ,9013,3188,30
ESTACION GENERAL RACEDO,8828,3114,30
ESTACION RAICES,27843,3241,30
ESTACION SANTA ANA,18369,3206,30
ESTACION SOLA,9165,3174,30
ESTABLECIMIENTO SAN EDUARDO,20092,3177,30
ESTACION URQUIZA,9207,3248,30
ESTACION YERUA,8730,3214,30
ESTANCIA BELLA VISTA,20199,3272,30
ESTANCIA CNIA LA PRIMAVERA,20214,3272,30
ESTANCIA CNIA SANTA ELENA,20221,3272,30
ESTANCIA CNIA STA TERESA,20229,3272,30
ESTANCIA COLONIA EL OMBU,20204,3272,30
ESTANCIA COLONIA EL TOROPI,20209,3272,30
ESTANCIA COLONIA LA TAPERA,20215,3272,30
ESTANCIA COLONIA PERIBEBUY,20216,3272,30
ESTACION URUGUAY,9208,3260,30
DESTACAMENTO GENERAL GUEMES,9105,3125,30
ESTABLECIMIENTO PUNTA ALTA,20464,3155,30
ESTABLECIMIENTO LAS MARGARITAS,18332,3114,30
EL ROSARIO,9010,3191,30
EL SARANDI,8924,3191,30
EL SAUCE,18782,2823,30
EL SOLAR,9011,3137,30
EL TALLER,9057,3117,30
MONTE CHICO,18418,3206,30
EL TROPEZON,19514,3150,30
EMBARCADERO FERRARI,8729,3201,30
EMPALME HOLT,8925,2846,30
ESTABLECIMIENTO LOS MONIGOTES,17367,3287,30
EMPALME NEILD,20607,3240,30
ENRIQUE CARBO,8926,2852,30
ESCRIÑA,8927,2828,30
ESCUELA ALBERDI,18329,3114,30
ESPINILLO NORTE,19827,3116,30
ESTABLECIMIENTO EL CARMEN,18330,3114,30
ESTABLECIMIENTO EL CIMARRON,19832,3114,30
ESTABLECIMIENTO EL TALA,19836,3118,30
ESTABLECIMIENTO LA CALERA,17345,3287,30
ESTABLECIMIENTO LA ESPERANZA,18331,3114,30
ENRIQUE BERDUC,8675,3118,30
COLONIA NUEVA,9094,3118,30
DESPARRAMADOS,9282,3246,30
CURUPI,20603,3240,30
COLONIA SAN ANTONIO,9199,3269,30
COLONIA SAN BONIFACIO,8720,3212,30
COLONIA SAN CIPRIANO,9200,3263,30
COLONIA SAN ERNESTO,17303,3254,30
COLONIA SAN FRANCISCO,8667,3283,30
COLONIA SAN IGNACIO,8668,3267,30
COLONIA SAN JORGE,9276,3252,30
COLONIA SAN JORGE,9201,3263,30
COLONIA SAN JOSE,8669,3218,30
COLONIA SAN JUAN,9098,3123,30
COLONIA SAN LORENZO,27758,3181,30
COLONIA SAN MANUEL,9277,3246,30
COLONIA SAN MARTIN,9099,3113,30
COLONIA SAN MIGUEL,8670,3265,30
COLONIA SAN RAMON,18359,3229,30
COLONIA SANDOVAL,9278,3252,30
COLONIA SANTA ANA,9202,3261,30
COLONIA SANTA ELENA,8671,3269,30
COLONIA SANTA ELOISA,18361,3206,30
COLONIA SAN ANTONIO,8666,3212,30
COLONIA SAGASTUME,9198,3246,30
COLONIA SAENZ VALIENTE,8665,3287,30
COLONIA RIVAS,8785,3164,30
COLONIA NUEVA MONTEVIDEO,9195,2828,30
COLONIA NUEVA NORTE,27750,3265,30
COLONIA NUEVA SAN MIGUEL,8663,3267,30
COLONIA NUEVA SUR,27751,3265,30
COLONIA NUEVA SUR,8662,3281,30
COLONIA OFICIAL N 1 LA FLORIDA,8823,3228,30
COLONIA OFICIAL N 11,19150,3190,30
COLONIA OFICIAL N 13,8997,3191,30
COLONIA OFICIAL N 14,8998,3191,30
COLONIA SANTA ELVIRA,18362,3229,30
COLONIA OFICIAL N 3,8999,3190,30
COLONIA OFICIAL N 5,8719,3216,30
COLONIA OFICIAL N 6,9196,3261,30
COLONIA OUGRIE,9000,3138,30
COLONIA PALMAR,8784,3101,30
COLONIA PEREIRA,8664,3272,30
COLONIA PERFECCION,9197,3260,30
COLONIA PERLIZA,9275,3246,30
COLONIA REFFINO,9096,3114,30
COLONIA RIVADAVIA,9097,3123,30
COLONIA OFICIAL N 4,9095,3134,30
COLONIA SANTA LUISA,9100,3133,30
COLONIA SANTA ROSA,8672,3267,30
COLONIA SANTA TERESITA,9203,3263,30
COSTA SAN ANTONIO,8920,2826,30
COSTA URUGUAY NORTE,27746,2821,30
COSTA URUGUAY SUR,18770,2821,30
CRESPO,9102,3116,30
CRESPO NORTE,9103,3118,30
CRUCESITAS 3 SECCION,9050,3151,30
CRUCESITAS 7 SECCION,9051,3109,30
CRUCESITAS 8 SECCION,9052,3177,30
CRUCESITAS URQUIZA,19468,3150,30
COSTA GRANDE DOLL,8787,3101,30
CUARTO DISTRITO,19389,3150,30
CUATRO BOCAS,20090,3174,30
CUATRO BOCAS,8827,3185,30
CUATRO BOCAS PARAJE,18775,2820,30
CUATRO MANOS,8885,2841,30
CUCHILLA,8886,2840,30
CUCHILLA REDONDA,8921,2852,30
CUEVA DEL TIGRE,8723,3201,30
CUPALEN,9206,3261,30
CURTIEMBRE,9104,3113,30
CUATRO BOCAS,18596,2840,30
CURUZU CHALI,9002,3190,30
COSTA GRANDE,8786,3101,30
COSTA DEL NOGOYA,8884,3155,30
COLONIA SAUCE,8824,3261,30
COLONIA SONENFELD,9279,3246,30
COLONIA STAUWER,18765,2820,30
COLONIA TRES DE FEBRERO,9204,3265,30
COLONIA TUNAS,27832,3185,30
COLONIA UBAJAY,20181,3260,30
COLONIA VAZQUEZ,17322,3267,30
COLONIA VELEZ,9280,3252,30
COLONIA VILLA LIBERTAD,8825,3228,30
COSTA DEL PAYTICU,9281,3138,30
COLONIA VILLAGUAYCITO,20602,3241,30
COLONIA YERUA,8721,3201,30
CONCEPCION DEL URUGUAY,9205,3260,30
CONCORDIA,8722,3200,30
CONSCRIPTO BERNARDI,8849,3188,30
COOPERATIVA BRAZO LARGO,8919,2823,30
COOPERATIVA GRAL SAN MARTIN,8826,3228,30
CORRALES,27763,3151,30
CORRALES NUEVOS,9101,3100,30
CORREA,8863,3187,30
COLONIA VIRARO,9001,3142,30
ARROYO PANCHO,19692,3111,30
BERDUC,8649,3285,30
ARROYO PALMAR,17127,3218,30
LA FAVORITA,9061,3158,30
LA ESTRELLA,9288,3254,30
LA ESMERALDA,8864,3187,30
LA ESCONDIDA,8944,2826,30
LA ENCIERRA,9287,3144,30
LA EMILIA,8740,3212,30
LA DILIGENCIA,9017,3142,30
LA CUADRA,8943,2823,30
1 DE MAYO,9224,3263,30
LA COSTA,8942,2852,30
LA CORVINA,19539,3150,30
LA COLORADA,8738,3212,30
LA COLMENA,9115,3134,30
LA COLINA,9060,3158,30
LA CLARITA,8681,3269,30
LA CHICA,8941,2824,30
LA CARLOTA,8680,3218,30
LA CAPILLA,18798,3246,30
LA CALERA,8833,3272,30
LA FLORENCIA,19549,3151,30
LA FLORIDA,8945,2824,30
LA FRATERNIDAD Y SANTA JUANA,18427,3228,30
LA GOYA,20312,3260,30
LA QUERENCIA,8746,3212,30
LA PICADA NORTE,9118,3118,30
LA PICADA,9117,3118,30
LA PERLA,8745,3216,30
LA PAZ,9018,3190,30
LA PAMPA,9289,3254,30
LA OLLITA,20120,3174,30
LA ODILIA,8744,3212,30
LA NOBLEZA,8743,3212,30
LA CALERA,8940,2823,30
LA MARUJA A,9063,3151,30
LA LOMA,19557,3151,30
LA LLAVE,9062,3158,30
LA LATA,8946,2820,30
LA JULIANA,9116,3134,30
LA JOYA,20653,3244,30
LA INVERNADA,8742,3212,30
LA ILUSION,19552,3150,30
LA HIERRA,8865,3183,30
LA GRANJA,8741,3212,30
LA MARIA LUISA,9212,3261,30
LA BLANQUEADA,18406,3224,30
LA BARRACA,20309,3260,30
LA BALSA PARANA,19894,3113,30
KILOMETRO 355,17980,3216,30
KILOMETRO 353,17387,3218,30
KILOMETRO 347,18176,3200,30
KILOMETRO 344,17386,3269,30
KILOMETRO 344,18174,3212,30
KILOMETRO 343,8736,3216,30
KILOMETRO 342,17976,3200,30
KILOMETRO 340,8937,2848,30
KILOMETRO 337,17384,3269,30
ARROYO PALO SECO,27846,3133,30
KILOMETRO 336,17382,3280,30
KILOMETRO 33,17961,3203,30
KILOMETRO 329,17953,3212,30
KILOMETRO 325,20650,3254,30
KILOMETRO 324,17381,3280,30
KILOMETRO 322,17379,3280,30
KILOMETRO 32,17945,3200,30
KILOMETRO 311,17377,3269,30
KILOMETRO 311,8936,2820,30
KILOMETRO 310,17376,3280,30
KILOMETRO 333,17970,3212,30
LA QUINTA,8747,3216,30
KILOMETRO 37,18389,3204,30
KILOMETRO 376,17991,3214,30
LA BALSA,9114,3113,30
LA ARGENTINA,8832,2846,30
LA AMIGUITA,20304,3244,30
LA ALICIA,8737,3212,30
KILOMETRO 99,17400,3283,30
KILOMETRO 89,17398,3285,30
KILOMETRO 88,17397,3280,30
KILOMETRO 86,17395,3285,30
KILOMETRO 84,18399,3228,30
KILOMETRO 373,17983,3214,30
KILOMETRO 6,18002,3201,30
KILOMETRO 51,18394,3206,30
KILOMETRO 50,17391,3287,30
KILOMETRO 49,17389,3280,30
KILOMETRO 47,18392,3206,30
KILOMETRO 45,17388,3287,30
KILOMETRO 45,19886,3116,30
KILOMETRO 44,18390,3204,30
KILOMETRO 43,18333,3116,30
KILOMETRO 389,8939,2846,30
KILOMETRO 56,17393,3285,30
KILOMETRO 306,20646,3252,30
LA ROSADA,8748,3201,30
LA SELVA,18411,3185,30
LUCAS SUR 2DA SECCION,9298,3240,30
LUCAS SUR 1RA SECCION,9291,3241,30
LUCAS NORTE,20662,3241,30
LUCAS NORESTE,9067,3216,30
LUCAS GONZALEZ,9066,3158,30
LOS SAUER,18101,3200,30
LOS PARAISOS,18414,3228,30
LOS PARAISOS,9065,3158,30
LOS OMBUES,9290,3241,30
LOS NARANJOS,9122,3134,30
LOS GANSOS,9245,3101,30
LOS CONQUISTADORES,8838,3183,30
LOS CHARRUAS,8754,3212,30
LOS CEIBOS,27828,3261,30
LOS BURGOS APEADERO FCGU,18335,3116,30
LOS BRILLANTES,8753,3212,30
LOS AMIGOS,8950,2828,30
LOMAS BLANCAS,8837,3185,30
LOMA NEGRA,8752,3212,30
LUCIENVILLE 1,18842,2828,30
LUCIENVILLE 2,18845,2828,30
LUCIENVILLE 3,18847,2828,30
LUCIENVILLE 4,18849,2828,30
MOLINO BOB,20098,3174,30
MOJONES SUR SEGUNDO,20670,3241,30
MOJONES SUR PRIMERO,20667,3241,30
MOJONES NORTE,20664,3241,30
MIRA MONTE,9023,3191,30
MIGUEL J PERLIZA,20663,3246,30
MESA,8870,3187,30
MEDANOS,8977,2848,30
MAZARUCA,8951,2846,30
LOMA LIMPIA,27835,3188,30
MAURICIO RIBOLE,9292,3216,30
MARTINETTI,9022,3191,30
MARIA GRANDE SEGUNDA,9125,3133,30
MARIA GRANDE PRIMERA,9124,3111,30
MARIA GRANDE,9123,3133,30
MANGRULLO,9221,3248,30
MANDISOVI,18416,3228,30
MANANTIALES,9021,3191,30
MAC KELLER,8869,3187,30
MAC DOUGALL,9220,3244,30
MARTINIANO LEGUIZAMON,8682,3285,30
LIONEL,20343,3244,30
LINEA 25,20338,3170,30
LINEA 24,20334,3170,30
LAS GARZAS,9120,3136,30
LAS CUEVAS,8794,3101,30
LAS COLONIAS,27761,3254,30
LAS COLAS,8896,2841,30
LAS CATORCE,8835,3228,30
LAS BATEAS,8895,2840,30
LAS ACHIRAS,8854,3281,30
LARROQUE,8947,2854,30
LAMBARE,27760,2841,30
LAS GUACHAS,9167,3174,30
LAMARCA,8834,3206,30
LAGUNA DEL PESCADO,9244,3155,30
LAGUNA BENITEZ,27838,3183,30
LA ZELMIRA,9214,2820,30
LA VIRGINIA,9119,3134,30
LA VERBENA,8866,3185,30
LA TIGRESA,9213,3260,30
LA SUIZA,17509,3280,30
LA SOLEDAD,18413,3229,30
LA SESTEADA,20313,3260,30
LAGUNA LARGA,20659,3241,30
LA S DIEZ CASAS,17511,3269,30
LAS LAGUNAS,8867,3187,30
LAS MASITAS,8948,2828,30
LINEA 20,20329,3244,30
LINEA 19,20327,3244,30
LIEBIG,9219,3281,30
LIBERTADOR SAN MARTIN,18334,3103,30
LIBERTADOR GRAL SAN MARTIN,19020,2846,30
LIBAROS,9218,3244,30
LESCA,8751,3200,30
LAZO,8897,2841,30
LAURENCENA,9064,3150,30
LAS LAGUNAS,9019,3191,30
LAS TUNAS,9121,3111,30
LAS TEJAS,8750,3201,30
LAS ROSAS,9217,2828,30
LAS PEÑAS,8836,3206,30
LAS PAJITAS,20661,3240,30
LAS MULITAS,8868,3191,30
LAS MOSCAS,9216,3244,30
LAS MOCHAS,8749,3216,30
LAS MERCEDES,8949,3272,30
LAS MERCEDES,9215,2854,30
LAS TOSCAS,9020,3191,30
KILOMETRO 306,18605,2840,30
KILOMETRO 361,8938,2848,30
KILOMETRO 303,18602,2841,30
ALCARACITO,8981,3142,30
ALCARAZ 1RO,8984,3144,30
ALCARAZ 2DO,8982,3138,30
ALCARAZ NORTE,8985,3136,30
ALCARAZ SUD,8986,3137,30
ALCETE,19631,3127,30
ALDEA ASUNCION,8880,2841,30
ALDEA BRASILERA,8775,3101,30
ALDEA CHALECO,19636,3116,30
ALDEA CUESTA,19642,3116,30
ALDEA EIGENFELD,19649,3116,30
ALDEA MARIA LUISA,9075,3114,30
ALDEA PROTESTANTE,8776,3101,30
ALDEA SALTO,8777,3101,30
ALDEA SAN ANTONIO,8908,2826,30
ALDEA SAN ANTONIO,27827,3117,30
ALDEA SAN FRANCISCO,18180,3101,30
ALDEA SAN GREGORIO,20550,3287,30
ALDEA SAN JORGE,20551,3252,30
ALBERTO GERCHUNOFF,9172,3170,30
ALBARIÑO,18349,3183,30
KILOMETRO 305,17374,3265,30
ALARCON,8907,2852,30
FEDERAL,8853,3180,30
FEDERACION,8829,3206,30
FEBRE,18795,3151,30
FAUSTINO M PARERA,8928,2824,30
FABRICA COLON,8676,3281,30
ESTAQUITAS,27842,3191,30
ESTANCIA SAN JUAN,19227,3190,30
ESTANCIA SAN JOSE,18374,3206,30
ESTANCIA SALINAS,18373,3229,30
ALDEA SAN JOSE,19665,3116,30
ESTANCIA LOS VASCOS,20236,3272,30
ESTANCIA LA FLORESTA,18371,3206,30
ESTANCIA GRANDE,27753,3201,30
ESTANCIA EL TOROPI,20233,3272,30
ESTANCIA COLONIA SANTA JUANA,20227,3272,30
ESTANCIA COLONIA SANTA ELOISA,20223,3272,30
ESTANCIA COLONIA SAN PEDRO,20218,3272,30
20 DE SEPTIEMBRE,9044,3158,30
ACHIRAS,9171,3246,30
AERO CLUB CANAL,18646,2823,30
ESTANCIA LA GAMA,19841,3138,30
ALDEA SAN JUAN,18649,2826,30
ALDEA SAN MIGUEL,19393,3116,30
ALDEA SAN RAFAEL,9076,3116,30
ARROYO CLE,27840,2841,30
ARROYO CONCEPCION,17118,3287,30
ARROYO CORRALITO,27845,3122,30
ARROYO DEL CURA,8909,2821,30
ARROYO DEL MEDIO,8845,3144,30
ARROYO EL MOCHO,17628,3212,30
ARROYO GRANDE,17125,3203,30
ARROYO HONDO,19046,3190,30
ARROYO HONDO,17629,3216,30
ARROYO CEIBO,19042,3191,30
ARROYO IBICUYCITO,18691,2805,30
ARROYO LA PACIENCIA,18692,2805,30
ARROYO LA VIRGEN,17631,3212,30
ARROYO LAS TUNAS,9080,3111,30
ARROYO LOS PLATOS,18699,2805,30
ARROYO MARIA,19689,3133,30
ARROYO MATURRANGO,27847,3133,30
ARROYO MOLINO,20131,3260,30
ARROYO MOREIRA,17632,3181,30
ARROYO OBISPO,20081,3174,30
ARROYO JACINTO,20451,3101,30
FERNANDEZ,8975,2846,30
ARROYO CARABALLO,17099,3265,30
ARROYO BURGOS,19685,3133,30
ALDEA SANTA CELIA,18650,2826,30
ALDEA SANTA MARIA,9077,3123,30
ALDEA SANTA MARIA,19396,3123,30
ALDEA SANTA ROSA,19679,3116,30
ALDEA SANTAFECINA,18182,3103,30
ALDEA SPATZENKUTTER,8778,3101,30
ALDEA VALLE MARIA,8779,3101,30
ALGARROBITOS 1RO,19401,3150,30
ALMACEN CRISTIAN SCHUBERT,9078,3111,30
ARROYO CABALLO,18661,2823,30
ALMIRANTE IGLESIAS,19410,3150,30
ALTAMIRANO SUD,20077,3174,30
ANAHI,19025,2846,30
ANTELO,9239,3151,30
ANTONIO TOMAS,20057,3125,30
ANTONIO TOMAS SUD,9079,3134,30
ARANGUREN,9045,3162,30
ARROYO BARU,8648,3269,30
ARROYO BRASILERO,18655,2805,30
ARROYO BUEN PASTOR,18660,2823,30
ALTAMIRANO NORTE,20072,3177,30
FLORESTA,9014,3191,30
ALBARDON,8879,2840,30
FORTUNA,18382,3183,30
KILOMETRO 148,19537,3151,30
KILOMETRO 147,19879,3118,30
KILOMETRO 131,19876,3118,30
KILOMETRO 116,19872,3132,30
KILOMETRO 115,20265,3260,30
KILOMETRO 114,17371,3280,30
KILOMETRO 112,20262,3260,30
KILOMETRO 11,17922,3203,30
KILOMETRO 108,20257,3260,30
KILMETRO 165,20509,3153,30
JUBILEO,9286,3254,30
JUAN JORGE,8679,3285,30
JUAN B MONTI,8735,3201,30
JORGE FINK,17900,3181,30
ISTHILART,8734,3204,30
ISLETAS NORTE,27755,3164,30
ISLETAS,27754,3164,30
ISLAS DE LAS LECHIGUANAS,8894,2846,30
ISLAS ALCARAZ,19229,3190,30
KILOMETRO 160,20622,3142,30
FLORIDA,18380,3229,30
KILOMETRO 183,20096,3176,30
KILOMETRO 189,20107,3174,30
KILOMETRO 293,20300,3263,30
KILOMETRO 290,18598,2841,30
KILOMETRO 288,20641,3240,30
KILOMETRO 285,20636,3240,30
KILOMETRO 284,20632,3240,30
KILOMETRO 283,20297,3263,30
KILOMETRO 28,19882,3114,30
KILOMETRO 279,20628,3240,30
KILOMETRO 270,20294,3261,30
ISLA SAN JOSE,8678,3287,30
KILOMETRO 268,20288,3263,30
KILOMETRO 25,17369,3177,30
KILOMETRO 244,20278,3272,30
KILOMETRO 242,20274,3272,30
KILOMETRO 24,17937,3203,30
KILOMETRO 231,20271,3170,30
KILOMETRO 220,20097,3174,30
KILOMETRO 208,20268,3172,30
KILOMETRO 200,20109,3177,30
KILOMETRO 192,20108,3174,30
KILOMETRO 253,20281,3272,30
ISLA LYNCH,19866,3100,30
KILOMETRO 180,20106,3174,30
ISLA EL PILLO,9243,3101,30
GRUPO ACHIRAS,9210,3246,30
GONZALEZ CALDERON,8890,2841,30
GONZALEZ,9015,3191,30
GOBERNADOR URQUIZA,20242,3248,30
GOBERNADOR SOLA,9145,3176,30
GOBERNADOR MANSILLA,9164,2845,30
GOBERNADOR MACIA,9168,3177,30
GOBERNADOR ECHAGUE,9163,2845,30
GILBERT,8930,2828,30
GRUPO PARRERO,20249,3244,30
GERIBEBUY,20240,3248,30
GENERAL RACEDO,9111,3122,30
GENERAL GALARZA,8889,2843,30
GENERAL CAMPOS,8732,3216,30
GENERAL ALVEAR,8791,3101,30
GENERAL ALMADA,8929,2824,30
GENACITO,9209,3272,30
FRONTERAS,18383,3185,30
FRIGORIFICO YUQUERI,8731,3203,30
ISLA LA PAZ,19228,3190,30
GENERAL RAMIREZ,8792,3164,30
GUALEGUAY,8891,2840,30
GOBERNADOR FEBRE,9058,3151,30
ISLA DEL IBICUY,8934,2823,30
ISLA EL DORADO,8935,2805,30
GUALEGUAYCHU,8931,2820,30
ISLA DEL CHARIGUE,27899,2100,30
ISLA CURUZU CHALI,9016,3190,30
IRAZUSTA,8933,2852,30
ING MIGUEL SAJAROFF,9285,3246,30
IBICUY,8976,2846,30
HOJAS ANCHAS,8893,2840,30
HIPODROMO,20095,3174,30
HINOJAL,9242,3162,30
HOLT,8932,2846,30
HERRERA,9211,3272,30
GUALEGUAYCITO,8830,3204,30
HERVIDERO,8733,3201,30
GUARDAMONTE,9166,3177,30
GUAYAQUIL,8831,3206,30
HAMBIS,8677,3269,30
GUALEYAN,8892,2821,30
HERNANDARIAS,9113,3127,30
HERNANDEZ,9059,3156,30
HASENKAMP,9112,3134,30
