PORTILLO AGUA DE TORO,5669,5545,50
PORTILLO CANALES,17863,5569,50
PORTEZUELO CHOIQUE,17623,5613,50
PONCE,18136,5594,50
PO DEL HUANACO,17620,5613,50
PO PEHUENCHE,17622,5613,50
PO VALLE HERMOSO,19897,5539,50
PO MALLAN,17621,5613,50
PO MAIPU,17846,5569,50
PO DEL RUBIO,19893,5539,50
PORTILLO CRUZ DE PIEDRA,17847,5569,50
POLVAREDAS,19899,5551,50
PORTILLO DE COLINA,17849,5569,50
PORTILLO DEL DIABLO,20644,5560,50
PORTILLO DE LA G  DEL CAMINO,17852,5569,50
PORTILLO DE LA LAGRIMA VIVA,19907,5539,50
PORTILLO DEL VIENTO,20557,5569,50
PORTILLO DE LA YESERA,20554,5569,50
PORTILLO DE LAS CABEZAS,20555,5569,50
PORTILLO DE LAS VACAS,19909,5539,50
PORTILLO DE LOMAS COLORADAS,19901,5539,50
PORTILLO DE PINQUENES,20643,5560,50
PORTILLO DEL TIGRE,19912,5539,50
PORTILLO DEL MEDIO,19910,5539,50
PORTILLO DEL NORTE,19911,5539,50
PORTILLO DEL PAPAL,20556,5569,50
PO DE LOS ESCALONES,17844,5569,50
PORTILLO DE INDIO,19905,5539,50
PO DE LA QUEBRADA HONDA,19892,5539,50
PASO LOS PALOS,20642,5560,50
PO DE CONTRABANDISTA,19890,5539,50
PASO DE LOS ANDES,5762,5503,50
PORTILLO LA PAMPA,19908,5539,50
PASO DE LAS CARRETAS,17829,5569,50
PASO DE LOS GAUCHOS,19216,5636,50
PASO DEL CISNE,17446,5533,50
PASO HONDO,5668,5541,50
PATA MORA,17618,5613,50
PATIMALAL,5832,5613,50
PAULINO MATURA,17269,5590,50
PAYUN,17619,5613,50
PEDREGAL,5797,5529,50
PEDRO CASTELU,17270,5590,50
PEDRO PABLO PEREZ,17271,5590,50
PO DE LA CUMBRE,19891,5539,50
PEDRO VARGAS,5939,5603,50
PERDRIEL,5763,5509,50
PETROLEO,5764,5549,50
PHILLIPS,5857,5579,50
PICHI CIEGO ESTACION FCGSM,5971,5594,50
PICOS BAYOS,17830,5569,50
PIEDRA DE AFILAR,5940,5615,50
PIEDRAS BLANCAS,5874,5569,50
PIRCAS DE OSORIO,17837,5569,50
PIRQUITA EMBARCADERO FCGSM,5632,5590,50
PLAZA DE MULAS,19885,5500,50
PO ALVARADO NORTE,17839,5569,50
PO ALVARADO SUR,17841,5569,50
PO AMARILLO,17843,5569,50
PEÑA,18135,5594,50
PORTILLO OCCIDENTAL DEL BAYO,20558,5569,50
PUESTO F TELLO,17889,5569,50
PORTILLO QUEMADO,19904,5539,50
PUESTO DE LA CORONA,19218,5636,50
PUESTO DE LA SALADA,17887,5569,50
PUESTO DE LAS CARRETAS,17275,5590,50
PUESTO DE LAS TROPAS,17276,5590,50
PUESTO DE OLGUIN,17277,5590,50
PUESTO DE OROZCO,17278,5590,50
PUESTO DE PETRA,17279,5590,50
PUESTO DE SOSA,17280,5590,50
PUESTO DEL BUEN PASTOR,19219,5636,50
PUESTO DEL CHAÑACAL,17282,5590,50
PUESTO EL CARRIZALITO,20562,5569,50
PUESTO EL JAGUAL,17888,5569,50
PUESTO EL JILGUERO,16969,5600,50
PUESTO DE GARRO,17274,5590,50
PUESTO EL MANZANO,20647,5560,50
PUESTO EL PICHON,17449,5533,50
PUESTO EL RETAMITO,17283,5590,50
PUESTO EL TOTORAL,19923,5539,50
PUESTO EL TRUENO,18138,5594,50
PUESTO ESCONDIDO,19914,5539,50
PUESTO GARCIA,18140,5594,50
PUESTO GENDARMERIA NACIONAL PO,17641,5613,50
PUESTO GENTILE,20392,5611,50
PUESTO GUAMPARITO,19924,5539,50
PUESTO HORQUETA,17891,5569,50
PUESTO ISLA CHAÑAR,5671,5435,50
PASO DE LAS CANOAS,17267,5590,50
PUESTO J ALVAREZ,17892,5569,50
PUESTO EL PERAL,19915,5539,50
PORTILLO PEDERNALES,20559,5569,50
PUESTO CHAMBON,19921,5539,50
PUESTO CANALES,20561,5569,50
POSTA DE HIERRO,19217,5621,50
POSTE DE FIERRO,5533,5621,50
POTRERILLOS,5765,5549,50
POTRERO SAN PABLO,20645,5560,50
PRIMAVERA,5578,5525,50
PROGRESO,5718,5535,50
PTA DEL AGUA VIEJA,16965,5600,50
PTO LOS AMARILLOS,17016,5636,50
PUEBLO DIAMANTE,5941,5600,50
PUEBLO ECHEVARRIETA,5942,5603,50
PUEBLO LUNA,5534,5632,50
PUEBLO SOTO,5943,5600,50
PUENTE DEL INCA,5670,5555,50
PUESTO CARRIZALITO,19918,5539,50
PUENTE VIEJO,17273,5590,50
PUERTO HORTENSA,17447,5533,50
PUERTO RINCON ESCALONA,20388,5613,50
PUESTA EL CAVADO,16966,5600,50
PUESTO A MARTINEZ,17884,5569,50
PUESTO AGUA AMARGA,17636,5613,50
PUESTO AGUA DE LA LIEBRE,16967,5600,50
PUESTO AGUA DE LA MERINA,20390,5613,50
PUESTO AGUA DE LA ZORRA,17886,5569,50
PUESTO AGUA DE ZANJON,19920,5539,50
PUESTO AGUA DEL MEDANO,16968,5600,50
PUESTO ALFARFA,20657,5561,50
PUESTO ALGARROBO GRANDE,17448,5533,50
PUESTO ATAMISQUI,17640,5613,50
PUERTA DE LA ISLA,5633,5590,50
PASCUAL SOSA,17266,5590,50
LOS ROSETI,17236,5590,50
PARAMILLO DE LAS VACAS,19884,5500,50
LUNLUNTA,5792,5517,50
LUZURIAGA,5770,5513,50
M ESCUDERO,17245,5590,50
M QUIROGA,17247,5590,50
MAIPU,5794,5515,50
MALAL DEL MEDIO,17604,5611,50
MALARGUE,5828,5613,50
MALLIN QUEMADO,17605,5613,50
LOS PARAMILLOS,17820,5569,50
MAQUINISTA LEVET,5630,5590,50
MARAVILLA,17248,5590,50
MARIA GARCIA,17249,5590,50
MARIA LUISA,17442,5563,50
LUJAN DE CUYO,5759,5507,50
MARIA VIUDA DE DONAIRE,17250,5590,50
MARQUEZ ESCUELA117,5795,5517,50
MASA,17972,5582,50
MATANCILLA,17606,5613,50
MATHEU NORTE,5666,5543,50
MATIAS GARRO,17254,5590,50
MATONCILLA,17607,5611,50
MATURANA,18124,5594,50
MAURICIO CALDERON,17255,5590,50
MAYOR DRUMMOND,27892,5507,50
MAZA,5796,5517,50
MECHANQUIL,17608,5613,50
MECHENGUIL,5829,5613,50
MEDANOS COLORADOS,17034,5636,50
MARIO OLGUIN,17252,5590,50
MEDARDO MIRANDA,17256,5590,50
LUIS MARQUEZ,17244,5590,50
LUANCO,20424,5611,50
PUESTO J CASTRO,20563,5569,50
LOS PARLAMENTOS,5931,5611,50
LOS PATOS,16977,5600,50
LOS PEJECITOS,16978,5600,50
LOS PEJES,5932,5603,50
LOS PENITENTES,5664,5553,50
LOS POZOS,17602,5613,50
LOS RALOS,5715,5537,50
LOS RAMBLONES,17235,5590,50
LOS RAMBLONES,17603,5611,50
LOS REPUNTES,16979,5600,50
LOS REYUNOS,5933,5615,50
LOS SAUCES,20284,5537,50
LUCAS DONAIRE,17243,5590,50
LOS SAUCES,5986,5563,50
LOS TAMARINDOS,5665,5539,50
LOS TAMARINDOS,17237,5590,50
LOS TERNEROS,5934,5600,50
LOS TOLDITOS,16980,5600,50
LOS TORDILLOS,17969,5582,50
LOS TORDILLOS,17240,5621,50
LOS TOSCALES,20547,5569,50
LOS VERDES,17241,5590,50
LOS VERDES,18119,5594,50
LOS VILLEGAS,17242,5590,50
LOS YAULLINES,17441,5533,50
LOS YOLES,18120,5594,50
LOTES DE GAVIOLA,5758,5507,50
LOS SAUCES LAVALLE,5987,5560,50
MEDIA LUNA,5530,6279,50
MEDRANO,5853,5585,50
MELITON CAMPOS,18125,5594,50
NECTO SOSA,17261,5590,50
NEGRO QUEMADO,20599,5623,50
NESTOR AGUILERA,17262,5590,50
NICOLAS ORDOÑEZ,17264,5590,50
NIHUIL,20600,5605,50
NIRE CO,17615,5611,50
NUEVA CALIFORNIA,5882,5535,50
OCHENTA Y CUATRO,19215,5633,50
OJO DE AGUA,20426,5611,50
ONOTRE PUEBLA,17265,5590,50
OVEJERIA,5531,5637,50
P PLANCHON,17617,5613,50
P ROSALES,18134,5594,50
NAVARRO,18132,5594,50
P SAN IGNACIO,19880,5539,50
PALERMO CHICO,5938,5624,50
PALMIRA,5557,5584,50
PAMPA AMARILLA,5831,5613,50
PAMPA DE LAS YARETAS,17834,5569,50
PAMPA DE LOS BAYOS,17827,5569,50
PAMPA DEL SALADO,17445,5535,50
PAMPA DEL TIGRE,5532,5637,50
PAMPA YALGUARAZ,19883,5539,50
PAMPITA EMBARCADERO FCGSM,5631,5598,50
PANQUEHUA,5667,5539,50
PAPAGAYO,5872,5569,50
PARADERO LA SUPERIORA,5588,5525,50
PARAMILLO,5717,5533,50
PACHANGO,5856,5579,50
NATALIA DONAIRE,17260,5590,50
ÑANCUÑAN,18131,5595,50
ÑACUÑAN,5937,5595,50
MELOCOTON,5988,5565,50
MENDOZA,5495,5500,50
MESETA COLORADA,17821,5569,50
MIGUEZ,18126,5594,50
MINA ARGENTINA,17609,5613,50
MINA ETHEL,17610,5613,50
MINA HUEMUL,17612,5613,50
MINA SANTA CRUZ,17613,5613,50
MINA VOLCAN OVERO,17823,5569,50
MINACAR,5830,5613,50
MINAS DE PETROLEO,5761,5509,50
MINAS DEL NEVADO,5935,5605,50
MINAS EL SOSNEADO,16964,5600,50
MINAS SALAGASTA,19873,5545,50
MINELLI,5854,5579,50
MOJON OCHO,19214,5636,50
MOLINO,17614,5613,50
MOLUCHES,5716,5535,50
MONTE BAYO,19874,5539,50
MONTE CASEROS,5556,5571,50
MONTE COMAN,5936,5609,50
MONUMENTO AL EJERCITO DE LOS A,19877,5539,50
MORON CHICO,18127,5594,50
MORON VIEJO,18128,5594,50
MORRO DEL CUERO,17826,5569,50
MOSMOTA,17257,5590,50
MOYANO,19847,5543,50
MUNDO NUEVO,5855,5579,50
N ZAPATA,18130,5594,50
PAREDITAS,5873,5569,50
PUESTO LA CACHACA,20488,5613,50
VILLA LA PAZ,5638,5591,50
PUESTO LA COSTA,5609,5582,50
SANTA MARIA DE ORO,5860,5579,50
SANTA MARTA,5722,5533,50
SANTA ROSA,5973,5596,50
SANTA TERESA,5953,5605,50
SANTIAGO ROMERO,17309,5590,50
SANTO DOMINGO,18149,5594,50
SARMIENTO,5802,5513,50
SATURNINO ROMERO,17310,5590,50
SERVILIANO OJEDA,17313,5590,50
SIERRA ANSILTA,20192,5539,50
SIERRA DE LAS HIGUERAS,20193,5545,50
SIERRA DEL TONTAL,20195,5539,50
SIXTO LEDESMA,17311,5590,50
SANTA MARIA,18148,5594,50
SOITUE,5954,5632,50
T OROZCO,18150,5594,50
TABANERA,5955,5607,50
TALQUENCA,18151,5594,50
TAMBITO,5536,5621,50
TAPERA DE LOS VIEJOS,20416,5613,50
TAPERA NEGRA,17992,5582,50
TAPON,5636,5598,50
TEODORO GARRO,17316,5590,50
TEODORO VILLARUEL,17318,5590,50
TEOFILA ACEVEDO,17320,5590,50
TEOFILO RUBEN,17323,5590,50
TEOFILO ZAPATA,17324,5590,50
TERESA B DE TITTARELLI,5803,5589,50
SOPANTA,5635,5591,50
TERMAS VILLAVICENCIO,5677,5545,50
SANTA ELENA,19225,5634,50
SANTA CLARA,20660,5561,50
RUIZ HUIDOBRO,5989,5560,50
RUSSELL,5799,5517,50
RUTA 7 KILOMETRO 1014,5883,5582,50
S CORTIS,17304,5590,50
S ESTRELLA,17932,5569,50
SALINAS EL DIAMANTE,5950,5605,50
SALTO DE LAS ROSAS,5951,5603,50
SAN ALBERTO,5675,5545,50
SAN ANTONIO,17305,5590,50
SAN CARLOS,5876,5569,50
SAN FRANCISCO DEL MONTE,5497,5503,50
SAN IGNACIO,19945,5539,50
SAN IGNACIO,5766,5549,50
SANTA ELENA,19947,5539,50
SAN JOSE,6001,5519,50
SAN JOSE DE TUPUNGATO,6002,5561,50
SAN MARTIN,5881,5570,50
SAN MIGUEL,5721,5537,50
SAN PABLO,5990,5563,50
SAN PEDRO,17454,5537,50
SAN PEDRO,17306,5590,50
SAN PEDRO,18146,5594,50
SAN PEDRO DEL ATUEL,5535,5621,50
SAN RAFAEL,5952,5600,50
SAN ROQUE,5800,5587,50
SANCHEZ DE BUSTAMANTE,5676,5539,50
SANTA ANA,18147,5594,50
SANTA BLANCA,5801,5531,50
SAN JOSE,5720,5535,50
RUFINO GOMEZ,17301,5590,50
TIERRAS BLANCAS,5877,5569,50
TILIO ALCARAZ,17330,5590,50
VILLA CATALA,5974,5596,50
VILLA CENTENARIO,5562,5570,50
VILLA COMPARTO,5537,5620,50
VILLA DEL CARMEN,5563,5570,50
VILLA GAVIOLA,5768,5507,50
VILLA HIPODROMO,5681,5547,50
VILLA LOS CORRALITOS,5580,5527,50
VILLA MOLINO ORFILA,5616,5571,50
VILLA NUEVA,5581,5521,50
VILLA RIVADAVIA,5861,5577,50
VILLA SAN ISIDRO,5862,5577,50
VILLA SECA,5805,5517,50
VILLA SECA DE TUNUYAN,5993,5563,50
VILLA BASTIAS,6004,5561,50
VILLA SUAVA,5590,5523,50
VILLA VIEJA,5639,5590,50
VILLAS UNIDAS 25 DE MAYO,5591,5519,50
VILLAVICENCIO,19957,5539,50
VISTA FLORES,5994,5565,50
VISTALBA,5769,5509,50
VIUDA DE OROZCO,17339,5590,50
VIUDA DE SATELO,17933,5569,50
VOLCAN MAIPU,17936,5569,50
VRA DE LAS VACAS,19959,5539,50
VUELTA DEL ZANJON,17036,5634,50
ZANJON AMARILLO,5682,5553,50
ZANON CANAL,17340,5590,50
ZAPATA,6005,5560,50
VILLA TULUMAYA,5712,5533,50
TILA,17328,5590,50
VILLA ATUEL,5957,5622,50
VICENTE PELETAY,17338,5590,50
TOMAS MERCADO,17332,5590,50
TOSCAL DEL TORO,17652,5613,50
TOTORAL,5991,5560,50
TRAVESIA,17333,5590,50
TRES ACEQUIAS,5615,5585,50
TRES BANDERAS,5878,5517,50
TRES ESQUINAS,5879,5569,50
TRES PORTEÑAS,5561,5589,50
TRINO ROSALESO,17335,5590,50
TROPERO SOSA,5678,5539,50
TTE BENJAMIN MATIENZO,5679,5539,50
TULUMAYA,20290,5533,50
TUNUYAN,5992,5560,50
VILLA ANTIGUA,5637,5590,50
TUPUNGATO,6003,5561,50
URISA,18152,5594,50
USPALLATA,5680,5545,50
V N DE COCHIQUITA,17654,5613,50
VALLE DE LAS LEÑAS,19211,5612,50
VALLE DE USPALLATA,19950,5545,50
VALLE HERMOSO,5804,5587,50
VEGA DE LOS BURROS,19953,5539,50
VEGA DE PRASO,17934,5569,50
VEGA FERRAINA,17655,5549,50
VEGAS DE LAS OVEJAS,17935,5569,50
VEGAS DE LOS CORRALES DE ARAYA,19955,5539,50
VERGEL,5589,5527,50
VICENTE MUÑOZ,17336,5590,50
UGARTECHE,5767,5509,50
ROSARIO GATICA,17298,5590,50
RODRIGUEZ PEÑA,5614,5585,50
RODRIGUEZ,18145,5594,50
PUESTO MALLIN,20567,5569,50
PUESTO MALO,20505,5613,50
PUESTO MANGA DE ARRIBA,17897,5569,50
PUESTO MANZANITO,20649,5560,50
PUESTO MARFIL,20499,5611,50
PUESTO MIRONDA,20651,5560,50
PUESTO NIEVES NEGRAS,17898,5569,50
PUESTO NUERAS,17284,5590,50
PUESTO OJO DE AGUA,20568,5569,50
PUESTO P MIRANDA,17902,5569,50
PUESTO P MONTRIEL,20569,5569,50
PUESTO PUNTA DEL AGUA,17903,5569,50
PUESTO QUEMADO,5875,5435,50
PUESTO LUNINA,19222,5621,50
PUESTO QUIROGA,17905,5569,50
PUESTO RINCON DE LA PAMPA,20570,5569,50
PUESTO RINCON DEL SAUCE,20501,5613,50
PUESTO RINCON ESCALONA,17644,5611,50
PUESTO RIQUITIPANCHE,19936,5539,50
PUESTO S PEREZ,17906,5569,50
PUESTO SAN JOSE,17984,5582,50
PUESTO SAN MIGUEL,17985,5582,50
PUESTO SAN VICENTE,18142,5594,50
PUESTO SANTA CLARA DE ARRIBA,19917,5539,50
PUESTO SANTA MARIA,20652,5560,50
PUESTO SANTA MARIA,17987,5582,50
PUESTO SECO,20571,5569,50
PUESTO SOSA,20572,5569,50
PUESTO RANCHO DE LA PAMPA,17452,5582,50
PUESTO ULTIMA AGUADA,17907,5569,50
PUESTO LUNA,20566,5569,50
PUESTO LOS RAMBLONES,17896,5569,50
PUESTO LA FLORIDA,17973,5582,50
PUESTO LA GRUTA,19927,5539,50
PUESTO LA HORTENSIA,17451,5537,50
PUESTO LA INVERNADA,20503,5613,50
PUESTO LA JARILLA,20308,5507,50
PUESTO LA JERILLA,20658,5561,50
PUESTO LA MOJADA,19928,5539,50
PUESTO LA NEGRITA,20489,5613,50
PUESTO LA NIEBLA,20490,5613,50
PUESTO LA PORTEÑA,20491,5613,50
PUESTO LA SEÑA,19221,5636,50
PUESTO LA SUIZA,20494,5613,50
PUESTO LA TOSCA,20648,5560,50
PUESTO LUFFI,20565,5569,50
PUESTO LA VENTANA,17642,5613,50
PUESTO LAS CORTADERAS,17895,5569,50
PUESTO LAS HIGUERAS,19929,5539,50
PUESTO LAS JUNTITAS,17974,5582,50
PUESTO LAS PICHANAS,17975,5582,50
PUESTO LAS PUNTANAS,16970,5600,50
PUESTO LAS VIBORAS,17977,5582,50
PUESTO LORCA,18141,5594,50
PUESTO LORETO,17643,5621,50
PUESTO LOS ALOJAMIENTOS,19931,5539,50
PUESTO LOS CAUSES,17979,5582,50
PUESTO LOS CHAÑARES,5672,5435,50
PUESTO LOS GAUCHOS,17982,5582,50
PUESTO LOS PAJARITOS,19926,5539,50
PUESTO LAS AGUADAS,17893,5569,50
PUESTO VEGA,17988,5582,50
PUESTO VIUDA DE ESTRELLA,20573,5569,50
PUESTO VUELTA DEL ZANJON,19223,5636,50
REFUGIO MILITAR GRAL ALVARADO,20394,5613,50
REFUGIO VIALIDAD,17928,5569,50
REGINO OJEDA,17296,5590,50
REINA,5558,5584,50
RESOLANA,5947,5601,50
RESURRECCION,5719,5535,50
RETAMO,5611,5582,50
RETAMO,5634,5590,50
RETAMO PARTIDO,17297,5590,50
REYES,5559,5589,50
RICARDO VIDELA,5612,5582,50
RINCON CHICO,17646,5613,50
RINCON DE CORREA,20539,5611,50
REFUGIO LA FAJA,17927,5569,50
RINCON DE LA RAMADA CHATO,17648,5613,50
RINCON ESCONDIDO,17649,5613,50
RINCON HUAIQUERIAS,17929,5569,50
RIO BARRANCAS,5836,5613,50
RIO BLANCO,5674,5553,50
RIO CHICO,5837,5613,50
RIO GRANDE,5838,5613,50
RIVADAVIA,5859,5577,50
RIVAS,17931,5569,50
ROBERTS,5613,5582,50
RODEO DE LA CRUZ,5579,5525,50
RODEO DEL MEDIO,5798,5529,50
RODEO GRANDE,19937,5539,50
RODOLFO ISELIN,5949,5603,50
RINCON DEL ATUEL,5948,5603,50
REDUCCION,5858,5579,50
RECOARO,5972,5596,50
REAL RINCON DE LAS OVEJAS,17925,5569,50
PUESTO ZAMPAL,17286,5590,50
PUNTA DE VACAS,5673,5553,50
PUNTA DEL AGUA,5944,5621,50
PUNTA DEL CANAL,18143,5594,50
PUNTOS DE AGUA,17288,5590,50
QUIRCACO,17645,5613,50
R BARRI,17908,5569,50
R BEBEDERA,17289,5590,50
R BUSTOS,18144,5594,50
RAMA CAIDA,5945,5603,50
RAMBLON,5610,5582,50
RAMBLON DE LA PAMPA,17290,5590,50
RAMBLON DE LOS CHILENOS,17453,5533,50
RAMBLON GRANDE,17291,5590,50
RAMON DONAIRE,17293,5590,50
RAMON GIMENEZ,17294,5590,50
RANCHITOS,5833,5613,50
RANQUIL NORTE,5834,5611,50
RANQUILCO POZOS PETROLIFEROS,5835,5613,50
REAL BAYO,17911,5569,50
REAL DE MOYANO,17912,5569,50
REAL DEL COLORADO,17914,5569,50
REAL DEL LEON,17916,5569,50
REAL DEL PADRE,5946,5624,50
REAL DEL PELAMBRE,17917,5569,50
REAL ESCONDIDO,17921,5569,50
REAL LOMA BLANCA,17919,5569,50
REAL PIEDRA HORADADA,17923,5569,50
REAL PRIMER RIO,17924,5569,50
PUESTO LA CALDENADA,19220,5621,50
LOS PAPAGAYOS,5757,5549,50
LOMAS CHICAS,17597,5613,50
LOS OLMOS,5555,5571,50
COLONIA ESPAÑOLA,5896,5607,50
COLONIA ELENA,5895,5603,50
COLONIA EL REGADIO,17101,5590,50
COLONIA EL CAMPANARIO,17737,5569,50
COLONIA DURAZNO,17734,5569,50
COLONIA DIVISADERO NEGRO,17732,5569,50
COLONIA DIVISADERO DEL CARDAL,17731,5569,50
COLONIA DELFINO,5598,5573,50
COLONIA DEL LEON,17727,5569,50
COLONIA DEL DIABLO,20614,5560,50
COLONIA DEL CARMEN,5689,5535,50
COLONIA DE LOS GUANAQUEROS,17726,5569,50
COLONIA ESTRELLA,17407,5533,50
COLONIA DE LAS MULAS,20613,5560,50
COLONIA COLOMER,5894,5603,50
COLONIA COLINA,17723,5569,50
COLONIA CHATO,20544,5569,50
COLONIA CHALET,17722,5569,50
COLONIA CANO,5747,5507,50
COLONIA BOUQUET,5505,5632,50
COLONIA BOMBAL Y TABANERA,5893,5607,50
COLONIA BOMBAL,5778,5529,50
COLONIA BARRAQUERO,5746,5509,50
COLONIA ATUEL NORTE,5892,5605,50
COLONIA ATUEL,20583,5623,50
COLONIA ASPERA,17721,5569,50
COLONIA CURNIÑAN,17725,5569,50
COLONIA ANDRE,5688,5535,50
COLONIA FARO,20615,5560,50
COLONIA GUADAL,17738,5569,50
COLONIA REINA,5545,5584,50
COLONIA PICO COLORADO,17756,5569,50
COLONIA PENCAL,17754,5569,50
COLONIA PEDERNALES,17753,5569,50
COLONIA PASCUAL IACARINI,5899,5615,50
COLONIA PAPAL,17751,5569,50
COLONIA OSAMENTA,17749,5569,50
COLONIA NEGRO,17748,5569,50
COLONIA NACIONAL DE LOS INDIOS,17747,5569,50
COLONIA MURALLA,17744,5569,50
COLONIA MONTE CASEROS,17958,5582,50
COLONIA MIRADOR,17743,5569,50
COLONIA FUNES,20301,5509,50
COLONIA LOS TAPONES,20619,5560,50
COLONIA LOS HUEVOS,17742,5569,50
COLONIA LOPEZ,5898,5622,50
COLONIA LOLA,17741,5569,50
COLONIA LAS ROSAS,5978,5565,50
COLONIA LAMBARE,5544,5571,50
COLONIA LA TORRECILLA,20617,5560,50
COLONIA LA LLAVE,16947,5600,50
COLONIA LA ESCONDIDA,20616,5560,50
COLONIA JAUREGUI,5897,5622,50
COLONIA JARA,5779,5529,50
COLONIA ITALIANA,5690,5533,50
COLONIA GUANACO,17740,5569,50
COLONIA LOS OSCUROS,20618,5560,50
COLONIA ALVEAR OESTE,5504,5632,50
COLONIA ALVEAR,5503,5632,50
COLONIA ALEMANA,5643,5543,50
CERRO TIGRE,19825,5539,50
CERRO SAPO,19824,5539,50
CERRO SANTA MARIA,19823,5539,50
CERRO SAN LORENZO,19822,5539,50
CERRO RIQUITIPANCHE,19821,5539,50
CERRO PUQUIOS,19818,5539,50
CERRO PUNTUDO,19816,5539,50
CERRO PUNTILLA NEGRA,19814,5539,50
CERRO PUNTA DE AGUA,19813,5539,50
CERRO POZO,19718,5539,50
CERRO POTRERILLOS,17719,5569,50
CERRO PONDERADO,19811,5539,50
CERRO TOLOSA,19826,5539,50
CERRO PLOMO,17717,5569,50
CERRO PELADO,19720,5549,50
CERRO PANTA,19810,5539,50
CERRO PAN DE AZUCAR,19808,5539,50
CERRO PAMPA SECA,19807,5539,50
CERRO NEVADO,5501,5621,50
CERRO NEGROS DE LAS MESILLAS,17716,5569,50
CERRO MONTURA,19804,5539,50
CERRO MEXICO,19803,5539,50
CERRO MELOCOTON,19802,5539,50
CERRO MASILLAS,19792,5539,50
CERRO MANANTIAL,19791,5539,50
CERRO LOS DIENTITOS,19716,5539,50
CERRO PIEDRA COLORADA,17686,5569,50
CERRO TUNDUQUERA,19828,5539,50
CERRO YALGUARAS,19719,5621,50
CERRO YARETA,19829,5539,50
COLONIA ALAZANES,17720,5569,50
COLONIA 3 DE MAYO,5644,5543,50
COLON SANDALHO,19830,5545,50
COIHUECO NORTE,20376,5611,50
COIHUECO,5816,5611,50
COCHICO,5502,5621,50
CLODOMIRO RETA,18033,5594,50
CLARENTINO ROLDAN,17100,5590,50
CIUDAD OESTE,17018,5634,50
CIRILO MAHONA,17098,5590,50
CIRCUNVALACION,5619,5591,50
CIENAGA DEL ALTO,17677,5569,50
CHIVILCOY,5543,5571,50
CHIMBAS PALMIRA,5566,5584,50
CHILOTE,18032,5594,50
CHILECITO,5865,5569,50
CHARCO VACAS,20375,5613,50
CHAPANAY,5542,5589,50
CHAÑARAL REDONDO,17097,5590,50
CHAMUSCAO,17096,5590,50
CHACRAS DE LIMA,17095,5590,50
CHACRAS DE CORIA,5727,5505,50
CHACHINGO,5777,5517,50
CHACHARALEN,17558,5611,50
CHACHAO,17557,5613,50
CESPEDES,5776,5517,50
CERROS COLORADOS,19831,5539,50
COLONIA RUSA,5900,5603,50
CERRO LOS BARROS,17714,5569,50
COLONIA SAN AGUSTIN,17757,5569,50
COLONIA SAN JORGE,18035,5594,50
EL CAPACHO,5866,5569,50
EL CAÑITO,5646,5543,50
EL CAMPAMENTO,5907,5609,50
EL CALVADITO,17416,5533,50
EL CAJON,17560,5613,50
EL CABAO VIEJO,18044,5594,50
EL BUEN PASTOR,17020,5634,50
EL BORBOLLON,5906,5541,50
EL BONITO,18043,5594,50
EL BANDERON,5508,5634,50
EL BALSADERO,17414,5533,50
EL AZUFRE,5819,5621,50
EL CARANCHITO,17136,5590,50
EL ARBOLITO,5507,5636,50
EL ALTO,5843,5577,50
EL ALTILLO,5750,5549,50
EL ALTILLO,5782,5531,50
EL ALPERO,5692,5535,50
EL ALGARROBO,20591,5595,50
EL ALGARROBO,18042,5594,50
EL ALGARROBO,27919,5561,50
EL ALGARROBAL,5905,5607,50
EL ALGARROBAL,5904,5541,50
EL ALAMO,17559,5613,50
EL ALAMBRADO,5818,5611,50
EL AGUILA,18185,5636,50
EL ALTO SALVADOR,5546,5571,50
EL 15,17411,5533,50
EL CARBALINO,20604,5592,50
LOS OTOYANES,5608,5579,50
EL DESVIO,17021,5621,50
EL CORBALNO,18048,5594,50
EL CONSUELO,5623,5590,50
EL COLORADO,19629,5595,50
EL COLORADO,5962,5592,50
EL COLON,17420,5535,50
EL CIPRES,5599,5585,50
EL CIENAGO,17561,5611,50
EL CHOIQUE,5821,5613,50
EL CHIRCAL,5693,5533,50
EL CHILCAL,17419,5533,50
EL CHAÑAR,19843,5435,50
EL CARMEN,18045,5594,50
EL CHALLAO,5647,5539,50
EL CHACAY,5820,5613,50
EL CHACALLAL,18047,5594,50
EL CERRITO,5908,5600,50
EL CERCADO,17138,5590,50
EL CEPILLO,17772,5569,50
EL CENTRAL,5547,5589,50
EL CENIZO,20377,5645,50
EL CEIBO,5509,5621,50
EL CAVADO CHICO,17137,5590,50
EL CAVADITO,17417,5537,50
EL CARRIZAL DE ABAJO,20303,5509,50
EL CARRIZAL,5751,5509,50
EL CHALET,17139,5590,50
E ROSALES,17135,5590,50
DULCE,17134,5590,50
DORREGO,5575,5519,50
CRUZ DE PIEDRA PTO GENDARMERIA,17770,5569,50
CRUZ DE PIEDRA,5781,5517,50
CRUZ BLANCA,19968,5537,50
CRISTOBAL LOPEZ,18038,5594,50
CRISTO REDENTOR,5645,5557,50
COSTA DEL DIAMANTE,5506,5637,50
COSTA DE ARAUJO,5691,5535,50
CORRAL DEL MOLLE,5620,5590,50
CORRAL DE LORCA,5565,5637,50
CORRAL DE CUERO,17102,5590,50
CORONEL BELTRAN,5817,5613,50
CORDON DEL PLATA,5998,5561,50
CRUZ DEL YUGO,17103,5590,50
COQUIMBITO,5780,5513,50
CONCHA SUBERCASEAUX,5748,5549,50
COMPUERTAS NEGRAS,5564,5632,50
COMISION NAC DE EMERGENCIA,16949,5600,50
COMANDANTE SALAS,5961,5594,50
COM NAC DE ENERGIA ATOMICA,20585,5600,50
COLONIA TRES ALTITOS,17765,5569,50
COLONIA TORRECITO,17763,5569,50
COLONIA TORRECILLAS,17759,5569,50
COLONIA TABANERA,5979,5560,50
COLONIA SOITUE,16948,5600,50
COLONIA SEGOVIA,5583,5525,50
COLONIA SANTA TERESA,5582,5527,50
CONTROL YPF,17767,5569,50
CRUZ GIMENEZ,18081,5594,50
CRUZ LEDESMA,17105,5590,50
CTO DEL TIGRE,19833,5539,50
DOROTEO ORDOÑEZ,17120,5590,50
DONATO OJEDA,17117,5590,50
DON MARTIN,17410,5537,50
DOMINGO REAL,17115,5590,50
DOMINGO OGA,17114,5590,50
DOMINGO LARA,17113,5590,50
DOMINGO GIMENEZ,17112,5590,50
DOCTOR ANTONIO SOOMAS,18154,5560,50
DIVISADERO NEGRO,20545,5569,50
DIVISADERO COLORADO,17771,5569,50
DIVISADERO,18041,5594,50
DISTRITO COMPUERTA,5749,5507,50
DIQUE RIO MENDOZA,20302,5507,50
DIQUE DEL VALLE DE UCO,20620,5560,50
DIONISIO ORTUBIA,17111,5590,50
DIONISIO ORDOÑEZ,17110,5590,50
DESAGUADERO,5622,5598,50
DELGADILLO,5621,5590,50
DANIEL MORGAN,17108,5590,50
DANIEL LUCERO,17107,5590,50
DALMIRO ZAPATA,17106,5590,50
D LOPEZ,18039,5594,50
CUPILES,20587,5595,50
CUESTA DE LOS TERNEROS,16950,5600,50
CUADRO NACIONAL,5903,5607,50
CUADRO BOMBAL,5902,5607,50
CUADRO BENEGAS,5901,5603,50
COLONIA SAN FRANCISCO,17408,5533,50
EL DIVISADERO,5548,5589,50
CERRO LOS BAJOS,17684,5569,50
CERRO LAGAÑOSO,19790,5539,50
BALDE LA PICHANA VIEJA,17950,5582,50
BALDE JOFRE,17948,5582,50
BALDE EL SOSNEADO,5886,5611,50
BALDE E AQUERA,17956,5582,50
BALDE DE PIEDRA,5959,5596,50
BALDE DE LOS GAUCHOS,17947,5582,50
BALDE DE LA JARILLA,17946,5582,50
BAJO DEL YUYO,18019,5594,50
BAJO DEL PELUDO,17463,5613,50
BAJADA DEL SAUCE,20542,5569,50
BAJADA DEL PERRO,17086,5590,50
BAJADA DEL FUERTE,17663,5569,50
BALDE LAS CARPAS,17951,5582,50
BAJADA DEL AGUA ESCONDIDA,17662,5569,50
BAJADA DE LOS PAPAGAYOS,17660,5569,50
BAJADA DE LOS GAUCHOS,17659,5569,50
BAJADA DE LA SALADA,17658,5569,50
BAJADA ARAUJO,5687,5535,50
B ELENA,17083,5590,50
B DE QUEBRADO,18017,5594,50
B DE ARAYA,18016,5594,50
AZCURRA,17943,5582,50
ATUEL SUD,5885,5623,50
ASUNCION,5686,5535,50
ARROYO LOS SAUCES,5976,5563,50
ARROYO CLARO,5975,5560,50
BAJADA DE YAUCHA,17661,5569,50
ARROYITO,5685,5537,50
BALDE LAS CATITAS,17952,5582,50
BALDE NUEVO,18022,5594,50
BORDE DE LA LINEA,18027,5594,50
BOLICHE LOS BARREALES,17470,5611,50
BOLICHE,17468,5613,50
BLAS PANELO,17090,5590,50
BLANCO ENCALADA,5736,5549,50
BERMEJO,5569,5533,50
BELTRAN,5810,5613,50
BELLE VILLE,18025,5594,50
BECERRA,17089,5590,50
BARRIO VILLA ADELA,5539,5584,50
BARRIO FERRI,5773,5531,50
BARRIALES LOS RANCHOS,17467,5613,50
BALDE LAS LAGUNITAS,18020,5594,50
BARREAL PAJARO MUERTO,19700,5539,50
BARREAL DE LA PAMPA SECA,19698,5539,50
BARREAL DE LA MESILLA,17466,5613,50
BARREAL COLORADO,17464,5613,50
BARDAS BLANCAS,5809,5611,50
BARCALA,5771,5587,50
BAÑOS LUNLUNTA,5735,5507,50
BAÑOS LA SALADA,17666,5569,50
BAÑOS DE CAPIZ,17665,5569,50
BAÑOS DE AZUFRE,20365,5611,50
BANDERITA,18023,5594,50
BAÑADO VERDE,17087,5598,50
BALDE SAN AGUSTIN,17955,5582,50
BARREAL JOSE LUIS,20364,5613,50
ARISTIDES VILLANUEVA,5884,5609,50
ARENALES,19697,5539,50
ARBOLEDA,5997,5561,50
ALGARROBAL ARRIBA,5641,5541,50
ALGARROBAL ABAJO,5640,5541,50
ALFREDO LUCERO,17074,5590,50
ALEJANDRO PEREZ,17073,5590,50
ALBERTO FLORES,17942,5582,50
AGUADA PUESTO LA TOTORA,17460,5611,50
AGUADA PEREZ,17459,5613,50
AGUADA PENEPE,17458,5613,50
AGUADA,5863,5569,50
AGUA RICA,20360,5611,50
AGUA NUEVA,16942,5600,50
AGUA ESCONDIDA,5807,5621,50
ALGARROBITO,19961,5537,50
AGUA DEL TORO,5808,5621,50
AGUA DE LOS MANANTIALES,5731,5549,50
AGUA DE LA MULA,16943,5600,50
AGUA DE DIAZ,20346,5545,50
AGUA DE CABRERA,17456,5613,50
AGUA BOTADA,17455,5613,50
AGUA AMARGA,5806,5563,50
AGRELO,5730,5509,50
ADRIAN MATURANO,17072,5590,50
9 DE JULIO,5683,5533,50
3 DE MAYO,5723,5543,50
25 DE MAYO,5956,5615,50
12 DE OCTUBRE,5958,5596,50
AGUA DEL CHANCHO,17457,5613,50
ALGARROBO,20217,5533,50
ALGARROBO DE SORTUE,16971,5600,50
ALGARROBO GRANDE,5593,5582,50
ARANZABAL,18015,5594,50
ARANCIBIA,18014,5594,50
ARAGANITA,17656,5569,50
ANTONIO SOSA,17082,5590,50
ANDRES PEREZ,17081,5590,50
ANDRADE,5839,5575,50
ANCON,5996,5561,50
ANCHORIS,5995,5509,50
ANACLETA VIUDA DE PEREZ,17080,5590,50
ANA DE DONAIRE,17079,5590,50
ALVAREZ CONDARCO,5734,5549,50
ALVAREZ,17078,5590,50
ALTO VERDE,5880,5582,50
ALTO VERDE,5595,5582,50
ALTO TRES COMPADRES,17403,5537,50
ALTO GRANDE,5594,5572,50
ALTO GRANDE,19696,5543,50
ALTO DEL SALVADOR,5538,5570,50
ALTO DEL PLOMO,20315,5549,50
ALTO DEL OLVIDO,5684,5533,50
ALTO DE LOS SAPOS,17076,5590,50
ALTO DE LOS PERROS,17075,5590,50
ALTO DE LOS MANANTIALES,5732,5549,50
ALTO DE LAS ARAÑAS,17404,5519,50
ALTO CON ZAMPA,18012,5594,50
ALTO AMARILLO,19962,5537,50
ALPATACAL,5617,5591,50
BORDO AMARILLO DE LA CRUZ PIED,17668,5569,50
CERRO LAS PIEDRAS,17713,5569,50
BORDO EL ALGARROBO,17669,5569,50
BORDOS DEL PLUMERILLO,17672,5569,50
CERRO COLOR,19747,5539,50
CERRO CLEMENTINO,19745,5539,50
CERRO CIENAGA,20009,5539,50
CERRO CIELO,19744,5539,50
CERRO CHIQUERO,19743,5539,50
CERRO CHATO,17695,5569,50
CERRO CATEDRAL,19742,5539,50
CERRO BRAVO,19741,5539,50
CERRO BONETE,19740,5545,50
CERRO BLANCO,19739,5539,50
CERRO BAY,19737,5539,50
CERRO BARBARAN O TRES PICOS,17693,5569,50
CERRO COLORADO,17699,5569,50
CERRO BARAUCA,19735,5539,50
CERRO ASPERO,19733,5539,50
CERRO ARROYO HONDO,17690,5569,50
CERRO ANGOSTURA,19732,5539,50
CERRO ALVARADO CENTRO,17688,5569,50
CERRO ALTO DE LAS PEÑAS,17683,5569,50
CERRO ALQUITRAN,5891,5611,50
CERRO ALOJAMIENTO,19731,5539,50
CERRO AGUADITA,19725,5539,50
CERRO AGUA SALADA,19723,5539,50
CERRO AGUA NEGRA,17687,5569,50
CERRO ACONCAGUA,19722,5500,50
CERRITO MORO,17676,5569,50
CERRO BALEADO,17691,5569,50
CERRILLOS NEGROS,19713,5539,50
CERRO COLORADO DE LAS LAGUNILL,17697,5569,50
CERRO CUERNO,19749,5539,50
CERRO LA MANO,19782,5539,50
CERRO LA INVERNADA,17711,5569,50
CERRO L CORRALES,19780,5539,50
CERRO JUAN POBRE,19778,5539,50
CERRO INVERNADA,19777,5539,50
CERRO HORQUETA,19775,5539,50
CERRO GUADALOSO,17710,5569,50
CERRO GRANDE,19774,5539,50
CERRO GASPAR,17709,5569,50
CERRO FUNDICION,19773,5539,50
CERRO FIERO,17708,5569,50
CERRO EL GUANACO,19771,5539,50
CERRO CORTADERAS,19748,5539,50
CERRO DURAZNO,19770,5539,50
CERRO DEL ZORRO,17705,5569,50
CERRO DEL RINCON BAYO,19768,5539,50
CERRO DEL POZO,17704,5569,50
CERRO DEL MEDIO,19767,5539,50
CERRO DEL CHACAY,19766,5621,50
CERRO DE LOS POTRERILLOS,19765,5500,50
CERRO DE LOS LEONES,17702,5569,50
CERRO DE LOS DEDOS,19763,5539,50
CERRO DE LOS BURROS,19762,5539,50
CERRO DE LAS LEÑAS,19761,5539,50
CERRO DE LA BANDEROLA,17701,5569,50
CERRO CUPULA,19714,5539,50
CERRO DIVISADERO DE LA CIENEGU,17706,5569,50
CERRILLOS AL SUD,20298,5501,50
CERRILLOS AL NORTE,5745,5509,50
CERRILLOS,5744,5509,50
CAÑADA ANCHA,5814,5613,50
CAÑADA AMARILLA,5888,5611,50
CAMPO EL TORO,17093,5590,50
CAMPO EL ALAMO,17554,5613,50
CAMPO DE LOS ANDES,5977,5565,50
CAMPAMENTO RANQUILCO,5813,5613,50
CAMPAMENTO CARAPACHO,17553,5611,50
CAMPAMENTO CACHEUTA YPF,5739,5549,50
CAMP VIZCACHERAS YPF,17673,5569,50
CALMUCO,5812,5611,50
CALLE TERRADA,5738,5507,50
CALLE LARGA VIEJA,5887,5605,50
CAÑADA COLORADA,5815,5613,50
CAJON GRANDE,5811,5613,50
CADETES DE CHILE,5618,5590,50
CACHEUTA,5737,5549,50
CABEZA DE VACA,17552,5613,50
CA DEL DIABLO,19704,5539,50
C GONZALES VIDELA,17092,5590,50
BUTA BILLON,17471,5613,50
BUITRERA,19701,5539,50
BUENA VISTA,5571,5525,50
BUENA NUEVA,5570,5523,50
BUEN ORDEN,5540,5570,50
BOYEROS,17091,5590,50
BOWEN,5499,5634,50
CAJON DE MAYO,16944,5600,50
CAÑADA SECA,5889,5603,50
CAÑADITA ALEGRE,5572,5519,50
CAÑADON DE BONILLA,19709,5621,50
CEPILLO VIEJO,20543,5569,50
CENTRAL HIDROELECTRICA 2,16946,5600,50
CENTRAL HIDROELECTRICA 1,16945,5600,50
CATITAS VIEJAS,5960,5594,50
CASILLA,19707,5539,50
CASAS VIEJAS,17674,5569,50
CASA DE PIEDRA,5743,5549,50
CASA DE LAS PEÑAS,20611,5560,50
CASA DE ADOBE,18030,5594,50
CARTELLONE,5775,5531,50
CARRODILLA LA PUNTILLA,5726,5505,50
CARRIZAL DE ARRIBA,5741,5509,50
CARRIZAL DE ABAJO,5742,5509,50
CARRIL NORTE,5541,5582,50
CARMENSA,5500,5621,50
CARLOS SUBERCASEUX,5740,5549,50
CARBOMETAL,5725,5505,50
CARACOLES,19706,5557,50
CAPIZ,5864,5560,50
CAPITAN MONTOYA,5890,5601,50
CAPILLA SAN JOSE,17406,5533,50
CAPILLA DEL ROSARIO,5574,5523,50
CAPILLA DEL COVADITO,17405,5533,50
CAPDEVILLE,5642,5543,50
CANCHA DE ESQUI,17555,5613,50
CANALEJAS,5498,5636,50
CANAL PESCARA,5573,5525,50
BORDO LECHUZO,17671,5569,50
EL DIVISADERO,18049,5594,50
JAGUEL,17580,5611,50
EL ESCONDIDO,18051,5594,50
GILBERTO PEREZ,17180,5590,50
GLACIARES DEL RIO BLANCO,20306,5549,50
GOBERNADOR BENEGAS,5656,5544,50
GOBERNADOR CIVIT,5966,5594,50
GOBERNADOR LUIS MOLINA,5700,5533,50
GODOY CRUZ,5496,5501,50
GOICO,5515,5609,50
GOUDGE,5914,5603,50
GREGORIO ZAPATA,17181,5590,50
GUADAL DE LOS PEREZ,17428,5533,50
GUADALES,5915,5609,50
GERTRUDIS DE OJEDA,17178,5590,50
GUALTALLARY,20655,5561,50
GUIDO,5657,5549,50
GUILLERMO DONAIRE,17182,5590,50
GURRUCHAGA,5551,5584,50
H GARZALA,17183,5590,50
HERMENEGILDO DIAZ,17185,5590,50
HONORIO ZAPATA,17187,5590,50
HORNITO DEL GRINGO,5658,5543,50
HORNOS DE MOYANO,5659,5543,50
HOTEL PORTEZUELO DEL VIENTO,20449,5613,50
HOTEL TERMAS DEL AZUFRE,17570,5613,50
HOTEL TERMAS EL SOSNEADO,17571,5613,50
GUAYQUERIA COLORADA,17568,5613,50
GERMAN MATURANO,17177,5590,50
GENERAL ORTEGA,5787,5517,50
GENERAL GUTIERREZ,5786,5511,50
EUSEBIA VIUDA DE GOMEZ,17163,5590,50
EVARISTO ACEVEDO,17164,5590,50
EVARISTO SALAS,17165,5590,50
EX FORTIN MALARGUE,20382,5611,50
FABRICIANO ROJAS,17166,5590,50
FELIPE GARRO,17167,5590,50
EL NEVADO,5511,5620,50
FELIPE PEREZ,18080,5594,50
FERMIN PEREZ,17170,5590,50
FINCA EL ARROZ,5784,5531,50
FINCA LOPEZ,5913,5622,50
FINCA LOS ALAMOS,20330,5531,50
FLORENCIO GARRO,19657,5590,50
FLORENCIO MOLINA,17168,5590,50
FLORENCIO ORDOÑEZ,17173,5590,50
FLORINDO FLORES,17962,5582,50
FORZUDO,17427,5537,50
FRANCISCO MOLINA,17174,5590,50
FRANCISCO ROJAS,17175,5590,50
FRAY LUIS BELTRAN,5785,5531,50
FRUCTUOSO DIAZ,17176,5590,50
GARGANTA DEL LEON,19849,5539,50
GASPAR CAMPOS,5513,5609,50
GENERAL ACHA,5699,5533,50
GENERAL ALVEAR,5514,5620,50
HUAICOS DE RUFINO,17188,5590,50
EUGENIO BUSTOS,5867,5569,50
HUAICOS DE RUFINO,18084,5594,50
HUAIQUERIA DE LOS BURROS,17792,5569,50
JOSE CAMPOS,18087,5594,50
JOSE DIAZ,17195,5590,50
JOSE FERNANDEZ,17196,5590,50
JOSE LUCERO,17197,5590,50
JOSE R MOLINA,17198,5590,50
JOSE SOSA,18088,5594,50
JOSE SUAREZ,17200,5590,50
JUAN B DUFAU,17201,5590,50
JUAN H ORTIZ,17202,5590,50
JUAN MILLAN,17203,5590,50
JUAN ZAPATA,17204,5590,50
JORGE NEWBERY,5602,5585,50
JULIO COMEGLIO,17206,5590,50
JUNTA DE LA VAINA,17581,5613,50
JUNTA DE LOS RIOS,17207,5590,50
KILOMETRO 1013,5703,5535,50
KILOMETRO 1032,5704,5535,50
KILOMETRO 1085,5752,5549,50
KILOMETRO 11,27932,5525,50
KILOMETRO 43,5705,5535,50
KILOMETRO 47,5918,5624,50
KILOMETRO 55,5753,5549,50
KILOMETRO 56,5517,5620,50
KILOMETRO 84,17026,5634,50
JUNIN,5597,5573,50
JOFRE,18086,5594,50
JOCOLI VIEJO,5702,5533,50
JOCOLI,5660,5543,50
HUECOS DE LOS TORDILLOS,17189,5590,50
IGNACIO VILLEGAS,17190,5590,50
IGUAZU,5916,5601,50
INGENIERO BALLOFFET,5917,5603,50
INGENIERO GIAGNONI,5601,5582,50
INGENIERO GUSTAVO ANDRE,5701,5535,50
IRINEO ZAPATA,17191,5590,50
ISABEL FLORES,17963,5582,50
ISLA CHICA,5788,5587,50
ISLA DEL CUCHILLO,17794,5569,50
ISLA GRANDE,5789,5587,50
ISLA RETAMITO,17192,5590,50
J CAMPOS,17795,5569,50
J ORTUBIA,17193,5590,50
J VERON,17796,5569,50
JAGUEL AMARILLO,17572,5611,50
JAGUEL DE LAS CHILCAS,17573,5509,50
JAGUEL DE ROSAS,17575,5611,50
JAGUEL DEL CATALAN,17576,5611,50
JAGUEL DEL GAUCHO,17577,5613,50
JAGUEL DEL GOBIERNO,17579,5613,50
JAIME PRATS,5516,5623,50
JARILLOSO,18085,5594,50
JAUCHA,20546,5569,50
JESUS NAZARENO,5577,5523,50
HUAIQUERIA DE LA HORQUETA,17791,5569,50
KILOMETRO 882,5518,5620,50
ESTANISLAO ORDOÑEZ,17160,5590,50
ESTANCIA YALGUARAZ,19842,5539,50
EL RINCON,17781,5569,50
EL ROSARIO,5697,5535,50
EL SALADO,17424,5563,50
EL SALTO,20305,5549,50
EL SAUCE,5576,5533,50
EL SOSNEADO,5823,5611,50
EL TAMARINDO,18065,5594,50
EL TAPON,17425,5533,50
EL TOPON,20623,5560,50
EL TOSCAL,20624,5560,50
EL TROPEZON,5911,5603,50
EL RETIRO,5512,5632,50
EL USILLAL,5912,5601,50
EL VAQUERO,17149,5590,50
EL VATRO,17566,5613,50
EL VENTARRON,17022,5621,50
EL VERGEL,5698,5533,50
EL VILLEGUINO,5965,5594,50
EL VILTEGUINO,20594,5594,50
EL ZAMPAL,20654,5561,50
EL ZAMPAL,17150,5590,50
EL ZAMPAL,18069,5594,50
EL ZAMPAL,17567,5613,50
EL ZAPATINO,17151,5590,50
EL VALLE,18067,5594,50
EL RETIRO,5964,5594,50
EL RETIRO,5845,5579,50
EL RETIRO,5696,5533,50
EL NIHUIL,5909,5605,50
EL PARAISO,5783,5531,50
EL PARRAL,17777,5569,50
EL PASCAL,17422,5533,50
EL PASTAL,5648,5541,50
EL PAYEN,17564,5613,50
EL PERAL,5999,5561,50
EL PERINO,17147,5590,50
EL PICONA,16951,5600,50
EL PLATEADO,16952,5600,50
EL PLUMERILLO,5649,5541,50
EL PLUMERO,17959,5582,50
EL PLUMERO,18061,5594,50
EL PORTILLO,20621,5560,50
EL PORVENIR,18063,5594,50
EL PORVENIR,5910,5603,50
EL PUESTITO,19845,5539,50
EL PUESTITO,17565,5613,50
EL PUMA,17779,5569,50
EL PUNTIAGUDO,17960,5582,50
EL REFUGIO,5728,5634,50
EL REGADIO,17148,5590,50
EL RESGUARDO,5650,5543,50
EL RETAMO,5695,5537,50
EL RETAMOSO,18064,5594,50
EL ZORZAL,18071,5594,50
ESTANCIA YAUCHA,17790,5569,50
ELOY FUNES,17152,5590,50
EMILIANO LUCERO,18072,5594,50
ESTANCIA LA CHUÑA,18079,5594,50
ESTANCIA LA CORTADERA,17024,5634,50
ESTANCIA LA PAMPA,5980,5563,50
ESTANCIA LA PUMA,17787,5569,50
ESTANCIA LA ROSA,20633,5560,50
ESTANCIA LA SALCEDINA,19645,5590,50
ESTANCIA LA SARITA,16955,5600,50
ESTANCIA LA TRINTRICA,16956,5600,50
ESTANCIA LA VARITA,17025,5634,50
ESTANCIA LA VIZCACHERA,17158,5590,50
ESTANCIA LAS CHILCAS,20595,5595,50
ESTANCIA LA ARGENTINA,20540,5577,50
ESTANCIA LAS HIGUERAS,20634,5560,50
ESTANCIA LOS CHACAYES,20635,5560,50
ESTANCIA LOS HUAICOS,16957,5600,50
ESTANCIA LOS LEONES,16958,5600,50
ESTANCIA MALLEA,20625,5560,50
ESTANCIA SAN MARTIN,19839,5539,50
ESTANCIA SILVA,20637,5560,50
ESTANCIA SOFIA RAQUEL,16959,5600,50
ESTANCIA TIERRAS BLANCAS,16960,5600,50
ESTANCIA USPALLATA,19840,5545,50
ESTANCIA VILLAVICENCIO,19834,5539,50
ESTANCIA VILUCO,17789,5569,50
ESTANCIA LAS VIZCACHERAS,17159,5590,50
ESTANCIA JOCOLI,19846,5539,50
ESTANCIA GUINAZU,20631,5560,50
ESTANCIA GIL,18075,5594,50
EMILIO NIETA,17153,5590,50
EMPALME FRONTERA,5651,5553,50
EMPALME RESGUARDO,5652,5539,50
EPIFANIO FERNANDEZ,17154,5590,50
ERNESTO ALCARAZ,17155,5590,50
ERNESTO LOPEZ,18073,5594,50
ESCUDERO,18074,5594,50
ESPEJO,5653,5539,50
ESPEJO RESGUARDADO,5654,5539,50
ESPINO,5550,5571,50
ESTACION USPALLATA,5655,5551,50
ESTANCIA AGUANDA,17782,5569,50
ESTANCIA ARROYO HONDO,17783,5569,50
ESTANCIA AVEIRO,20626,5560,50
ESTANCIA BELLA VISTA,20627,5560,50
ESTANCIA CASA DE PIEDRA,19835,5539,50
ESTANCIA CASAS VIEJAS,17786,5569,50
ESTANCIA CHACAICO,19212,5621,50
ESTANCIA CORREA,20629,5560,50
ESTANCIA CUEVA DEL TORO,19837,5539,50
ESTANCIA EL BALDERON,17023,5634,50
ESTANCIA EL BONITO,18076,5594,50
ESTANCIA EL CAMPAMENTO,16954,5600,50
ESTANCIA EL CARRIZAL,19838,5539,50
ESTANCIA EL CARRIZALITO,20630,5560,50
EMBALSE VALLE GRANDE,16953,5600,50
EL DURAZNO,17562,5611,50
KILOMETRO 884,5519,5634,50
KILOMETRO 947,18090,5594,50
LONCO VACAS,17598,5613,50
LOMITA MORADA,17817,5569,50
LOMITA LARGA,17816,5569,50
LOMAS COLORADAS,18115,5594,50
LOMAS BLANCAS,18114,5594,50
LOMAS BAYAS,19869,5539,50
LOMAS ALTAS,17596,5613,50
LOMA SOLA,19867,5539,50
LOMA PELADA,17814,5569,50
LOMA NEGRA GRANDE,17809,5569,50
LOMA NEGRA,17812,5569,50
LOS AHUMADOS,17968,5582,50
LOMA JAGUEL DEL GAUCHO,20420,5613,50
LOMA DEL MEDIO,17808,5569,50
LOMA DEL CHAÑAR,18112,5594,50
LOMA DEL CERRO ASPERO,17806,5569,50
LOMA DE LOS BURROS,19865,5539,50
LOMA COLORADA,19863,5539,50
LOMA CHATA,20639,5560,50
LOMA ALTA,17804,5569,50
LOLA MORA,17957,5582,50
LLANO BLANCO,17594,5611,50
LISANDRO ESCUDERO,17228,5590,50
LIRA,18111,5594,50
LOMA EXTENDIDA,17595,5613,50
LOS ALAMOS,5791,5531,50
LOS ALAMOS,17819,5569,50
LOS ALGARROBOS,5629,5590,50
LOS CORREDORES,5586,5521,50
LOS CORRALITOS,19226,5527,50
LOS CORRALES,20470,5621,50
LOS COMPARTOS,5529,5621,50
LOS COMETIERRAS,20640,5560,50
LOS COLORADOS,17231,5590,50
LOS COLADOS,17601,5613,50
LOS CLAVELES,16976,5600,50
LOS CHACAYES,19871,5539,50
LOS CARRIZALES,17600,5613,50
LOS CAMPAMENTOS,5528,5634,50
LOS CAMPAMENTOS,5842,5579,50
LOS BURGOS,17230,5590,50
LOS BRITOS,5928,5611,50
LOS BLANCOS,5714,5537,50
LOS BARRIALES,17599,5613,50
LOS BARRIALES,5607,5585,50
LOS BALDES,5713,5537,50
LOS ARROYOS,20421,5611,50
LOS ARBOLES,5851,5575,50
LOS ARBOLES,5985,5563,50
LOS ANGELES,5527,5634,50
LOS AMARILLOS,17032,5634,50
LOS ALTAMIQUES,17229,5590,50
LOS ALGODONES,17440,5537,50
LINO PEREZ,17226,5590,50
LOS EMBARQUES,5929,5595,50
LIMON,5585,5533,50
LAS YEGUAS,17593,5613,50
LAS CORTADERAS,19861,5545,50
LAS COMPUERTAS NEGRAS,19213,5632,50
LAS COMPUERTAS,5755,5549,50
LAS COLONIAS,5554,5571,50
LAS COLONIAS,20319,5509,50
LAS CHACRITAS,5754,5549,50
LAS CHACRAS,5825,5613,50
LAS CATITAS,5970,5594,50
LAS CARDITAS,20317,5549,50
LAS CANTERAS,19862,5539,50
LAS BARRANCAS,5772,5517,50
LAS CRUCES,17436,5537,50
LAS ARABIAS,18105,5594,50
LAGUNA SALADA,17591,5613,50
LAGUNA NEGRA,17590,5613,50
LAGUNA DEL ROSARIO,5710,5535,50
LAGUNA DE GUANACACHE,17435,5535,50
LADISLAO CAMPOS,17225,5590,50
LADISLAO,17221,5590,50
LA YESERA,17589,5613,50
LA VERDE,17966,5582,50
LA VERDE,5850,5577,50
LA VASCONIA,5925,5623,50
LA VARITA,5526,5634,50
LAGUNITA,20597,5527,50
LAS CRUCES,17222,5590,50
LAS CUEVAS,5662,5557,50
LAS DELICIAS,5711,5533,50
LAS VIZCACHAS,19693,5590,50
LAS VISTAS,17224,5590,50
LAS VISCACHERAS,5628,5590,50
LAS VIOLETAS,5871,5569,50
LAS VIOLETAS,17439,5533,50
LAS VEGAS,5756,5613,50
LAS VEGAS,27857,5549,50
LAS VAYAS,18109,5594,50
LAS TOTORITAS,19687,5591,50
LAS TORRECITAS,17967,5582,50
LAS TORRECITAS,5984,5560,50
LAS TAGUAS,20418,5613,50
LAS ROSAS,17223,5590,50
LAS ROSAS,5983,5560,50
LAS RAJADURAS,18108,5594,50
LAS PINTADAS,20638,5560,50
LAS PEÑAS,17803,5569,50
LAS PAREDES,5927,5601,50
LAS MINAS,17802,5569,50
LAS MALVINAS,5926,5605,50
LAS LOICAS,17592,5613,50
LAS JUNTAS,5826,5613,50
LAS HERAS,5663,5539,50
LAS GATITAS,18107,5594,50
LAS GATEADAS,17438,5533,50
LEZCANO,18110,5594,50
KILOMETRO 935 DESVIO FCGSM,5624,5590,50
LOS EUCALIPTOS,5567,5582,50
LOS HORCONCITOS,17234,5590,50
LA CIENAGUITA,18097,5594,50
LA CLARITA,18098,5594,50
LA COLA,17214,5590,50
LA COLONIA,5603,5570,50
LA COLONIA SUD,5967,5594,50
LA CONSULTA,5869,5567,50
LA CORONA,17029,5634,50
LA CORTADERA,19855,5545,50
LA CORTADERA,5625,5590,50
LA CORTADERA,17584,5613,50
LA COSTA,5968,5596,50
LA CHUNA,18096,5595,50
LA DIVISORIA,20384,5549,50
LA ESCANDINAVA,5521,5634,50
LA ESPERANZA,17429,5533,50
LA ESQUINA,17215,5590,50
LA ESTACADA,5981,5560,50
LA ESTANCIA,17216,5590,50
LA ESTRECHURA,17585,5613,50
LA EXCAVACION,17430,5537,50
LA FAVORITA,19664,5591,50
LA FLORIDA,5870,5569,50
LA FLORIDA,5847,5579,50
LA FLORIDA,18099,5594,50
LA DORMIDA,5969,5592,50
LA CHIMBA,5552,5589,50
LA CHILCA,5919,5595,50
LA CHAPINA,17212,5590,50
L DEL AGUERO,18091,5594,50
L PEREZ,18093,5594,50
L PRADO,17797,5569,50
LA ADELINA,5520,5634,50
LA ANGELINA,18094,5594,50
LA ANGOSTURA,19850,5539,50
LA ARBOLEDA,20656,5561,50
LA ARGENTINA,17798,5569,50
LA ARGENTINA,18095,5594,50
LA BAJADA,5706,5535,50
LA BANDERA,20605,5592,50
LA BANDERA,17582,5613,50
LA BARDA CORTADA,17583,5613,50
LA BATRA,5824,5613,50
LA BOVEDA,19851,5539,50
LA CALDENADA,17027,5634,50
LA CALIFORNIA,17028,5621,50
LA CAÑADA,5868,5567,50
LA CAÑADA,17208,5590,50
LA CARRERA,6000,5561,50
LA CARUSINA,16972,5600,50
LA CASA DEL TIGRE,19853,5539,50
LA CAUTIVA,17211,5590,50
LA CELIA,5707,5535,50
LA CENTRAL RIVADAVIA,5846,5579,50
LA FORTUNA,17431,5533,50
LOS FILTROS,20307,5505,50
LA FORTUNA,17218,5590,50
LA GUEVARINA,5920,5622,50
LA PAZ,5626,5590,50
LA PEGA,5709,5533,50
LA PICARONA,16974,5600,50
LA PICASA,16963,5600,50
LA PICAZA,17801,5569,50
LA PICHANA,17964,5582,50
LA PICHANA,5923,5600,50
LA PIRATA,5661,5553,50
LA POMONA,5525,5620,50
LA PORTEÑA,19683,5591,50
LA PORTEÑA,18103,5594,50
LA PASTORAL,5553,5582,50
LA PRIMAVERA,5584,5527,50
LA PRIMAVERA,5627,5590,50
LA QUEBRADA,5924,5622,50
LA SALINILLA,17588,5613,50
LA SEÑA,17031,5634,50
LA SIRENA,5849,5579,50
LA SOMBRILLA,18104,5594,50
LA TOMA,17433,5563,50
LOS MOROS,18118,5594,50
LOS MOLLES,5827,5611,50
LOS MEDANOS NEGROS,18116,5594,50
LOS HUARPES,5930,5636,50
LA PRIMAVERA,5982,5565,50
LA PALMERA,5708,5533,50
LA NEGRITA,17587,5613,50
LA MORA,5524,5636,50
LA HOLANDA,17432,5533,50
LA HORQUETA,19857,5539,50
LA HULLERA,19859,5549,50
LA ISLA,5604,5585,50
LA ISLA,17219,5590,50
LA ISLA CHICA,5605,5585,50
LA ISLA GRANDE,5606,5585,50
LA JACINTITA,19682,5591,50
LA JACINTO,18100,5594,50
LA JAULA,5790,5517,50
LA JAULA,19860,5539,50
LA JAULA,17799,5569,50
LA JAULA,16973,5600,50
LA JUNTA,17586,5613,50
LA LAGUNITA,18102,5594,50
LA LATA,20596,5600,50
LA LEONA,17220,5590,50
LA LIBERTAD,5848,5579,50
LA LLAVE,5921,5603,50
LA LLAVE NUEVA,16961,5600,50
LA LLAVE VIEJA,5922,5603,50
LA LUNINA,17030,5634,50
LA MARZOLINA,5522,5632,50
LA MINA DEL PECEÑO,16962,5600,50
LA MONTILLA,5523,5634,50
LA FUNDICION,19856,5539,50
LA VALENCIANA,20386,5611,50
LA TOSCA,16975,5600,50
EL MANZANO HISTORICO,18153,5560,50
EL ÑANGO,5549,5589,50
EL MOYANO,5600,5573,50
EL MOLLAR,20380,5611,50
EL MOLINO,18060,5594,50
EL MIRADOR,5844,5579,50
EL MAURINO,18059,5594,50
EL MARUCHO,18058,5594,50
EL MARCADO,18057,5594,50
EL MANZANO,5822,5611,50
EL LUQUINO,18121,5594,50
EL LEMINO,18056,5594,50
EL LECHUCITO,17775,5569,50
EL LECHUCITO,17146,5590,50
EL JUME,19230,5572,50
EL JILGUERO,17144,5590,50
EL INFIERNO,19844,5539,50
EL INFIERNILLO,17563,5509,50
EL GUERRINO,17143,5590,50
EL GUANACO,18054,5594,50
EL GUANACO,5694,5537,50
EL GUADAL DE CAMPOS,17774,5569,50
EL GORGINO,18053,5594,50
EL GONZANO,17140,5590,50
EL GIGANTILLO,19633,5591,50
EL JUNCALITO,5510,5620,50
