SANTA BARBARA,22134,4208,86
SANTA CATALINA,26745,3064,86
SANTA BRIGIDA,27405,5257,86
SANTA BRIGIDA,26063,4321,86
SANTA BARBARA FERREIRA,14472,4208,86
SANTA ANA,27399,5251,86
SAN CARLOS,26722,3749,86
SANTA ANA,22001,4205,86
SANTA ANA,27480,3760,86
SANTA ANA,26352,2354,86
SANTA CATALINA,26963,4203,86
SANSIOJ,27247,4197,86
SANTA ANA,26117,5250,86
SANTA CRUZ,27248,4197,86
SANTA ELENA,27409,5255,86
SANTA CRUZ,14207,4301,86
SANTA CRUZ,14287,4302,86
SANTA CRUZ,25997,4322,86
SANTA ELENA,26257,3741,86
SANTA ELENA,26184,5250,86
SANDIA HUAJCHU,14471,4208,86
SANTA FELISA,27252,4197,86
SANTA INES,25951,4308,86
SANTA ISABEL,25855,4208,86
SANTA ISABEL,26434,4315,86
SANTA JUSTINA,26927,3740,86
SANTA LUCIA,26847,4233,86
SANTA LUCIA,26031,4319,86
SANTA LUCIA,26233,4353,86
SANTA CRUZ,26752,4301,86
SANAVIRONES,27478,3064,86
SAN VICENTE,27435,4206,86
SAN VICENTE,25962,4322,86
SAN RAMON,21999,4205,86
SAN RAMON,14426,4238,86
SAN RAMON,21029,4301,86
SAN RAMON,14285,4302,86
SAN RAMON,22407,4322,86
SAN RAMON,21085,4328,86
SAN RAMON,14521,4339,86
SAN RAMON,21950,4350,86
SAN RAMON,26231,4353,86
SAN RAMON,26182,5255,86
SAN RAMON QUEBRACHOS,27395,5255,86
SAN CARLOS,27432,4201,86
SAN ROMANO,26845,4233,86
SAN ROQUE,22000,4205,86
SAN ROQUE,14370,4301,86
SAN ROQUE,14286,4302,86
SAN ROQUE,25996,4322,86
SAN ROQUE,21129,4326,86
SAN ROQUE,26232,4353,86
SAN RUFINO,21011,2356,86
SAN SALVADOR,25950,4308,86
SAN SALVADOR,26679,4354,86
SAN SEBASTIAN,26351,2354,86
SAN SEBASTIAN,22537,4206,86
SAN SIMON,21951,4350,86
SANTA MARIA,26774,3712,86
SAN VICENTE,14470,4212,86
SAN VICENTE,14348,4301,86
SAN VICENTE,14371,4301,86
SAN VICENTE,27413,4354,86
SANTA MARIA,27436,4201,86
SANTA MARIA,26234,4353,86
SANTA MARIA,14473,4208,86
SAN ALBERTO,26255,3741,86
SAN AGUSTIN,22525,4206,86
SAN AGUSTIN,21993,4205,86
SAN AGUSTIN,21009,2356,86
SALVIAIOJ GAITAN,21079,4328,86
SALINAS,27023,5250,86
SALINAS,21056,4317,86
SALDIVAR,26903,3740,86
SALADILLO,26030,4319,86
SALADILLO,25930,4304,86
SALADILLO,26403,4301,86
SALADILLO,26669,3745,86
SAINQUEN PUNCO,25999,4322,86
SACHAYOJ,14206,3731,86
SABAGASTA,27387,4319,86
RUTA PROVINCIAL 8,26461,4326,86
RUTA PROVINCIAL 5,26459,4326,86
RUTA PROVINCIAL 40,26457,4326,86
RUTA PROVINCIAL 17,26455,4326,86
RUTA PROVINCIAL 130,26454,4326,86
RUTA PROVINCIAL 11,26453,4326,86
RUTA NACIONAL 34,26450,4326,86
RUMIOS,21153,4338,86
RUMIARCO,27156,4415,86
RUMI JACO,27348,5257,86
RUMI JACO,26061,4321,86
RUMI HUASI,26115,5251,86
RUMI ESQUINA,14334,4234,86
RUMI,26637,4353,86
SAN ANDRES,22527,4206,86
SAN ANDRES,25993,4302,86
SAN ANDRES,26178,5250,86
SAN ANDRES,27362,5255,86
SANTA MARIA,25900,4317,86
SANTA MARIA,26064,4321,86
SANTA MARIA,21954,4350,86
SAN PEDRO KILOMETRO 49,26187,5258,86
SANTA MARIA,26681,4353,86
SANTA MARIA,26121,5251,86
SANTA MARIA,27415,5257,86
SANTA MARIA DE LAS CHACRAS,27255,4189,86
SANTA MARIA DTO FIGUEROA,26843,4354,86
SANTA PAULA,26839,2356,86
SANTA RITA,14372,4301,86
SANTA RITA,14288,4302,86
SANTA RITA,25998,4322,86
SANTA RITA,26235,4353,86
SANTA MARIA,26612,4206,86
SANTA ROSA,14208,3749,86
SAN BENITO,22529,4206,86
SAN BENITO,21994,4205,86
SAN ANTONIO DE LOS CACERES,25895,4317,86
SAN ANTONIO DE LOS CACERES,27431,4201,86
SAN ANTONIO DE LAS FLORES,26813,4233,86
SAN ANTONIO DE COPO,21081,4328,86
SAN ANTONIO,26912,4353,86
SAN ANTONIO,21947,4350,86
SAN ANTONIO,26717,4326,86
SAN ANTONIO,25894,4317,86
SAN ANTONIO,14421,4238,86
SAN ANTONIO,14420,4234,86
SAN ANTONIO,27430,4201,86
SAN ANTONIO,26406,3747,86
SANTA ROSA,25923,4197,86
SAN PEDRO,26320,5255,86
SAN PEDRO,22475,4324,86
SAN PEDRO,21949,4350,86
SAN IGNACIO,22533,4206,86
SAN IGNACIO,21995,4230,86
SAN IGNACIO,25948,4308,86
SAN IGNACIO,27803,5250,86
SAN IGNACIO P BLANCA,27805,5258,86
SAN ISIDRO,27241,4197,86
SAN ISIDRO,22534,4201,86
SAN ISIDRO,26583,4206,86
SAN ISIDRO,14464,4208,86
SAN ISIDRO,25898,4317,86
SAN ISIDRO,21125,4326,86
SAN ISIDRO,26463,4338,86
SAN ISIDRO,26225,4353,86
SAN ISIDRO,25833,4452,86
SAN ISIDRO,26180,5255,86
SAN JAVIER,26796,4184,86
SAN JAVIER,22399,4322,86
SAN JAVIER,21156,4338,86
SAN JAVIER,22303,5253,86
SAN JAVIER,26186,5258,86
SAN JERONIMO,14465,4208,86
SAN JORGE,14367,4301,86
SAN JORGE,26181,5250,86
SAN JORGE,27374,5255,86
SAN JOSE,22380,2354,86
SAN JOSE,21010,2356,86
SAN JOSE,26226,3740,86
SAN JOSE,14466,4208,86
SAN JOSE,14335,4237,86
SAN IGNACIO,26939,4205,86
SAN JOSE,14422,4238,86
SAN HORACIO,26729,3712,86
SAN GREGORIO,21057,4317,86
SAN CARLOS,14578,4225,86
SAN CARLOS,26814,4230,86
SAN CARLOS,14281,4300,86
SAN CARLOS,25896,4317,86
SAN CARLOS,27158,4350,86
SAN CARLOS,26918,4353,86
SAN CARLOS,22302,5253,86
SAN CAYETANO,25961,4322,86
SAN CAYETANO,27410,4354,86
SAN COSME,14579,4225,86
SAN CRISTOBAL,27236,4197,86
SAN DELFIN,26815,4233,86
RUMI,26221,3740,86
SAN DIONISIO,25897,4201,86
SAN ENRIQUE,26410,4324,86
SAN FELIPE,21154,4338,86
SAN FELIPE,26672,4353,86
SAN FELIX,26790,4187,86
SAN FELIX,25812,4336,86
SAN FERNANDO,22438,4321,86
SAN FRANCISCO,21948,4350,86
SAN FRANCISCO,26224,4353,86
SAN FRANCISCO,27371,5253,86
SAN FRANCISCO,26179,5258,86
SAN FRANCISCO LAVALLE,21155,4338,86
SAN GERMAN,21907,3062,86
SAN GREGORIO,27237,4197,86
SAN GREGORIO,14463,4208,86
SAN GREGORIO,14438,4301,86
SAN GUILLERMO,25947,4308,86
SAN JOSE,14368,4301,86
SAN JOSE,27698,4313,86
SAN JOSE,22473,4324,86
SAN MARTIN,27383,5253,86
SAN MATEO,22304,5253,86
SAN MIGUEL,26256,3741,86
SAN MIGUEL,14468,4208,86
SAN MIGUEL,26835,4233,86
SAN MIGUEL DEL MATARA,27161,4356,86
SAN NICOLAS,26229,3740,86
SAN NICOLAS,25922,4197,86
SAN NICOLAS,25813,4336,86
SAN NICOLAS,26466,4339,86
SAN NICOLAS,26678,4353,86
SAN NICOLAS,27391,5253,86
SAN NICOLAS,26062,5257,86
SAN PABLO,14469,4208,86
SAN PABLO,14580,4220,86
SAN PABLO,14369,4301,86
SAN PABLO,26468,4338,86
SAN PABLO,26920,4353,86
SAN PASCUAL,25949,4308,86
SAN PASTOR,21998,4205,86
SAN PATRICIO,26838,4230,86
SAN PEDRO,22032,3712,86
SAN PEDRO,26811,4184,86
SAN PEDRO,26599,4206,86
SAN PEDRO,14338,4233,86
SAN PEDRO,14425,4238,86
SAN PEDRO,21138,4326,86
SAN PEDRO,21084,4328,86
SAN PEDRO,25814,4336,86
SAN MARTIN,26228,4353,86
SAN MARTIN,25995,4322,86
SAN MARTIN,25899,4317,86
SAN MARTIN,14284,4302,86
SAN JOSE DE FLORES,27871,4203,86
SAN JOSE DEL BOQUERON,14347,4301,86
SAN JOSE DTO FIGUEROA,26841,4353,86
SAN JOSE ESTE,26724,4324,86
SAN JOSE OESTE,21139,4326,86
SAN JUAN,26733,3749,86
SAN JUAN,14467,4208,86
SAN JUAN,14336,4233,86
SAN JUAN,14423,4238,86
SAN JUAN,14282,4300,86
SAN JUAN,27032,5258,86
SAN JUANCITO,14337,4233,86
SAN JUSTO,26831,4203,86
SAN LORENZO,26589,4203,86
SAN PEDRO,26230,4353,86
SAN LORENZO,14424,4238,86
SAN LORENZO,25994,4322,86
SAN LORENZO,22259,5250,86
SAN LORENZO,27379,5253,86
SAN LUIS,25854,4205,86
SAN LUIS,21996,4230,86
SAN LUIS,14520,4301,86
SAN LUIS,26430,4315,86
SAN LUIS,21127,4326,86
SAN LUIS,27160,4351,86
SAN LUIS,26227,4353,86
SAN LUIS,26116,5251,86
SAN MANUEL,21997,4205,86
SAN MARCOS,27411,4324,86
SAN MARTIN,27434,4201,86
SAN LORENZO,14283,4302,86
RUBIA MORENO,14280,4300,86
CAMPO GRANDE,14184,4301,86
ROSIYULLOJ,22472,4324,86
POZO GRANDE,21939,4350,86
POZO GRANDE,25888,4317,86
POZO GRANDE,14203,4301,86
POZO GRANDE,27424,4201,86
POZO ESCONDIDO,22256,5250,86
POZO DULCE,26723,3062,86
POZO DEL TOBA,27148,3741,86
POZO DEL SIMBOL,14518,4301,86
POZO DEL MONTE,27317,5257,86
POZO DEL MONTE,26055,4321,86
POZO DEL MACHO,22255,5250,86
POZO DEL GARABATO,26169,5255,86
POZO DEL CHAÑAR,22296,5253,86
POZO DEL CHAÑAR,22254,5250,86
POZO DEL CASTAÑO,14202,4301,86
POZO DEL CAMPO,26772,4233,86
POZO DEL ARBOLITO,27334,4176,86
POZO DEL ALGARROBO,26168,5255,86
POZO DE LA PUERTA,14331,4230,86
POZO COLORADO,25820,3752,86
POZO CIEGO,14460,4208,86
POZO CERCADO,25887,4317,86
POZO CERCADO,26767,4203,86
POZO CERCADO,27423,4201,86
POZO CASTAÑO,26624,3745,86
POZO CABADO,22253,5250,86
POZO CABADO,21095,4334,86
POZO CABADO,14414,4238,86
POZO BETBEDER,27200,4189,86
POZO GRANDE,27098,5251,86
POZO,22466,4324,86
POZO HERRERA,27464,3761,86
POZO HUASCHO,14415,4225,86
PUERTA CHIQUITA,26960,4203,86
PUENTE RIO SALADO,21941,4350,86
PUENTE NEGRO,26664,4332,86
PUENTE DEL SALADO,25889,4317,86
PUENTE DEL SALADO,27425,4201,86
PUENTE DEL SALADILLO,27368,4319,86
PUENTE BAJADA,27150,4356,86
PUEDA SER,26775,4233,86
PUEBLO NUEVO,22523,4206,86
PUEBLITO,21053,4317,86
PROVIRU,22147,3740,86
PROVIDENCIA,14416,4238,86
PROGRESO DE JUME,27323,5255,86
PROGRESO DE JUME,26171,5250,86
PRIMAVERA,27321,5255,86
PRIMAVERA,26170,5250,86
POZUELOS,27340,4306,86
POZO VIL,22029,3712,86
POZO VERDE,22297,5253,86
POZO VERDE,14609,4301,86
POZO SALADO,26394,3747,86
POZO REDONDO,22257,5250,86
POZO MUERTO,26393,3747,86
POZO MOSOJ,27497,4324,86
POZO MORO,27496,4324,86
POZO MARCADO,26656,4326,86
POZO LINDO,22110,4184,86
POZO LIMPIO,14608,4301,86
POZO LERDO,22109,4184,86
POZO HONDO,14437,4184,86
POZANCONES,26764,4230,86
POZANCON,14413,4238,86
POTRERO BAJADA,14517,4301,86
PATAY,27136,3745,86
PASO REDUCIDO,27091,5250,86
PASO MOSOJ,26634,4324,86
PASO GRANDE,26622,4326,86
PASO DEL SALADILLO,22436,4321,86
PASO DE OSCARES,27289,5257,86
PARANA,26742,5266,86
PARANA,26958,4203,86
PARANA,26690,3749,86
PARAJE VILLA YOLANDA,22145,3740,86
PARAJE OBRAJE MARIA ANGELICA,22144,3740,86
PARAJE MILAGRO,22142,3740,86
PARAJE LILO VIEJO,22141,3740,86
PARAJE LA PAMPA,22139,3740,86
PARAJE LA BAJADA,27615,4300,86
PARAJE GAUNA,27127,3740,86
PARAJE EL PRADO,22138,3740,86
PARADA KILOMETRO 101,27092,5250,86
PAMPALLAJTA,21050,4317,86
PAMPA POZO,26215,4353,86
PAMPA POZO,21937,4350,86
PAMPA POZO,14412,4238,86
PAMPA POZO,21991,4230,86
PAMPA POZO,26905,4205,86
PAMPA POZO,27195,4189,86
PAMPA MUYOJ,27116,4351,86
PAMPA MUYOJ,26532,4203,86
PAMPA MAYO,26446,4336,86
PAMPA GRANDE,27086,5251,86
PATILLO,14571,4225,86
PELUDO WARCUNA,27198,4197,86
PENAL PROVINCIAL,27495,4313,86
PERALTA,26028,4319,86
POSTA SANITARIA POCITOS,22310,4220,86
PORTEZUELO,26108,5251,86
PORTALIS,27311,5257,86
PORTALIS,26054,4321,86
PORONGOS,27069,4308,86
PORONGOS,14363,4301,86
PORONGAL,21992,4230,86
PORONGAL,26914,4205,86
POLVAREDAS,27296,5257,86
POLVAREDA,26053,4319,86
POLEO POZO,27330,4306,86
POLEO POZO,22088,4184,86
POCITOS,27422,4201,86
POCITO DE LA LOMA,26761,4233,86
PUERTA DE LAS PIEDRAS,14332,4230,86
PLATERO,25831,4452,86
PIRHUAS,26619,4353,86
PIRHUAS,26216,3740,86
PINTO  VILLA GENERAL MITRE,14181,2356,86
PINEDO,22028,3712,86
PINEDA,26416,4317,86
PIEDRITAS,26959,4203,86
PIEDRA BUENA,25916,4197,86
PIEDRA BUENA,26759,4187,86
PIEDRA BLANCA,27097,5258,86
PICOS DE ARROZ,25830,4452,86
PICOS DE AMOR,25829,4452,86
PEREZ DE ZURITA,14572,4221,86
PERCHIL BAJO,27494,4313,86
PERCAS,26639,4324,86
PIRUITAS,25853,4315,86
ROVERSI,26874,3736,86
PUERTA DE LOS RIOS,27101,5249,86
PUERTA DEL MONTE,27375,5257,86
REPRESA,21072,4328,86
REPECHO MONTENEGRO,21944,4350,86
REPECHO DIAZ,21943,4350,86
REPARO,14365,4301,86
REMES,26550,4203,86
REMEDIOS DE ESCALADA,27699,4313,86
REMANSOS,27335,5257,86
REMANSOS,26060,4321,86
REMANSO,26111,5251,86
REMANSITO,26636,4354,86
REMANSITO,26219,4353,86
REMANSITO,25959,4322,86
REMANSITO,26423,4317,86
REMANSITO,14333,4230,86
REAL SAYANA,14226,4334,86
SANTA ROSA,26964,4203,86
RAPELLI,27221,4189,86
RANCHITOS,14204,4301,86
RAMIREZ DE VELAZCO,27333,5257,86
RAMI YACU,27329,5257,86
RAMI YACU,26059,4321,86
RAMADITAS,25891,4317,86
RAMADITAS,27427,4201,86
RAMADITA,27328,5257,86
RAMADITA,26058,4321,86
RAMADITA,14462,4208,86
RAMA PASO,26057,5257,86
QUITA PUNCO,25992,4322,86
QUITA PUNCO,14278,4302,86
RETIRO,26825,2357,86
QUISÑA LORO,26218,4353,86
RETIRO,22114,4184,86
RETIRO,26112,5251,86
ROSARIO,26220,4353,86
ROSADA,26114,5251,86
ROMANOS,14611,4302,86
ROMA,25832,4452,86
ROLDAN,27155,4356,86
RODEO DE VALDEZ,25893,4317,86
RODEO DE VALDEZ,27429,4201,86
RODEO DE SORIA,25892,4317,86
RODEO DE SORIA,27428,4201,86
RODEO BAJADA,21946,4350,86
RODEO,26791,4203,86
RODEITO,26789,4233,86
ROBLES,27498,4313,86
RIVADAVIA,27123,4322,86
RIVADAVIA,26395,3749,86
RIO VIEJO,27344,5253,86
RIO SALADILLO,26993,5250,86
RIO NAMBI,26917,4208,86
RIO MUERTO,14346,4301,86
RIO DE GALLO,27408,4354,86
RIO DE GALLO,25960,4322,86
RINCON ESPERANZA,27154,4356,86
RINCON DE LA ESPERANZA,21077,4328,86
RINCON,26113,5251,86
RINCON,14366,4301,86
RINCON,14279,4300,86
REY VIEJO,27341,5255,86
REY VIEJO,26177,5250,86
RETIRO,27338,5257,86
RETIRO,14205,4301,86
QUISHCA,25991,4322,86
QUISHCA,14277,4302,86
QUIMILLOJ,22470,4324,86
PUESTO NUEVO,26545,4203,86
PUESTO NUEVO,27207,4197,86
PUESTO LOS MARCOS,26448,4336,86
PUESTO DEL SIMBOL,27206,4197,86
PUESTO DEL ROSARIO,26419,4313,86
PUESTO DEL RETIRO,14574,4223,86
PUESTO DEL MEDIO,27326,5257,86
PUESTO DEL MEDIO,26173,5255,86
PUESTO DEL MEDIO,26056,4321,86
PUESTO DEL MEDIO,14418,4238,86
PUESTO DEL MEDIO,27870,4201,86
PUESTO DEL MEDIO,21964,4200,86
PUESTO DEL MEDIO,27204,4197,86
PUESTO DEL MEDIO,26631,3745,86
PUESTO DEL MEDIO,22030,3712,86
PUESTO DE VIEYRA,14573,4225,86
PUESTO DE MENA,26627,4353,86
PUESTO DE MENA,26217,3740,86
PUESTO DE JUANES,14461,4208,86
PUESTO DE DIAZ,25890,4317,86
PUESTO DE DIAZ,14417,4238,86
PUESTO DE DIAZ,27426,4201,86
PUESTO DE ARRIBA,26172,5255,86
PUESTO CORDOBA,26702,3712,86
PUESTO,26109,5251,86
PUESTO,26780,4233,86
PUESTITO DE SAN ANTONIO,22524,4206,86
PUESTITO,26538,4313,86
PUERTA GRANDE,22113,4184,86
PUMA,27145,3740,86
PUMITAYOJ,25946,4308,86
PUNA,27153,3752,86
PUNCO,27151,4350,86
QUIMILIOJ,26635,4353,86
QUIMILI PASO,27378,4321,86
QUIMILI,14492,3740,86
QUILUMPA,26869,3745,86
QUERA,14577,4225,86
QUENTI TACO,26176,5255,86
QUEMADITO,25919,4195,86
QUEBRADA ESQUINA,27217,4197,86
QUEBRACHOS,14576,4225,86
QUEBRACHOS,26784,4203,86
QUEBRACHO YACU,14610,4301,86
QUEBRACHO PINTADO,25821,3752,86
QUEBRACHO HERRADO,26548,4206,86
QUEBRACHO COTO,27210,4195,86
PUERTA DEL CIELO,26778,4203,86
QUEBRACHITOS,21008,2356,86
QUEBRACHAL,27104,5251,86
QUEBRACHAL,14364,4301,86
PUNTA RIELES,21031,3712,86
PUNTA POZO,21122,4326,86
PUNTA POZO,21054,4317,86
PUNTA POZO,14575,4225,86
PUNTA DEL MONTE,21006,2356,86
PUNTA DEL GARABATO,21005,2356,86
PUNTA DEL AGUA,26175,5255,86
PUNTA DE RIELES,26278,4351,86
PUNTA CORRAL,26675,4326,86
PUNITA SUD,22300,5253,86
PUNITA NORTE,22298,5253,86
PUNI TAJO,27465,3760,86
QUEBRACHITO,26110,5251,86
SANTA ROSA,26623,4206,86
TACO SUYO,22477,4324,86
SANTA ROSA,14289,4302,86
ALEJITO,21911,4350,86
ALBERDI,21017,3747,86
ALBARDON CHUÑA,14215,4208,86
ALBARDON,27702,5253,86
ALARCON,26327,2356,86
AIBALITO,14387,4238,86
AIBALITO,21016,3747,86
AIBAL,26850,4353,86
AIBAL,26188,3740,86
AHI VEREMOS,26068,5251,86
AHI VEREMOS,27695,4452,86
AHI VEREMOS,21159,4300,86
AHI VEREMOS,14386,4238,86
CAMPO GRANDE,26779,4206,86
AHI VEREMOS,27066,4197,86
AGUSTINA LIBARONA,26357,3741,86
AGUJEREADO,14385,4238,86
AGUAS COLORADAS,14594,4301,86
AGUADITA,26067,5251,86
AGUADA,14529,4220,86
AGUA TURBIA,27331,5251,86
AGUA SALADA,26258,3736,86
AGUA DULCE,25838,3766,86
AGUA CALIENTE,26065,5251,86
AGUA BLANCA,22150,5250,86
AGUA BLANCA,26356,3749,86
AGUA AZUL,27062,4189,86
AGUA AMARGA,27060,4197,86
AEROLITO,26844,3741,86
ALGARROBAL VIEJO,27074,4197,86
ACOSTA,14593,4302,86
ALGARROBALES,14530,4304,86
ALHUAMPA,14487,3741,86
ANTAJE,14229,4302,86
ANJULI,14533,4220,86
ANIMAS,22091,4184,86
AÑIL,22090,4184,86
ANGA,27169,4321,86
ANCOCHE,26070,5251,86
ANCOCHA,26429,4201,86
ANCHORIGA,22034,4313,86
ANCHILO,22136,3740,86
ANCHANGA,25862,4201,86
ANCAJAN,14306,4233,86
ANCA,22427,4321,86
AÑATUYA,14377,3760,86
AMPA,21913,4350,86
AMOLADERAS,26992,5255,86
AMIMAN,26987,5251,86
AMICHA,27524,4225,86
AMBARGASTA,26984,5251,86
AMAPOLA,14532,4223,86
AMAMA,14488,4353,86
ALZA NUEVA,26189,4353,86
ALTO POZO,25968,4322,86
ALTO POZO,14228,4302,86
ALTO BELLO,26753,4203,86
ALTO ALEGRE,26748,4233,86
ALTA GRACIA,22305,4220,86
ALTA GRACIA,26925,4203,86
ALPAPUCA,26069,5251,86
ALPA PUCA,14531,4225,86
ALGARROBO,26979,5251,86
ACOS,27522,4176,86
ABRITA GRANDE,26426,4201,86
ABRITA CHICA,26421,4201,86
YACUCHIRI,25859,4208,86
YACU HURMANA,26719,4354,86
YACU HURMANA,27398,4321,86
YACU HICHACUNA,26715,4353,86
YACO MISQUI,26840,2357,86
YACASNIOJ,21102,4334,86
YACANO,27508,4324,86
WIÑANO,27519,5251,86
WIÑANO,26125,5250,86
WEISBURD,14494,4351,86
VUELTA DE LA BARRANCA,22546,4206,86
VIZCACHERAL,26971,4203,86
VITEACA,22121,4184,86
VINARA,27353,4223,86
VINALITO,25837,4452,86
VINAL VIEJO,14349,4301,86
VINAL POZO,26801,3749,86
VINAL MACHO,25836,4452,86
VILMER,14619,4302,86
VILLARES,14433,4238,86
VILLA ZANJON,26706,4206,86
VILLA YOLANDA,26977,3743,86
VILLA VIEJA,27701,4313,86
VILLA UNION,14296,4300,86
VILLA UNION,16397,2357,86
VILLA TOLOJNA,26709,4354,86
VILLA SALAVINA,27389,4319,86
VILLA ROBLES,27159,4301,86
VILLA RIVADAVIA,27706,4233,86
YACUCHIRI,26456,4315,86
YALAN,14484,4208,86
YALAN,22482,4324,86
YANDA,26720,4206,86
ABRITA,27417,4206,86
ABRAS DEL MEDIO,26739,4233,86
ABRAS DEL MARTIRIZADO,14528,4225,86
ABRA GRANDE,14227,4336,86
ABRA DE QUIMIL,14384,4238,86
ABRA DE LA CRUZ,14527,4225,86
9 DE JULIO,26127,5255,86
9 DE JULIO,14383,4238,86
7 DE ABRIL,27266,4197,86
3 DE MARZO,27488,3766,86
25 DE MAYO SUD,14305,4231,86
25 DE MAYO DE BARNEGAS,26878,4205,86
25 DE MAYO,26842,4353,86
25 DE MAYO,21968,4231,86
ANTILO,14300,4225,86
CAMPO GRANDE,14502,4189,86
ZAPI POZO,21134,4326,86
ZANJA,26417,4301,86
YUTU YACO,14589,4221,86
YUTO YACA,14588,4221,86
YUNTA POZO,26414,3747,86
YUMAMPA,26126,5251,86
YULU HUASI,14486,4208,86
YUCHANCITO,27322,4189,86
YUCHAN,27167,4351,86
YOLOHUASI,14485,4208,86
YLUMAMPA,22269,5250,86
YESO ALTO,26888,4203,86
YASO,27165,4322,86
YANTA,25956,4308,86
ZORRO HUARCUNA,14340,4237,86
VILLA RIO HONDO,14587,4225,86
ANTUCO,22152,5250,86
ARBOL BLANCO,26853,3731,86
BUENA VISTA,26439,4201,86
BUENA ESPERANZA,26128,5255,86
BUEN LUGAR,14182,4301,86
BUEN LUGAR,27093,4197,86
BREALOJ,26560,4328,86
BREA PUÑUNA,25865,4201,86
BREA POZO VIEJO,27479,4313,86
BREA POZO,14623,4313,86
BRANDAN,27089,4197,86
BRACHO,26556,4332,86
BOTIJA,26995,4452,86
BORDO PAMPA,27170,4321,86
BOQUERON,26435,4313,86
BOCA DEL TIGRE,26322,4306,86
BOCA DEL TIGRE,22081,4184,86
BOBADAL,14501,4187,86
BLANCO POZO,27291,4184,86
BLANCA POZO,26547,4332,86
BLANCA,27513,4324,86
BLANCA,25934,4308,86
BINAL ESQUINA,22074,3760,86
BELTRAN LORETO,21972,4230,86
BELTRAN LORETO,26856,4205,86
BELTRAN,14597,4308,86
BELLA VISTA,26857,4353,86
BELLA VISTA,21970,4230,86
BELLA VISTA,26848,4205,86
BELLA VISTA,22095,4184,86
BELLA VISTA,26190,3740,86
BUENA VISTA,14539,4220,86
BELGRANO,27336,5253,86
BUENA VISTA,26003,4322,86
BUENA VISTA,22156,5250,86
CAMPO GALLO,14183,3747,86
CAMPO EL ROSARIO,26261,3736,86
CAMPO DEL INFIERNO,26260,3736,86
CAMPO DEL CISNE,27517,5255,86
CAMPO DEL CIELO,27111,3736,86
CAMPO DEL AGUILA,27003,3749,86
CAMPO DE AMOR,21973,4230,86
CAMPO DE AMOR,26859,4205,86
CAMPO BELGRANO,21175,3062,86
CAMPO AMARILLO,27096,4189,86
CAMPO ALEGRE,26073,5251,86
CAMPO ALEGRE,22485,4206,86
CAMPO ALEGRE,26358,3749,86
CALOJ,26563,4326,86
CALLEJON BAJADA,14351,4301,86
CALERAS,22157,5250,86
CALDERON,26259,3736,86
CAJON,27342,5251,86
CAJON,26072,5250,86
CACHICO,22083,4306,86
CACHI,27515,4354,86
CACHI,26004,4322,86
CABRA,26931,4203,86
BURRO POZO,21036,4317,86
BURRA HUAÑUNA,22130,4208,86
BUEY RODEO,22484,4206,86
BUEY MUERTO,27087,4308,86
BUENOS AIRES,26763,4230,86
BUENA VISTA,27339,5253,86
BUENA VISTA,26860,4354,86
BELGRANO,14341,4301,86
BELGRANO,26929,4203,86
BELGRANO,27085,4197,86
BAHIA BLANCA,26985,3749,86
BAGUAL MUERTO,27081,4197,86
BAEZ,26999,5255,86
BABILONIA,14499,4301,86
AZUCENA,20693,2356,86
AZOGASTA,21912,4350,86
AYUNCHA,14216,4208,86
AVERIAS,14378,3766,86
AVE MARIA,26544,4326,86
ATOJ POZO,27470,4313,86
ATAHUALPA,22006,3714,86
ASPA SINCHI,22389,4322,86
ASPA SINCHI,22035,4313,86
ARROYO TALA,26928,4203,86
ARRAGA,14626,4206,86
ARMONIA,27077,4353,86
ARGENTINA,26329,2354,86
ARENALES,27287,4187,86
AREAS,14595,4301,86
ARDILES DE LA COSTA,14231,4302,86
ARDILES,14230,4302,86
ARBOLITOS,22153,5250,86
ARBOLITOS,26855,4354,86
ARBOLITOS,26002,4322,86
ARBOLITOS,22092,4184,86
ARBOL SOLO,22271,5253,86
ARBOL SOLO,21969,4205,86
ARBOL SOLO,25864,4201,86
ARBOL NEGRO,20692,2356,86
BAHOMA,14534,4220,86
BAJADITA,25847,4208,86
BAJADITA,26432,4315,86
BAJO GRANDE,26988,4301,86
BELGICA,26990,3712,86
BEJAN,14233,4225,86
BEBIDAS,14538,4225,86
BAYO MUERTO,21143,4338,86
BAUMAN,14537,4225,86
BARRIO VILLA FERNANDEZ,27450,3760,86
BARRIO VILLA COHESA,26776,4200,86
BARRIO OBRERO,26902,3740,86
BARRIO LA LEÑERA,27449,3760,86
BARRIO JARDIN,14308,4230,86
BARRIO ESTE,14232,4300,86
BARRIALITO,27004,5251,86
BARRIALITO,14536,4225,86
BARRIAL ALTO,27477,4313,86
ARAGONES,25863,4201,86
BARRANCAS,14620,4319,86
BARRANCA COLORADA,27473,4313,86
BANEGAS,14596,4302,86
BANDERA BAJADA,25933,4308,86
BANDERA BAJADA,14350,4301,86
BANDERA,14297,3064,86
BALDE POZO,14307,4237,86
BALBUENA,22155,5250,86
BAJO VERDE,14535,4223,86
BAJO LAS PIEDRAS,27332,5251,86
BAJO LAS PIEDRAS,26071,5250,86
BAJO HONDO,27110,4356,86
BAJO HONDO,26758,4230,86
BAJO HONDO,22094,4184,86
BAJO GRANDE,21142,4338,86
BARRANCAS,22036,4313,86
SANTA ROSA,22003,4230,86
VILLA QUEBRACHOS,27516,5251,86
VILLA OJO DE AGUA,14498,5250,86
TABLEADO,14428,4238,86
TABLADA DEL BOQUERON,14615,4301,86
TABIANA,26282,4351,86
TABEANITA,26281,4351,86
SURIHUAYA,26955,4351,86
SURI POZO,27053,5251,86
SURI POZO,26000,4322,86
SURI POZO,14293,4302,86
SURI,21956,4350,86
SUPERINTENDENTE LEDESMA,26816,4184,86
SUNCHO PUJIO,26871,4230,86
SUNCHO PUJIO,22115,4184,86
SUNCHO POZO,22064,4613,86
SUNCHO POZO,26868,4230,86
SUNCHO POZO,22079,3760,86
SUNCHO CORRAL,14442,4350,86
SUNCHITUYOJ,26755,4332,86
SUMAMPA VIEJO,27507,5253,86
SUMAMPA,14526,5253,86
SUMAMAO,27442,4201,86
STAYLE,26946,4351,86
SOTELOS,25931,4304,86
SOTELILLOS,27345,4304,86
SORIA BAJADA,14523,4301,86
SOLEDAD,22262,5250,86
SOLEDAD,27162,4356,86
SOL DE MAYO,25903,4315,86
SOL DE MAYO,25857,4208,86
SOL DE MAYO,26865,4203,86
TABOADA ESTACION,27501,4324,86
SOL DE MAYO,27441,4201,86
TACAMAMPA,14581,4220,86
TACAÑITAS,27483,3766,86
TALA POZO,14583,4223,86
TALA POZO,26670,4200,86
TALA ATUN,14475,4208,86
TALA,21086,4328,86
TALA,14582,4220,86
TAJAMAR,14375,4301,86
TAGAN,26033,4319,86
TACOYOJ,27503,4313,86
TACON ESQUINA,26769,4332,86
TACO TOTARAYOL,26032,4319,86
PAMPA DE LOS GUANACOS,14345,3712,86
TACO QUINKA,26873,4230,86
TACO PUNCO,27285,4189,86
TACO PUJIO,25952,4308,86
TACO POZO,27511,5255,86
TACO POZO,26441,4315,86
TACO POZO,14211,4301,86
TACO POZO,25858,4208,86
TACO PALTA,27509,5253,86
TACO MISQUI,22264,5250,86
TACO ISLA,22439,4321,86
TACO HUACO,27502,4324,86
TACO FURA,26268,3736,86
TACO ESQUINA,25835,4452,86
TACO BAJADA,27283,4197,86
TACO ATUN,26765,4328,86
TACIOJ,25834,4452,86
TACAÑITAS,14210,4301,86
TACAÑITAS,14474,4208,86
TACANAS,26818,4184,86
SOL DE JULIO,14497,5255,86
SOCONCHO,26437,4317,86
SINQUEN PUNCO,14292,4302,86
SAUCE SOLO,14631,4206,86
SAUCE ESQUINA,14374,4301,86
SAUCE BAJADA,21132,4326,86
SARMIENTO,14614,4302,86
SANTOS LUGARES,14209,4301,86
SANTOS LUGARES,14290,4300,86
SANTOS LUGARES,26966,4203,86
SANTO DOMINGO ROBLES,14613,4301,86
SANTO DOMINGO COPO,27869,4301,86
SANTO DOMINGO CHICO,26123,5251,86
SANTO DOMINGO,27039,5251,86
SANTO DOMINGO,26236,4353,86
SANTO DOMINGO,26688,4353,86
SANTO DOMINGO,21158,4338,86
SANTO DOMINGO,21131,4326,86
SANTO DOMINGO,14522,4301,86
SANTO DOMINGO,26660,4206,86
SANTO DOMINGO,26812,4187,86
SANTIAGO DEL ESTERO,14304,4200,86
SANTA ROSA DE VITERVO,21157,4338,86
SANTA ROSA DE CORONEL,26954,4205,86
SANTA ROSA COPO,26785,3714,86
SANTA ROSA ARRAGA,26650,4206,86
SANTA ROSA,27462,5257,86
SANTA ROSA,26122,5251,86
SANTA ROSA,14373,4354,86
SANTA ROSA,26937,4351,86
SANTA ROSA,26474,4339,86
SANTA ROSA,25963,4322,86
SAUCE SOLO,22135,4208,86
SAUCEN,21059,4317,86
SAUCES,25856,4315,86
SAUCIOJ,21060,4317,86
SINCHI CAÑA,26862,4203,86
SIN DESCANSO,21955,4350,86
SIMBOLAR,26124,5251,86
SIMBOLAR,26280,4351,86
SIMBOLAR,14291,4339,86
SIMBOLAR,27274,4189,86
SIMBOL POZO,25902,4201,86
SIMBOL POZO,27440,4201,86
SIMBOL POZO,27272,4189,86
SIMBOL HUASI,27268,4197,86
SIMBOL CAÑADA,26480,4336,86
SIMBOL BAJO,27482,3760,86
SIMBOL,27439,4206,86
SILIPICA,27438,4206,86
TALA POZO,14429,4238,86
SIETE ARBOLES,27262,4197,86
SHISHI POZO,26858,4205,86
SESTEADERO,27260,4187,86
SERRANO MUERTO,26854,4230,86
SEPULTURAS,26689,4354,86
SEPULTURAS,25964,4322,86
SEPULTURA,26413,4301,86
SEÑORA PUJIO,26477,4339,86
SEÑORA PUJIO,25924,4197,86
SELVA BLANCA,26756,3064,86
SELVA,14592,2354,86
SEGUNDO POZO,26279,4351,86
SAYACO,26851,4203,86
SAUZAL,25901,4317,86
SAUZAL,27437,4201,86
SIEMPRE VERDE,27499,5253,86
VILLA PALMAR,14213,4301,86
TALA POZO,27504,4313,86
TAPERAS,14294,4302,86
VARAS CUCHUNA,26038,4319,86
VALDIVIA,26490,4300,86
VACA HUMAN,27393,4319,86
VACA HUAÑUNA,14376,4353,86
UTURUNCO,26238,4353,86
UTRUNJOS,22120,4184,86
URUTAU,26797,3714,86
URUNDEL,22033,3712,86
UPIANITA,22544,4206,86
UPIANITA,26676,4200,86
UCLAR,22119,4184,86
TUSCAYOJ,14483,4208,86
TUSCA POZO SAN VICENTE,14482,4212,86
TUSCA POZO,26698,4353,86
TUSCA POZO,27149,4322,86
TUSCA POZO,25955,4308,86
TUSCA POZO,14481,4208,86
TUSCA POZO,22118,4184,86
TUSCA BAJADA,14617,4301,86
TURENA,14616,4302,86
TUNAS PUNCO,27307,4203,86
TUNALES,26829,4304,86
TUNALES,25932,4220,86
TULUN,22068,4313,86
TULUM,26452,4313,86
TROZO POZO,22540,4206,86
TRONCOS QUEMADOS,26875,4230,86
TRONCO QUEMADO,27514,5253,86
TRONCO JURAS,26967,4203,86
VEINTIOCHO DE MARZO,22073,3760,86
TRONCO BLANCO,21100,4334,86
VENTURA PAMPA,21061,4317,86
VILA ISLA,25967,4322,86
VILLA NUEVA,27506,4313,86
VILLA NUEVA,14525,4301,86
VILLA MERCEDES,27312,4189,86
VILLA MATOQUE,26799,4452,86
VILLA MATILDE,26974,3740,86
VILLA MATARA,27416,4356,86
VILLA LA PUNTA,26968,4203,86
VILLA JIMENEZ,27447,4201,86
VILLA ISLA,27414,4354,86
VILLA HUAÑUNA,26705,4301,86
VILLA HIPOLITA,14618,4301,86
VILLA HAZAN,26374,3749,86
VILLA GUASAYAN,14432,4238,86
VILLA GUAÑUNA,26239,3740,86
VILLA GRIMANESA,21966,4200,86
VILLA FIGUEROA,26701,4353,86
VILLA FANNY,26284,4351,86
VILLA ESQUINA,27166,4356,86
VILLA ELVIRA,26884,4203,86
VILLA ELENA,22071,4313,86
VILLA DE LA BARRANCA,26694,4206,86
VILLA CONSTANTINA,21965,4200,86
VILLA COINOR,14339,4230,86
VILLA BRANA,26973,4351,86
VILLA BALNEARIA,14586,4220,86
VILLA ATAMISQUI,14221,4317,86
VILLA ADELA,26882,4230,86
VILLA ABREGU,27492,3760,86
VILELAS,14444,3752,86
VERON,26039,4319,86
TRONCAL,22440,4321,86
TRINIDAD,26237,4353,86
TRES VARONES,27300,4189,86
TORO HUMAN,27446,4201,86
TORO CHARQUINA,14478,4208,86
TONZU,14431,4234,86
TONTOLA,14477,4208,86
TOME Y TRAIGA,21012,2356,86
TOMAS YOUNG,27485,3765,86
TOLOSA,26035,4319,86
TOBAS,14443,3752,86
TIUN PUNCO,27164,4356,86
TIPIRO,25904,4317,86
TIPIRO,27443,4201,86
TIO POZO,26965,4315,86
TIO CHACRA,22065,4313,86
TIO ALTO,26034,4319,86
TINTINA,14493,3743,86
TINAP JERAYOJ,22080,3760,86
TINAJERALOJ,22137,3740,86
TIGRE MUERTO,22267,5250,86
TIESTITUYOS,21097,4334,86
TIBILAR,14430,4238,86
TERMAS DE RIO HONDO,14585,4220,86
TENTI TACO,27512,5255,86
TENENE,22116,4184,86
TARUY,27163,4356,86
TARPUNA,14212,4301,86
TAQUETUYOJ,14476,4208,86
TAQUELLO,14584,4223,86
TAPSO,27705,4230,86
TAPERAS,26001,4322,86
TORO PAMPA,21098,4334,86
TORO PAMPA,26792,4452,86
TORO POZO,22089,4306,86
TORO POZO,22479,4324,86
TRES QUEBRACHOS,27295,4197,86
TRES POZOS,26969,4351,86
TRES POZOS,27489,3763,86
TRES POZOS,26354,2354,86
TRES MOJONES,26961,3736,86
TRES LAGUNAS,26760,3062,86
TRES LAGUNAS,26353,2354,86
TRES JAZMINES,27505,4313,86
TRES HERMANAS,21957,4350,86
TRES FLORES,26824,4184,86
TRES CRUCES,26821,4306,86
TRES CHAÑARES,26697,4354,86
TRES CHAÑARES,25966,4322,86
TRES CERROS,14381,4237,86
TALA YACU,22265,5250,86
TRES BAJOS,27290,4197,86
TRES BAJADAS,26972,4205,86
TRASLADO,25918,4187,86
TRANCAS,26693,4354,86
TRANCAS,25965,4322,86
TRAMO VEINTISEIS,25954,4308,86
TRAMO 26,27708,4300,86
TRAMO 20,26484,4300,86
TRAMO 16,14295,4301,86
TOTORILLAS,27696,4301,86
TOTORILLA NUEVO,25953,4308,86
TOTORAS,14480,4208,86
TOTORA PAMPA,14479,4208,86
TOTORA,26037,4319,86
TOROPAN,26036,4319,86
TRES BAJADAS,22004,4230,86
PAMPA ATUN,22059,4313,86
SAN PEDRO,22261,5250,86
PALOMAR,22295,5253,86
EL SALADILLO,27125,4356,86
EL SALVADOR,14313,4231,86
EL SAUCE,27193,4197,86
EL SAUCE,21921,4350,86
EL SAUCE,22207,5250,86
EL SEGUNDO,22209,5250,86
EL SEÑUELO,21976,4205,86
EL SALADILLO,25937,4308,86
EL SETENTA,26370,3062,86
EL SIMBOL,26518,3062,86
EL SIMBOL,26371,3749,86
EL SIMBOLAR,21019,3474,86
EL SIMBOLAR,14396,4238,86
EL SOLITARIO,20991,2356,86
EL TACIAL,27002,4233,86
EL TALA,27005,4203,86
EL SILENCIO,22019,3712,86
EL TANQUE,26243,3741,86
EL SALADILLO,27190,4197,86
EL ROSARIO,27090,4322,86
EL RAJO,26846,4233,86
EL REAL,27184,4197,86
EL RECREO,26989,4230,86
EL REMANSO,14219,4208,86
EL REMATE,14509,4195,86
EL RETIRO,14552,4223,86
EL RETIRO,22205,5251,86
EL ROSARIO,26203,4353,86
EL RINCON,27303,4184,86
EL RINCON,14553,4220,86
EL RODEO,26996,4230,86
EL RODEO,26081,5251,86
EL ROSARIO,26531,3749,86
EL ROSARIO,27187,4197,86
EL ROSARIO,26998,4230,86
EL ROSARIO,14250,4300,86
EL RINCON,26994,4203,86
EL TOBIANO,27453,3064,86
EL TRASLADO,26372,3749,86
EL TRECE,21065,4328,86
ESCUELA 1080,22307,4220,86
ESCUELA 109,22308,4220,86
ESCUELA 20,26941,4203,86
ESCUELA 57,22306,4220,86
ESCUELA 665,26943,4203,86
ESCUELA 708,26944,4203,86
ESCUELA 879,27011,4230,86
ESCUELA 1050,26938,4203,86
ESPERANZA,27012,4233,86
ESPERANZA,22210,5250,86
ESPINAL,14554,4220,86
ESPINILLO,22212,5250,86
ESTABLECIMIENTO 14 DE SETIEMBR,22497,4206,86
ESTACION ATAMISQUI,26475,4315,86
ESTACION PAMPA MUYOJ,26986,3743,86
ESTADOS UNIDOS,22020,3712,86
ESPERANZA,21044,4317,86
ESCALERA,21043,4317,86
ENVIDIA,21977,4230,86
ENVIDIA,26867,4205,86
EL UCLE,26334,2354,86
EL UNCO,26145,5250,86
EL UNCO,27394,5255,86
EL URUNDAY,26264,3736,86
EL VALLE,26537,3749,86
EL VALLE DE ORIENTE,26539,3749,86
EL VEINTE,26265,3736,86
EL VEINTICINCO,27397,4233,86
EL VEINTICINCO  SUMAMPA,27401,5253,86
EL VEINTICINCO DE MAYO,27009,4233,86
EL VEINTISIETE,26981,3743,86
EL VINALAR,21962,4200,86
EL VIÑALITO,26146,5255,86
EL VIZCACHERAL,26011,4322,86
EL VIZCACHERAL,26496,4354,86
ENSENADA,27304,4187,86
ENSENADA,25907,4197,86
EL QUILLIN,14395,4234,86
EL QUEMADO,21920,4350,86
EL QUEMADO,14359,4301,86
EL QUEMADO,27182,4197,86
EL MALACARA,14379,3761,86
EL MANANTIAL,14550,4220,86
EL MARNE,22494,4206,86
EL MATACO,22075,3760,86
EL MILAGRO,26891,4230,86
EL MILAGRO,14188,4301,86
EL MISTOL,25819,3752,86
EL JUNCAL,22452,4324,86
EL MISTOL,27381,5253,86
EL MOJON,22495,4206,86
EL MOLAR,22101,4184,86
EL MOLLE,22279,5253,86
EL MULATO,14450,4208,86
EL NARANJO,22281,5251,86
EL NEGRITO,26495,4353,86
EL NERIO,21975,4205,86
EL MOJON,14507,4197,86
EL JUME,27029,5250,86
EL JARDIN,21179,3062,86
EL HUAICO,26976,2357,86
EL DORADO,26472,4313,86
EL DURAZNO,25905,4187,86
EL EMPACHADO,27525,4324,86
EL ESCONDIDO,26852,4230,86
EL FAVORITO,21145,4338,86
EL FISCO,26241,3740,86
EL FISCO,26367,3741,86
EL FISCO DE FATIMA,27298,3741,86
EL FLORIDO,27177,4197,86
EL FRAILE,27220,4201,86
EL FUERTE,26142,5250,86
EL FUERTE,27380,5255,86
EL GALPON,20990,2356,86
EL GRAMILLAR,27301,4187,86
EL GRAMILLAR,25906,4197,86
EL GUAYACAN,22086,4306,86
EL HOYO,26940,3745,86
EL NOVENTA,26242,3740,86
ESTANCIA EL CARMEN,26980,2357,86
EL NOVENTA,26368,3741,86
EL OJO DE AGUA,26415,4302,86
EL PORVENIR,14393,4238,86
EL PORVENIR,14190,4301,86
EL PORVENIR,26144,5250,86
EL PORVENIR,27388,5255,86
EL POTRERO,27179,4197,86
EL PRADO,26978,3743,86
EL PUEBLITO,26042,4321,86
EL PIRUCHO,14358,4301,86
EL PUEBLITO,27392,5257,86
EL PUENTE,27490,4313,86
EL PUENTE,25974,4322,86
EL PUESTITO,21960,4200,86
EL PUESTITO,14394,4238,86
EL PUESTO,14551,4223,86
EL PUESTO,22204,5250,86
EL QUEBRACHAL,14419,4225,86
EL PUENTE,14249,4302,86
EL PINTO,14451,4208,86
EL PILAR,27386,5255,86
EL PILAR,26143,5250,86
EL OJO DE AGUA,25973,4322,86
EL OLIVAR,14189,4301,86
EL ONCE,21180,3062,86
EL OSCURO,26369,3749,86
EL OSO,26333,2354,86
EL PACARA,27227,4178,86
EL PALMAR,22009,3714,86
EL PALOMAR,22010,3714,86
EL PALOMAR,27302,4186,86
EL PALOMAR,26272,4351,86
EL PARAISO,14248,4300,86
EL PARAISO,27384,5255,86
EL PARANA,22102,4184,86
EL PERAL,27233,4201,86
EL PERSEGUIDO,22018,3712,86
EL PERTIGO,26975,4351,86
EL PERU,21042,4317,86
EL OJO DE AGUA,26951,3740,86
EL DIVISADERO,22202,5250,86
ESTANCIA LA AGUSTINA,21020,3747,86
ESTANCIA LA INVERNADA,26497,4353,86
JANTA,25939,4308,86
JARDIN DE LAS DELICIAS,27024,3740,86
JIMENEZ,27102,4322,86
JUANILLO,21047,4317,86
JUME,22213,5250,86
JUME,27183,5253,86
JUME ESQUINA,26012,4322,86
JACIMAMPA,27173,5251,86
JUME ESQUINA,26504,4354,86
JUMI POZO,14452,4208,86
JUMI POZO,26420,4338,86
JUMI POZO,21925,4350,86
JUMI VIEJO,14360,4301,86
JUMIAL,14398,4238,86
JUMIAL GRANDE,26508,4353,86
JUMIALITO,21164,4300,86
JUMEAL O JUMIAL,27036,4230,86
JUMIALITO,26509,4353,86
JACIMAMPA,26088,5250,86
ISLA VERDE,26872,4313,86
INDUSTRIA NUEVA,27099,4322,86
INGENIERO CARLOS CHRISTIERNSON,27412,5257,86
INGENIERO EZCURRA,26823,4206,86
INGENIERO FORRES,16602,4322,86
INTI HUASI,27031,4230,86
INTI HUASI,27038,5250,86
ISCA YACU,27308,4184,86
IUCHAN,21924,4350,86
ISCA YACU SEMAUL,27363,4184,86
ISLA DE ARAGONES,27249,4201,86
ISLA DE ARAGONES,25876,4317,86
ISLA DE LOS CASTILLOS,14559,4220,86
ISLA DE LOS SOTELOS,14560,4304,86
ISLA MOTA,27313,4187,86
ISLA MOTA,25908,4197,86
ISLA VERDE,14220,4212,86
ISLA BAJA,26528,3064,86
JUNALITO,27208,4197,86
JUNCAL GRANDE,26204,3740,86
JUNCAL GRANDE,26510,4353,86
KILOMETRO 153,26826,4206,86
KILOMETRO 18,14318,4233,86
KILOMETRO 20,21022,3747,86
KILOMETRO 3,14319,4230,86
KILOMETRO 301,27044,5255,86
KILOMETRO 364,27192,4321,86
KILOMETRO 390,27347,4321,86
KILOMETRO 1391,26377,3712,86
KILOMETRO 433,27400,3766,86
KILOMETRO 437,22046,4313,86
KILOMETRO 443,25815,4350,86
KILOMETRO 443 TABOADA,27454,3765,86
KILOMETRO 450,25845,3763,86
KILOMETRO 454,27390,3766,86
KILOMETRO 473,22047,4313,86
KILOMETRO 477,27396,3765,86
KILOMETRO 436,26470,4317,86
KILOMETRO 1380,26376,3712,86
KILOMETRO 1362,26375,3712,86
KILOMETRO 135,22503,4206,86
KENTI TACKO,27186,5253,86
KENTI TACO,27253,4201,86
KENTI TACO,25877,4317,86
KILOMETRO 10,27040,4233,86
KILOMETRO 1033,21165,4300,86
KILOMETRO 1073,14316,4230,86
KILOMETRO 1098,14317,4234,86
KILOMETRO 112,14627,4208,86
KILOMETRO 1121,14399,4234,86
KILOMETRO 117,27418,4206,86
KILOMETRO 118,14628,4208,86
KILOMETRO 120,14629,4208,86
KILOMETRO 1210,26543,3714,86
KILOMETRO 1255,26546,3714,86
KILOMETRO 1297,22022,3712,86
KILOMETRO 1314,26549,3712,86
KILOMETRO 1338,26553,3712,86
ILIAGES,14397,4238,86
ICHAGON,27028,4203,86
ICAÑO,14224,4334,86
HUYAMAMPA,26418,4336,86
GARCEANO,22042,4313,86
GARZA,14625,4324,86
GASPAR SUAREZ,22103,4184,86
GENOVEVA,26244,3741,86
GIBIALTO,26082,5251,86
GIRARDET,14489,3736,86
GRAMILLA,14557,4304,86
GALLEGOS,27491,4313,86
GRAMILLAL,26083,5251,86
GUAIPI,22455,4324,86
GUALAMBA,25839,3766,86
GUAMPACHA,27538,4203,86
GUANACO SOMBRIANA,26478,4212,86
GUANACUYOJ,27197,4189,86
GUAÑAGASTA,21066,4328,86
GUARCAN,26541,4301,86
GRANADERO GATICA,27001,3741,86
GALEANO,14556,4220,86
FRIAS,27537,4230,86
FORTUNA,14192,4301,86
ESTANCIA NUEVA ESPERANZA,26266,3736,86
ESTANCIA VIEJA,14555,4220,86
ESTECO,14510,4301,86
ESTEROS,14191,4301,86
EZCURRA,22504,4206,86
FAMATINA,26947,4203,86
FAROL,27015,4203,86
FAVORINA,27017,4203,86
FAVORITA,21146,4338,86
FERNANDEZ,14601,4322,86
FIERRO,22011,3714,86
FIVIALTOS,27033,5250,86
FLORESTA,26273,4351,86
FLORIDA,26373,3747,86
FLORIDA,14314,4237,86
FORTIN INCA,14298,3062,86
FORTIN LA VIUDA,26335,2354,86
GUARDIA,21115,4326,86
ESTANCIA LA ELSITA,26991,3740,86
GUARDIA DE LA ESQUINA,26084,5251,86
GUARDIA ESCOLTA,14299,3062,86
HOYON,25874,4317,86
HUACANITAS,26274,4351,86
HUACHANA,27246,4201,86
HUACHANA,14193,4301,86
HUACHANA,25875,4317,86
HUAJIA,26479,4318,86
HUALO CANCANA,26500,3745,86
HOYON,27244,4201,86
HUASCAN,26087,5251,86
HUCHUPAYANA,26267,3736,86
HUILLA CATINA,26503,3745,86
HUMAITA,22105,4184,86
HUÑAJCITO,14512,4301,86
HURITU HUASI,27095,4354,86
HUTCU CHACRA,22434,4321,86
HUTURUNGO,27305,4184,86
HUASCHO PATILLA,14558,4220,86
HOYO CON AGUA,27239,4201,86
HOYO CERCO,14511,4301,86
HORNILLOS,22456,4324,86
GUARDIA VIEJA,20992,2356,86
GUATANA,14315,4230,86
GUAYACAN,25824,4452,86
GUAYCURU,14602,4302,86
GUAYPE,21922,4350,86
GUERRA,26023,4319,86
GUIÑAO,21116,4326,86
HAASE,27007,3741,86
HAHUANCUYOS,27201,4197,86
HERNAN MEJIA MIRAVAL,27016,3741,86
HERRERA,14223,4328,86
HIGUERA CHAQUI,25938,4308,86
HIGUERILLAS,21045,4317,86
HILUMAMPA,26085,5251,86
HORCOS TUCUCUNA,26086,5250,86
HORCOS TUCUCUNA,27404,5251,86
HORNILLOS,21046,4317,86
GUARDIA DEL NORTE,27025,4203,86
KILOMETRO 48,27045,3740,86
EL DIAMANTE,26141,5255,86
EL DIABLO,27172,4197,86
CHILCA,26075,5251,86
CHILCA,27058,5255,86
CHILCA ALBARDON,26447,4317,86
CHILCA JULIANA,27337,4319,86
CHILCAS LA LOMA,26449,4201,86
CHILE,14355,4301,86
CHILENO,26022,4319,86
CHEEJ,27873,4324,86
CHILLIMO,14311,4237,86
CHILQUITA,26451,4317,86
CHILQUITA I,26404,4201,86
CHILQUITAS,21038,4317,86
CHIMPA MACHO,26863,4313,86
CHIRA,27343,4321,86
CHOYA,26793,4233,86
CHUCHI,26076,5251,86
CHILPA MAYO,22040,4313,86
CHUIQUI,26407,4201,86
CHAVES,21974,4205,86
CHAUCHILLAS,26445,4201,86
CHAÑAR POZO,14546,4225,86
CHAÑAR POZO,14544,4304,86
CHAÑAR POZO,21063,4328,86
CHAÑAR POZO,26041,5257,86
CHAÑAR POZO DE ABAJO,14545,4220,86
CHAÑAR PUJIO,22490,4206,86
CHAÑAR PUJIO,14235,4302,86
CHAUPI POZO,14236,4302,86
CHAÑAR SUNICHAJ,26330,2354,86
CHAÑARES ALTOS,26130,5250,86
CHAÑARES ALTOS,27361,5255,86
CHAÑARITOS,22199,5251,86
CHANCHILLOS,26401,4201,86
CHARCO VIEJO,22084,4184,86
CHARCO VIEJO,27203,4306,86
CHARQUINA,22039,4313,86
CHAÑAR YACO,22196,5250,86
CHUIQUI,25869,4317,86
CHUÑA ALBARDON,14447,4208,86
CHUÑA PALMA,21106,4326,86
COLONIA EL SIMBOLAR,14598,4354,86
COLONIA ERMELINDA,20720,2356,86
COLONIA ESPAÑA,26913,3740,86
COLONIA GERALDINA,27054,2341,86
COLONIA ISLA,21064,4328,86
COLONIA LA VICTORIA,22321,2354,86
COLONIA MACKINLAY,27056,2354,86
COLONIA EL PELIGRO,22016,3712,86
COLONIA MARIA LUISA,14239,4300,86
COLONIA MEDIA,26889,4353,86
COLONIA MERCEDES,26131,5255,86
COLONIA PAULA,20721,2356,86
COLONIA PAZ,27117,4356,86
COLONIA PINTO,27487,4313,86
COLONIA SAN JUAN,26893,4353,86
COLONIA SANTA ROSA AGUIRRE,14179,2357,86
COLONIA MEDIA,26195,3740,86
COLONIA DORA,14222,4332,86
COLONIA ALSINA,21174,3064,86
COLONIA ALPINA,27051,2341,86
CHURQUI,14547,4301,86
CHURQUI ESQUINA,27114,4301,86
CLAVEL BLANCO,14590,2341,86
CLEVELAND,20696,2356,86
CLODOMIRA,14237,4338,86
CODILLO,14389,4238,86
CODO,25848,4208,86
CODO,26458,4315,86
CODO BAJADA,27115,4350,86
CODO POZO,21107,4326,86
CODO VIEJO,26462,4315,86
COLLERA HUIRCUNA,21041,4315,86
COLLERA HUIRI,26465,4317,86
COLLERA HURCUNA,25849,4208,86
COLLUJLIOJ,22446,4324,86
COLLUN LIOJ,26574,4324,86
COLOMBIA,22007,3714,86
CHAÑAR POZO,26781,4203,86
CHAÑAR POZO,27105,4197,86
CHAÑAR POZO,27018,3749,86
CHAÑAR POCITO,14543,4225,86
CAÑADA SAN RAMON,14446,4315,86
CAÑADA TALA POZO,14542,4223,86
CANARIO,26770,4233,86
CAÑAS PASO,26021,4319,86
CANCINOS,25866,4201,86
CANDELARIA,25867,4201,86
CANDELARIA,26006,4322,86
CAÑADA RICA,14445,4208,86
CANDELARIA,27518,4354,86
CAÑITAS,22273,5253,86
CANTAMAMPA,22189,5250,86
CANTEROS,14352,4301,86
CAPILLA,20695,2356,86
CARANCHI YACO,22191,5250,86
CARBON POZO,21037,4317,86
CARBON POZO,22443,4324,86
CANEINOS,26443,4201,86
CAÑADA LIMPIA,26866,4353,86
CAÑADA LIMPIA,26192,3740,86
CAÑADA HONDA,14541,4220,86
CAMPO LA ANGELITA,22015,3712,86
CAMPO LIMPIO,26191,3740,86
CAMPO LIMPIO,26861,4353,86
CAMPO NUEVO,22489,4206,86
CAMPO RAMON LAPLACE,20694,2356,86
CAMPO RICO,26129,5250,86
CAMPO RICO,27346,5255,86
CAMPO VERDE,27006,3749,86
CAMPO VERDE,14388,4238,86
CAMPO VERDE,26005,4322,86
CAMPO VERDE,26270,4351,86
CAMPO VERDE,26864,4354,86
CAÑADA,26768,4203,86
CAÑADA DE LA COSTA,14540,4220,86
CAÑADA DE LA CRUZ,22188,5250,86
CAÑADA DEL MEDIO,14218,4201,86
CAÑADA ESCOBAR,14234,4301,86
CARDAJAL,26040,4321,86
COLONIA SIEGEL,14439,4356,86
CARDAJAL,27350,5257,86
CARDOZOS,26783,4201,86
CELESTINA,26194,4353,86
CENTRAL DOLORES,26359,3745,86
CERRILLO,25808,4336,86
CERRILLOS,26934,4203,86
CERRILLOS,22431,4321,86
CERRILLOS DE SAN ISIDRO,26773,4230,86
CERRITO,27010,5258,86
CEJOLAO,26907,3741,86
CERRO RICO,14309,4231,86
CHACRAS,27357,5251,86
CHAGUAR PUNCU,22391,4322,86
CHAINIMA,27014,3749,86
CHAÑAR AGUADA,25822,4452,86
CHAÑAR BAJADA,14504,4301,86
CHAÑAR ESQUINA,14505,4301,86
CHAÑAR LAGUNA,14310,4230,86
CHACRAS,26074,5250,86
CEJAS,14185,4301,86
CEJA POZO,22096,4184,86
CAZADORES,27481,4324,86
CARRERA VIEJA,22194,5250,86
CARRETERO,21914,4350,86
CARTAVIO,26193,3740,86
CARTAVIO,26870,4353,86
CASA ALTA,27112,4356,86
CASA DE DIOS,22275,5253,86
CASA VERDE,14503,4301,86
CASARES,26328,2354,86
CASHICO,26323,4306,86
CASILLA DEL MEDIO,26326,4306,86
CASILLA DEL MEDIO,25935,4308,86
CASPI CORRAL,14354,4301,86
CATORCE QUEBRACHOS,26570,4201,86
CAVADITO,26007,4322,86
CAVADITO,26879,4354,86
CAVADO,26008,4322,86
CAVADO,26886,4354,86
CARDON ESQUINA,14353,4301,86
EL DIAMANTE,25809,4336,86
COLONIA TINCO,14548,4220,86
COLONIAS,25970,4322,86
EL BARRIAL,14301,4225,86
EL BARRIAL,14244,4300,86
EL BARRIAL,27216,4301,86
EL BARRIAL,27022,5249,86
EL BOBADAL,27293,4187,86
EL BORDITO,26139,5255,86
EL BOSQUE,14245,4300,86
EL BAÑADERO,14187,4301,86
EL BRAGADO,26200,4353,86
EL CABURE,26483,3712,86
EL CACHI,27027,5251,86
EL CADILLO,14391,4238,86
EL CAJON,27157,4189,86
EL CAJON,27035,5250,86
EL CAMBIADO,26365,3749,86
EL CAMBIADO,22099,4184,86
EL BRAVO,26933,3734,86
EL CAMBIADO,27168,4187,86
EL BALDECITO,27152,4197,86
EL BAJO,22278,5253,86
EL ALAMBRADO,14549,4223,86
EL ALAMBRADO,14243,4300,86
EL ALGARROBO,26136,5255,86
EL AÑIL,22085,4306,86
EL ARBOL DE PIEDRA,26137,5250,86
EL ARBOL DE PIEDRA,27376,5255,86
EL ARBOLITO,26924,3734,86
EL BALDE,27142,4197,86
EL ARBOLITO,27211,4176,86
EL ARBOLITO,27377,5255,86
EL ARENAL,27697,4187,86
EL ASPIRANTE,26332,2354,86
EL BAGUAL,27214,4178,86
EL BAJO,26806,4233,86
EL BAJO,27486,4324,86
EL BAJO,26079,5251,86
EL ARBOLITO,26138,5250,86
EL CANAL,27119,4356,86
EL CANDELERO,26513,3064,86
EL CAÑON,21177,3062,86
EL COLORADO,27121,3741,86
EL CORRIDO,26526,3749,86
EL CRECE,25936,4308,86
EL CRUCE KILOMETRO 659,21162,4300,86
EL CRUCERO,21178,3062,86
EL CRUCERO,26201,3740,86
EL CRUCERO,26492,4353,86
EL COLMENAR,26366,3749,86
EL CUADRADO,14440,3765,86
EL CUELLO,26010,4322,86
EL CUELLO,27523,4354,86
EL DEAN,26820,4201,86
EL DEAN,25873,4317,86
EL DESCANSO,26202,3740,86
EL DESCANSO,27124,4353,86
EL DESTINO,20723,2356,86
EL CUARENTA Y NUEVE,27042,5250,86
EL CINCUENTA,22432,4321,86
EL CHURQUI,14302,4225,86
EL CHURQUI,27297,4184,86
EL CARMEN,26817,4201,86
EL CARMEN,14392,4238,86
EL CARMEN,14246,4300,86
EL CARMEN,25872,4317,86
EL CARMEN,26271,4351,86
EL CARMEN,26140,5255,86
EL CEBOLLIN,14247,4302,86
EL CEBOLLIN,25972,4322,86
EL CERCADO,14600,4302,86
EL CERRITO,22008,4301,86
EL CERRITO MONTE QUEMADO,26517,3714,86
EL CERRO,26080,5251,86
EL CHAÑAR,14357,4301,86
EL CHAÑAR,26849,5260,86
EL CHARABON,22329,2354,86
EL CHARCO,14434,4306,86
EL CHINCHILLAR,27120,4356,86
EL AIBE,14242,4302,86
EL AIBALITO,26491,4353,86
EL AIBALITO,26199,3740,86
EL AIBAL,27118,4356,86
CORTADERA,26798,4203,86
CORTADERAS,22201,5250,86
CORVALANES,14240,4302,86
CORVALANES,25971,4322,86
COSTA RICA,26788,4206,86
COSTA VIEJA,22276,5253,86
CRUZ BAJADA,25823,4452,86
CORRALITO,26077,5251,86
CRUZ CHULA,21916,4350,86
CRUZ LOMA,21917,4350,86
CRUZ POZO,22491,4206,86
CRUZ POZO,21113,4326,86
CUATRO BOCAS,27694,3061,86
CUCHI CORRAL,26134,5250,86
CUCHI CORRAL,27370,5255,86
CUICHICAÑA,26802,4203,86
CRUZ GRANDE,26898,4354,86
CORRAL QUEMADO,27130,4197,86
CORRAL GRANDE,21915,4350,86
CORRAL DEL REY,27369,5255,86
CONCEPCION,27520,4324,86
CONCHAYOS,21109,4326,86
CONDOR HUASI,21144,4338,86
CONSULÑOJ,21111,4326,86
CONTRERAS ESTABLECIMIENTO,21959,4200,86
CONZO,26935,4203,86
COPO VIEJO,27122,4189,86
CORASPINO,27484,4324,86
CORO ABRA,26409,4336,86
CORONEL BARROS,27451,3760,86
CORONEL FERNANDEZ,27365,5255,86
CORONEL MANUEL LEONCIO RICO,26360,3712,86
COROPAMPA,26411,4201,86
COROPAMPA,25870,4317,86
CORRAL DE CARCOS,26132,5250,86
CORRAL DE CARCOS,27367,5255,86
CORRAL DEL REY,26133,5250,86
CUQUENOS,14186,4301,86
COLONIAS,14238,4302,86
CUQUERO,26361,3749,86
PALOS QUEMADOS,26444,4336,86
DOS HERMANAS,26198,3740,86
DOS HERMANAS,26487,4353,86
DOS HERMANOS,21919,4350,86
DOS REPRESAS,26263,3736,86
DOS VARONES,27030,3749,86
EA LA VERDE,27292,4184,86
EL 21,26488,3745,86
DOS EULALIAS,26364,3741,86
EL ABRA,14312,4237,86
EL AEROLITO,22017,3712,86
EL AGRICULTOR,26506,3064,86
EL AGUILA,26135,5250,86
EL AGUILA,27373,5255,86
EL AIBAL,26331,2354,86
EL AIBAL,26009,4322,86
EL AIBAL,26489,4354,86
EL ABRA,26078,5251,86
DOS EULACIAS,26240,3740,86
DOS ARBOLES,14342,4452,86
DORMIDA,14449,4208,86
DESVIO POZO DULCE,21176,3062,86
DIASPA,22450,4324,86
DIENTE DEL ARADO,14448,4208,86
DIQUE CHICO,14599,4301,86
DIQUE FIGUEROA,14356,4301,86
DIQUE LOS QUIROGA,26795,4201,86
DIVISADERO,26804,4233,86
DOBLE TERO,26362,3741,86
DOLORES,26196,3740,86
DOLORES,21918,4350,86
DOLORES,26485,4353,86
DOLORES CENTRAL,26197,4353,86
DON BARTOLO,22098,4184,86
DON PIETRO,26498,3064,86
DOÑA LORENZA,20722,2356,86
DOÑA LUISA,14390,4225,86
DONADEU,26363,3741,86
CUYOJ,14241,4300,86
KILOMETRO 49,14495,5258,86
DESVIO KILOMETRO 1342,27026,3712,86
KILOMETRO 499,27455,3752,86
LOS POCITOS,25842,3766,86
LOS PORONGOS,27065,2344,86
LOS PORTEÑOS,26251,3741,86
LOS POZOS,27075,5250,86
LOS PUENTES,26206,3740,86
LOS PUENTES,26600,4353,86
LOS PUESTOS,14271,4302,86
LOS PIRPINTOS,26630,3712,86
LOS PUESTOS,25988,4322,86
LOS PUNTOS,25989,4322,86
LOS QUEBRACHOS,25928,4220,86
LOS QUEBRACHOS,27319,4304,86
LOS QUEBRACHOS,27271,5253,86
LOS QUIROGA,27309,4201,86
LOS QUIROGA,26837,4206,86
LOS QUIROGA,25884,4317,86
LOS PUNTOS,14272,4302,86
LOS RALOS,22107,4184,86
LOS PEREYRA,14607,4301,86
LOS PECARIEL,26250,3741,86
LOS JURIES,14380,3763,86
LOS LINARES,27459,3761,86
LOS MARCOS,25811,4336,86
LOS MILAGROS,20999,2356,86
LOS MILAGROS,27079,3741,86
LOS MOLLARES,26523,4317,86
LOS MOLLES,27178,4189,86
LOS PENSAMIENTOS,27082,3740,86
LOS MOLLES,26161,5250,86
LOS MONTEROS,26618,3712,86
LOS MOYAS,27180,4189,86
LOS NARANJOS,14270,4300,86
LOS NUÑEZ,27306,4201,86
LOS OVEJEROS,27655,4220,86
LOS PARAISOS,26696,3064,86
LOS PAREDONES,22291,5253,86
LOS MOLLES,27267,5255,86
LOS RALOS,26901,4205,86
LOS RALOS,14328,4230,86
LOS REMANSOS,26162,5250,86
MACO,22518,4206,86
MACO,25957,4322,86
MACO,26602,4354,86
MACO YANDA,26502,4206,86
MADERAS,25958,4322,86
MADERAS,26605,4354,86
MAGDALENA,27088,3741,86
LUJAN,27084,4353,86
MAGUITO,26507,4206,86
MAILIN,26611,4328,86
MAJADAS,22057,4313,86
MAJADAS SUD,22060,4313,86
MAJANCITO,14196,4301,86
MAL PASO,26026,4319,86
MAL PASO,21091,4334,86
MALBRAN,14180,2354,86
MAIDANA,26387,3749,86
LUJAN,21067,4328,86
LUJAN,26594,4230,86
LUJAN,26956,4203,86
LOS REMANSOS,27275,5255,86
LOS ROBLES,25929,4220,86
LOS ROBLES,26732,4304,86
LOS SANTILLAN,27867,4186,86
LOS SAUCES,21048,4317,86
LOS SUNCHOS,22247,5250,86
LOS TABLEROS,26703,3062,86
LOS TELARES,14621,4321,86
LOS TIGRES,26647,3712,86
LOTE 15,27460,3760,86
LOTE 15,25818,4350,86
LOTE 27 ESCUELA 286,25843,3766,86
LOTE 29,27140,4356,86
LOTE 42,27461,3765,86
LOTE F,26252,3741,86
LOTE S,26277,4351,86
LUGONES,14225,4326,86
LOS HERREROS,25987,4322,86
LOS HERREROS,14269,4302,86
LOS HERRERAS,25810,4336,86
LOS GUERREROS,25986,4322,86
LIBERTAD,27286,4189,86
LILO VIEJO,27070,3745,86
LIMACHE,27256,5255,86
LINCHO,27073,4350,86
LINTON,22055,4313,86
LLAJTA MAUCA,27137,4356,86
LLAMA PAMPA,22239,5250,86
LIBERTAD,14490,3745,86
LOJLO,27138,4350,86
LOMA COLORADA,22241,5250,86
LOMA DE YESO,14382,4238,86
LOMA DEL MEDIO,14563,4223,86
LOMA GRANDE,27171,4197,86
LOMA NEGRA,14514,4302,86
LOMA NEGRA,25981,4322,86
LOMAS BLANCAS,27174,4197,86
LOMA BLANCA,27703,4321,86
LIBERTAD,20997,2356,86
LIBANESA,26596,4332,86
LEZCANOS,25882,4317,86
LAS TERESAS,21906,3062,86
LAS TIGRERAS,25927,4220,86
LAS TIGRERAS,27318,4304,86
LAS TINAJAS,27067,4351,86
LAS TRINCHERAS,26569,4230,86
LAS VIBORITAS,26819,2354,86
LAS ZANJAS,26436,4300,86
LASPA,21928,4350,86
LAURELES,21929,4350,86
LAVALLE,22027,3712,86
LAVALLE,26953,4234,86
LECHUZAS,26025,4319,86
LEDESMA,27134,4356,86
LEIVA,27288,4201,86
LEIVA,25881,4317,86
LESCANO,22238,5250,86
LESCANOS,27294,4201,86
LOMITAS,27299,4201,86
MALLIN VIEJO,21069,4328,86
LOMITAS,14456,4208,86
LOMITAS,25883,4317,86
LOS CHAÑARES,22245,5250,86
LOS COBRES,14405,4238,86
LOS COLORADOS,25826,4452,86
LOS CORREAS,14406,4238,86
LOS CRUCES,27068,5255,86
LOS DECIMAS,14566,4221,86
LOS DIAZ,14266,4302,86
LOS CERROS,27176,4189,86
LOS DIAZ,25983,4322,86
LOS DOCE QUEBRACHOS,25984,4322,86
LOS ENCANTOS,22351,2354,86
LOS FIERROS,14567,4220,86
LOS GALLARDOS,14268,4302,86
LOS GALLARDOS,25985,4322,86
LOS GATOS,26249,3741,86
LOS GUERREROS,26440,4302,86
LOS DOCE QUEBRACHOS,14267,4302,86
LOS CERRILLOS,27355,4319,86
LOS CERRILLOS,21988,4205,86
LOS CASTILLOS,14565,4220,86
LOMITAS,26020,4322,86
LOMITAS,26597,4354,86
LOMITAS,26103,5251,86
LOMITAS BLANCAS,27064,5251,86
LORETO,14457,4208,86
LORO HUASI,14564,4220,86
LOS ALDERETE,25982,4322,86
LOS ALDERETES,14265,4302,86
LOS ALGARROBOS,22243,5250,86
LOS ANGELES,25851,4208,86
LOS ANGELES,26512,4315,86
LOS ARBOLITOS,26160,5250,86
LOS ARBOLITOS,27259,5255,86
LOS ARIAS,14606,4301,86
LOS CAÑOS,26049,4321,86
LOS CAÑOS,27263,5257,86
LOS CARRIZOS,26386,3749,86
LOMITAS,26575,4233,86
LAS TEJAS,26564,4230,86
MALOTA,27364,4321,86
MANCHIN,26050,4321,86
NUEVA CERES,14591,2340,86
NUEVA COLONIA,27147,4353,86
NUEVA ESPERANZA,26667,3714,86
NUEVA ESPERANZA,14515,4197,86
NUEVA FRANCIA,14630,4206,86
NUEVA GRANADA,14201,4301,86
NUEVA GRANADA,21930,4350,86
NUEVA AURORA,26716,3064,86
NUEVA INDUSTRIA,22395,4322,86
NUEVA TRINIDAD,14275,4300,86
NUEVE MISTOLES,22464,4324,86
NUEVO LIBANO,26390,3749,86
NUEVO LIBANO,27704,4300,86
NUEVO LUJAN,26391,3749,86
NUEVO SIMBOLAR,14516,4301,86
OBRAJE IRIONDO,26392,3747,86
NUEVA TRINIDAD,26345,2354,86
OBRAJE LOS TIGRES,22013,3714,86
NUEVA ANTAJE,14274,4300,86
NOVILLO,21119,4326,86
MORELLO,22410,4312,86
MORON,14410,4238,86
NANDA,26524,4206,86
NAQUITO,26529,4206,86
NARANJITO,27420,4201,86
NARANJITO,14199,4301,86
NARANJITOS,26106,5251,86
NUEVA ALZA,26212,4353,86
NASALO,27144,3752,86
NEGRA MUERTA,26408,4201,86
NEGRA MUERTA,21150,4338,86
NEGRA MUERTA,26185,5258,86
NOGALES,26211,3740,86
NOGALES,26615,4353,86
NOGE,27146,3752,86
NORQUEOJ,14200,4301,86
NAVARRO,26051,5257,86
OBRAJE MAILIN,25846,3763,86
OBRAJE MARIA ANGELICA,27107,3743,86
OCTAVIA,26254,3741,86
PALMA FLOR,26957,4203,86
PALMA LARGA,27327,4176,86
PALMA POZO,27872,4225,86
PALMA POZO,27194,4301,86
PALMA REDONDA,14570,4223,86
PALMARES,21151,4338,86
PALMAS,26346,2354,86
PALIZAS,14362,4301,86
PALMITAS,14411,4238,86
PALMITAS DE JEREZ,27707,4301,86
PALO A PIQUE,26052,5257,86
PALO LINDO,26687,4230,86
PALO NEGRO,27061,2354,86
PALO PARADO,26734,4230,86
PALOMAR,26214,4353,86
KILOMETRO 494,27131,4356,86
PALMITAS,21152,4338,86
PALERMO,26107,5251,86
PALERMO,27113,4350,86
PALERMO,25990,4322,86
OJO DE AGUA,27080,5250,86
OJO DE AGUA,27078,5255,86
ONCAJAN,26673,4233,86
ONCAN,27083,5251,86
ORATORIO,14622,5257,86
ORO PAMPA,21092,4334,86
OTUMPA,27108,3741,86
OVEJEROS,27421,4201,86
PAAJ MUYO,25852,4208,86
PAAJ MUYO,26412,4315,86
PAAJ POZO,26677,3714,86
PAAJ RODEO,21120,4326,86
PACIENCIA,26213,4353,86
PADUA,21936,4350,86
PAJARO BLANCO,22294,5253,86
PALERMO,26685,3749,86
PALERMO,14276,4302,86
MORCILLO,25945,4308,86
MORAYOS,26253,3741,86
MORAMPA,14459,4208,86
MORALES,27419,4201,86
MARTIN PASO,21000,2356,86
MARTINEZ,26822,2357,86
MASUMPA,27185,4197,86
MATARA,14441,4356,86
MATE PAMPA,26633,4203,86
MEDANOS,22292,5253,86
MEDELLIN,26530,4313,86
MARIA DELICIA,22397,4322,86
MEDIA FLOR,26442,4302,86
MEDIA LUNA,27188,4197,86
MEDIO MUNDO,14408,4238,86
MELERO,27143,4356,86
MENDOZA,14329,4237,86
MERCEDES,21963,4200,86
MERCEDES,26209,4353,86
MERCEDES,25827,4452,86
MEDIA FLOR,14273,4336,86
MARIA,26610,4353,86
MARIA,26208,3740,86
MARAVILLA,26607,4353,86
MANCHIN,26163,5255,86
MANCHIN,27278,5257,86
MANFLOA,22249,5250,86
MANGA BAJADA,14343,4301,86
MANGRULLO,14407,4234,86
MANOGASTA,27320,4201,86
MANOGASTA,25885,4317,86
MANSUPA,14569,4220,86
MAQUIJATA,26609,4203,86
MAQUITA,26511,4206,86
MAQUITIS,26520,4206,86
MAQUITO,22519,4206,86
MARAVILLA,26344,2354,86
MARAVILLA,26207,3740,86
MARAVILLA,26657,3749,86
MARAVILLA,27181,4197,86
MARAVILLA,26621,4203,86
MIEL DE PALO,27463,3761,86
MANANTIALES,14568,4220,86
MILAGRO,27094,3743,86
MILI,27109,4312,86
MONTE CRECIDO,21002,2356,86
MONTE CRISTO,27325,4201,86
MONTE POTRERO,26747,4187,86
MONTE POTRERO,25914,4195,86
MONTE QUEMADO,14344,3714,86
MONTE QUEMADO,27191,4195,86
MONTE REDONDO,14458,4212,86
MONTE ALTO,27103,3743,86
MONTE REDONDO,26643,4230,86
MONTE RICO,22520,4206,86
MONTE VERDE,26389,3747,86
MONTE VERDE,26167,5255,86
MONTEAGUDO,26655,4230,86
MONTESINO,25915,4187,86
MONTEVIDEO,14197,4301,86
MORADITO,14198,4301,86
MONTE REDONDO,14491,4301,86
MOLLES,26105,5251,86
MOLLEOJ,27189,4197,86
MOLLE POZO,22251,5250,86
MINERVA,26210,3740,86
MINERVA,26614,4353,86
MIRAMONTE,26165,5250,86
MIRAMONTE,27281,5255,86
MIRANDAS,27324,4201,86
MIRANDAS,25886,4317,86
MIRCA,25944,4308,86
MISTOL LOMA,26166,5250,86
MISTOL LOMA,27284,5255,86
MISTOL MUYOJ,14409,4225,86
MISTOL PAMPA,27100,4351,86
MISTOL POZO,26027,4319,86
MISTOLES,26104,5251,86
MISTOLITO,25828,4452,86
MOCONZA,21071,4328,86
MOJON,26388,4197,86
MOLLE,22463,4324,86
MILAGRO,26164,5255,86
LAS TALITAS,14404,4238,86
MOJONCITO,14330,4233,86
LAS SALINAS,26433,4300,86
LA ESPERANZA,26577,4354,86
LA ESPERANZA,26092,5251,86
LA ESQUINA,27264,4201,86
LA ESQUINA,14321,4230,86
LA ESQUINA,25879,4317,86
LA ESTANCIA,22078,3760,86
LA EULALIA,26565,3064,86
LA ESPERANZA,26015,4322,86
LA FALDA,14258,4302,86
LA FALDA,22460,4324,86
LA FELICIANA,21896,3062,86
LA FIRMEZA,26585,3714,86
LA FLORIDA,27232,4197,86
LA FLORIDA,27269,4201,86
LA FLORIDA,21026,4301,86
LA FLORIDA,25941,4308,86
LA FALDA,25979,4322,86
LA FLORIDA,26093,5251,86
LA ESPERANZA,14320,4230,86
LA ESPERANZA,22106,4184,86
LA CURVA,26246,3741,86
LA DARSENA,27258,4201,86
LA DARSENA,25878,4317,86
LA DEFENSA,26567,3749,86
LA DELIA,21894,3062,86
LA DOLORES,26536,3064,86
LA DONOSA,27261,4221,86
LA ESPERANZA,26827,4206,86
LA DORA,21895,3062,86
LA ENCALADA,22077,3760,86
LA ENSENADA,26950,4203,86
LA ESMERALDA,26341,2354,86
LA ESMERALDA,25840,3760,86
LA ESMERALDA,26581,3766,86
LA ESPERANZA,26559,3064,86
LA ESPERANZA,26573,3749,86
LA DORMIDA,22132,4208,86
LA FORTUNA,26381,3747,86
LA FORTUNA,25925,4220,86
LA FORTUNA,14435,4304,86
LA INVERNADA,25942,4308,86
LA INVERNADA,26579,4353,86
LA ISLA,14261,4300,86
LA ISLA,14496,5251,86
LA ISLETA,21898,3062,86
LA JULIANA,27242,4189,86
LA LAGUNA,14323,4230,86
LA HUERTA,26584,3064,86
LA LAURA,26876,4205,86
LA LIBIA,21899,3062,86
LA LOMA,26205,3740,86
LA LOMA,26582,4301,86
LA LOMA,26016,4322,86
LA LOMA,27402,4354,86
LA LOMADA,14513,4301,86
LA LUNA,25909,4187,86
LA LAURA,21980,4230,86
LA HIGUERA,14624,4301,86
LA HIGUERA,27444,4206,86
LA HIEDRA,26576,3064,86
LA FRAGUA,27238,4197,86
LA FRANCISCA,26571,3064,86
LA GERALDINA,27059,2341,86
LA GERMANIA,14259,4302,86
LA GERMANIA,25980,4322,86
LA GOLONDRINA,26043,4321,86
LA GOLONDRINA,27199,5257,86
LA GRAMA,27273,4201,86
LA GRANA,26148,5255,86
LA GRANADA,26149,5255,86
LA GRANJA,22025,3712,86
LA GRANJA,21170,4300,86
LA GRINGA,26044,4321,86
LA GRINGA,27202,5257,86
LA GRITERIA,26045,5257,86
LA GUARDIA,14322,4233,86
LA GUARDIA,26578,4301,86
LA CUESTA,26091,5251,86
LA CUARTEADA,25978,4322,86
LA CUARTEADA,14257,4302,86
LA CRUZ,22218,5250,86
KISKA LORO,26275,4351,86
LA ABRA,27043,4237,86
LA ABRA,27047,5251,86
LA ABRITA,22509,4206,86
LA AGUADA,27209,4197,86
LA AGUADA,14561,4220,86
LA AGUADITA,27048,5251,86
KISKA HURMANA,25975,4322,86
LA AIDA,21893,3062,86
LA ALOJA,27212,4189,86
LA AMERICA,26378,3747,86
LA ANGELITA,22023,3712,86
LA ARGENTINA,26379,3749,86
LA ARGENTINA,27049,5251,86
LA ARMONIA,22024,3712,86
LA ARMONIA,26380,3749,86
LA ALEMANA,26534,3064,86
KISKA HURMANA,14254,4302,86
KILOMETRO 88,14453,4208,86
KILOMETRO 764,26337,2356,86
KILOMETRO 515,22076,3760,86
LAS TALAS,22235,5250,86
KILOMETRO 546,27128,4350,86
KILOMETRO 55,27037,4205,86
KILOMETRO 606,27034,3741,86
KILOMETRO 613,26515,4354,86
KILOMETRO 629,21147,4338,86
KILOMETRO 645,25920,4197,86
KILOMETRO 645,26422,4339,86
KILOMETRO 651,25921,4197,86
KILOMETRO 651,26425,4339,86
KILOMETRO 659,21167,4300,86
KILOMETRO 661,14252,4300,86
KILOMETRO 665,14253,4300,86
KILOMETRO 694,27041,3745,86
KILOMETRO 719,26245,3741,86
KILOMETRO 735,22339,2354,86
LA AURORA,26427,4336,86
LA MAGDALENA,21900,3062,86
LA BALANZA,27407,3765,86
LA BANDA,14255,4300,86
LA CENTELLA,26340,2354,86
LA CHEJCHILLA,26521,3745,86
LA CHILCA,14400,4238,86
LA CHILCA,26147,5251,86
LA CLEMIRA,22217,5250,86
LA CODICIA,27219,4197,86
LA COLINA,22287,5253,86
LA CASIMIRA,20993,2356,86
LA COLONIA,26431,4302,86
LA CONCEPCION,26525,4354,86
LA CORTADERA,21979,4205,86
LA COSTA,21087,4334,86
LA COSTOSA,27228,4187,86
LA CRUZ,26014,4322,86
LA CRUZ,22458,4324,86
LA CRUZ,27132,4354,86
LA COLONIA,25977,4322,86
LA CAROLINA,26339,2354,86
LA CAPILLA,26090,5251,86
LA CAPILLA,21168,4300,86
LA BARROSA,25940,4308,86
LA BELLA CRIOLLA,22286,5253,86
LA BLANCA,26338,2354,86
LA BLANCA,27215,4189,86
LA BLANCA,21978,4205,86
LA BLANCA,22050,4313,86
LA BLANCA,22457,4324,86
LA BOTA,26013,4322,86
LA BOTA,26516,4354,86
LA BREA,27106,4354,86
LA CALERA,26948,4203,86
LA CALERA,26089,5251,86
LA CAÑADA,14256,4302,86
LA CAÑADA,27493,4313,86
LA CAÑADA,25976,4322,86
LA CAÑADA,26519,4354,86
LA CAÑADA,22215,5250,86
LA BALANZA,25816,4350,86
LA MANGA,26382,4301,86
LA CAÑADA,26557,3749,86
LA MARTA,26247,3741,86
LAS CARPAS,26384,3747,86
LAS CEJAS,27316,4184,86
LAS CEJAS,14303,4221,86
LAS CHACRAS,25912,4187,86
LAS CHACRAS,26952,4203,86
LAS CHACRAS,21149,4338,86
LAS CHACRAS,22232,5250,86
LAS CANTINAS,27279,4178,86
LAS CHILCAS,21903,3062,86
LAS COLINAS,25943,4308,86
LAS COLONIAS,14263,4302,86
LAS COLONIAS,26097,5250,86
LAS COLONIAS,27245,5251,86
LAS CRUCES,26159,5255,86
LAS DELICIAS,20996,2356,86
LAS DELICIAS,27265,4189,86
LAS CIENAGAS,26096,5251,86
LAS CAÑAS,27243,5255,86
LAS CAÑAS,26158,5250,86
LAS ALMAS,20995,2356,86
LAGO MUYOJ,21090,4334,86
LAGUNA,26481,4203,86
LAGUNA BAYA,27055,3740,86
LAGUNA BLANCA,26881,4313,86
LAGUNA DEL SUNCHO,26156,5250,86
LAGUNA DEL SUNCHO,27240,5255,86
LAGUNA LARGA,21148,4338,86
LAGUNILLA,27133,4356,86
LAGUNITAS,26157,5255,86
LAPA,22462,4324,86
LAPRIDA,14325,4205,86
LAS ABRAS,16400,2357,86
LAS ABRAS,22087,4306,86
LAS ABRAS DE SAN ANTONIO,20994,2356,86
LAS AGUADAS,26652,3064,86
LAS AGUILAS,26383,3749,86
LAS AGUILAS,22231,5250,86
LAS DOS FLORES,26887,4205,86
LA YERBA,27235,5253,86
LAS DOS FLORES,21987,4230,86
LAS FLORES,27526,4203,86
LAS PALMAS,26343,2354,86
LAS PALMERAS,27282,4220,86
LAS PALMITAS,14195,4301,86
LAS PALOMITAS,26558,4230,86
LAS PARVAS,26101,5251,86
LAS PEÑAS,14327,4237,86
LAS PERFORACIONES,26385,3712,86
LAS ORELLANAS,14436,4304,86
LAS PERFORACIONES,22026,3714,86
LAS PUERTAS,25913,4187,86
LAS PUERTAS,25825,4452,86
LAS QUEBRADAS,27280,4197,86
LAS RAMADITAS,26787,2357,86
LA MARAVILLA,27314,4187,86
LAS RANDAS,27057,4351,86
LAS ROSAS,26102,5251,86
LAS PORTEÑAS,26248,3741,86
LAS ORELLANAS,25926,4220,86
LAS MOSTAZAS,26983,2357,86
LAS MOCHAS,21905,3062,86
LAS FLORES,26834,4206,86
LAS FLORES,14326,4230,86
LAS FLORES,14401,4234,86
LAS FLORES,26098,5251,86
LAS FLORES,22289,5253,86
LAS GAMAS,26683,3064,86
LAS HERMANAS,14264,4300,86
LAS HORQUETAS,22234,5250,86
LAS ISLETAS,21904,3062,86
LAS JUNTAS,14402,4238,86
LAS LAJAS,27270,4189,86
LAS LOMAS,27276,4189,86
LAS LOMAS,22435,4321,86
LAS LOMAS,26099,5251,86
LAS LOMITAS,26100,5251,86
LAS LOMITAS,27063,5255,86
LAS MARAVILLAS,14403,4238,86
LAS FLORES,25841,3766,86
LA VUELTA,14262,4302,86
LAS ISLAS,27250,5255,86
LA VIUDA,21985,4205,86
LA PAZ,27403,4354,86
LA PERLITA,27277,4201,86
LA PERLITA,25880,4317,86
LA PETRONILA,26017,4322,86
LA PETRONILA,27406,4354,86
LA PINTADA,26094,5251,86
LA POLVAREDA,21982,4205,86
LA PORFIA,22288,5253,86
LA PORTEÑA,26830,4206,86
LA POTOCHA,26276,4351,86
LA PRIMAVERA,22220,5250,86
LA PRIMITIVA,26018,4322,86
LA PRIMITIVA,26586,4354,86
LA PROTEGIDA,26047,4321,86
LA PROTEGIDA,27213,5257,86
LA PROVIDENCIA,21983,4205,86
LA PUERTA,26095,5251,86
LA PAZ,14604,4301,86
LA PUERTA DEL MONTE,26048,4321,86
LA PANCHITA,26603,3064,86
LA PAMPA,26151,5255,86
LA MELADA,25911,4197,86
LA MELADA,21981,4205,86
LA VUELTA,26833,4206,86
LA MELADA,27315,4187,86
LA MESADA,27251,4197,86
LA NENA,27456,3765,86
LA NORIA,14454,4208,86
LA NORIA,26493,4315,86
LA OVERA,22461,4324,86
LA PACIENCIA,14361,4301,86
LA PALIZA,27351,4321,86
LA PALMA,26150,5255,86
LA PALOMA,27050,3736,86
LA PALOMA,14194,4301,86
LA PALOMA,26024,4319,86
LA PAMPA,26590,3064,86
LA PAMPA,27052,3743,86
LA PAMPA,27205,5257,86
LA PUERTA DEL MONTE,27218,5257,86
LA PAMPA,26046,4321,86
LA PUNTA,27046,4203,86
LA SIMONA,27458,3763,86
LA SOLEDAD,14562,4225,86
LA SOLEDAD,26153,5250,86
LA SOLEDAD,27222,5255,86
LA SUSANA,26638,3064,86
LA TALA,27257,4189,86
LA TAPA,26592,4354,86
LA TOTORILLA,22227,5250,86
LA TRAMPA,26154,5250,86
LA TRAMPA,27226,5255,86
LA TUSCA,26155,5250,86
LA TUSCA,27230,5255,86
LA UNION,22347,2354,86
LA VIRTUD,26606,3714,86
LA UNION,26593,3749,86
LA VERDE,22229,5250,86
LA VICTORIA,22348,2354,86
LA SIMONA,26629,3064,86
LA SELVA,26152,5255,86
LA TERESA,26641,3064,86
LA SARITA,22515,4206,86
LA RAMADITA,22133,4208,86
LA RAMADA,26587,4354,86
LA RECOMPENSA,26342,2354,86
LA RAMADA,26019,4322,86
LA RECONQUISTA,27457,3765,86
LA RECONQUISTA,25817,4350,86
LA REDUCCION,21927,4350,86
LA RESBALOSA,26501,5250,86
LA REPRESA,14324,4233,86
LA REVANCHA,14455,4208,86
LA RINCONADA,22223,5250,86
LA RIVERA,14605,4301,86
LA ROMELIA,22346,2354,86
LA ROSILLA,26617,3064,86
LA SANTAFECINA,21902,3062,86
