MANUELA PEDRAZA,12846,4166,90
MANANTIALES,13002,4124,90
MARIA BLANCA,12803,4157,90
MANUEL GARCIA FERNANDEZ,12653,4166,90
MANCOPA CHICO,25005,4115,90
MARIA ELENA,12654,4168,90
MANCOPA,12652,4115,90
MANCHALA,12651,4166,90
MARAPA,12527,4158,90
MANANTIAL DE OVANTA,12414,4105,90
MACHO HUAÑUSCA,23606,4137,90
MALVINAS,12413,4129,90
MAL PASO,12802,4157,90
MACOMITA,12139,4117,90
MACIO,12845,4172,90
LUJAN,12138,4187,90
LUZ Y FUERZA,24202,4103,90
LUNAREJOS,12650,4113,90
LUISIANA ESTACION FCGM,12348,4117,90
MARIA LUISA,12271,4174,90
LUJAN,12349,4117,90
LULES,12707,4128,90
MANAGUA,12911,4141,90
MARIÑO,12140,4117,90
MISKY,25044,4105,90
MASCIO PILCO,23028,4172,90
MOLLE POZO,25019,4168,90
MOLLE YACO,23611,4137,90
MOLLES,23189,4242,90
LUIS PASTEUR,22423,4178,90
MOLLE DE ABAJO,23610,4137,90
MOLLE CHATO,20962,4119,90
MOLINOS,12274,4151,90
MOJON,12143,4115,90
MIXTA,12656,4115,90
MISTOL,12477,4162,90
MOLLE YACO,24633,4124,90
MARTA,22409,4178,90
MIRANDA,13004,4124,90
MIGUEL LILLO,12655,4113,90
MESADA DE ENCIMA,23609,4137,90
MERCEDES,12804,4152,90
MERCEDES,12415,4128,90
MEMBRILLO,12273,4146,90
MEDINAS,12272,4151,90
MEDINA,12142,4101,90
MAYO,12350,4182,90
MATUL,12141,4101,90
MATO YACO,13003,4122,90
MASCIO SUR,25002,4172,90
MIMILTO,24632,4124,90
LOVAR,23025,4174,90
LOS POCITOS,23603,4137,90
LOS ZAZOS,12910,4137,90
LOS RALOS,12345,4182,90
LOS QUEMADOS,12645,4113,90
LOS PUESTOS,24630,4124,90
LOS PUESTOS,12644,4115,90
LOS PORCELES,12344,4111,90
LOS POCITOS,24983,4168,90
LOS POCITOS,12958,4101,90
LOS PLANCHONES,13000,4105,90
LOS PIZARRO,12552,4162,90
LOS PINOS B,20959,4000,90
LOS PEREZ,12843,4174,90
LOS REYES,12745,4143,90
LOS PEREZ,12343,4117,90
LOS PEDRAZA,20958,4119,90
LOS PARAISOS,12475,4176,90
LOS PANCHILLOS,23177,4176,90
LOS OCHO CUARTOS,22725,4152,90
LOS NOGALES,12957,4101,90
LOS MOYES,12744,4143,90
LOS MOLLES,12551,4242,90
MONASTERIO,24231,4103,90
LOS LUNAS,12798,4155,90
LOS MISTOLES,23176,4162,90
LOS MENDOZAS,12842,4174,90
LOS PEREYRA,12342,4178,90
LOS RIOS,12799,4157,90
LOS RIZOS,12800,4157,90
LOS ROBLES,12746,4142,90
LOS ZARAGOZA,24200,4103,90
LOS VILLEGAS,12648,4115,90
LOS VILLAGRA,24998,4178,90
LOS VILLAGRA,12347,4111,90
LOS VEGA,12270,4146,90
LOS VAZQUEZ,23184,4105,90
LOS VALLISTOS,12346,4109,90
LOS VALDES,24996,4168,90
LOS TRES BAJOS,23024,4161,90
LOS TREJOS,12844,4174,90
LOS TIMBRES,12269,4147,90
LOS TIMBOS,21910,4101,90
LOS SUELDOS,12647,4111,90
LOS SOTELO,23183,4176,90
LOS SOSAS,12749,4142,90
LOS SORAIRE,23180,4176,90
LOS SIFONES,22734,4132,90
LOS SAUCES,13001,4176,90
LOS SAUCES,12476,4176,90
LOS SARMIENTOS,12801,4157,90
LOS SARACHO,23179,4176,90
LOS RUIZ,23178,4176,90
LOS ROMANOS,12646,4113,90
LOS ROJOS,12748,4143,90
LOS RODRIGUEZ,12747,4135,90
LOS ZELAYAS,12649,4115,90
MONTE BELLO,12657,4115,90
PARAISO,12914,4117,90
MONTE BELLO,12805,4157,90
PEÑA OVERA,23618,4137,90
PASO GRANDE,23221,4176,90
PASO DE LOS NIEVAS,23219,4176,90
PASO DE LAS LANZAS,21040,4119,90
PASO DE LA PATRIA,12153,4187,90
PARADA DE OHUANTA,13050,4105,90
PANTANILLO,24637,4124,90
PAMPA ROSA,23216,4176,90
PAMPA POZO,12152,4242,90
PAMPA MUYO,23212,4176,90
PAMPA MAYO NOROESTE,25066,4172,90
PEÑA PICAZA,23620,4137,90
PAMPA MAYO,23067,4172,90
PALOS QUEMADOS,23203,4176,90
PALOMITAS,12151,4119,90
PALOMINOS,12850,4174,90
PALOMAS,12482,4174,90
PALO SECO,23199,4176,90
PALO GACHO,23616,4137,90
PALO BLANCO,12481,4161,90
PALMITAS,12664,4115,90
PALMAS REDONDAS,12356,4178,90
PALA PALA,12663,4111,90
PAJA COLORADA,12150,4187,90
PAMPA LARGA,12483,4159,90
PAJA BLANCA,25053,4168,90
PEREYRA NORTE,22424,4178,90
PERUCHO,13007,4124,90
POSSE DESVIO PARTICULAR FCGM,12666,4115,90
PORVENIR,25072,4178,90
LOS LESCANOS,21909,4174,90
PORTEZUELO DE TOMAS,23629,4137,90
PORTEZUELO DE LAS ANIMAS,23626,4137,90
PORTEZUELO,24638,4124,90
PORTEZUELO,24204,4117,90
PONZACON,23822,4162,90
POLITO,12357,4111,90
POLIAR,23070,4174,90
PLAYA LARGA,22514,4142,90
PEREYRA SUR,22429,4178,90
PLANTA DE BOMBEO DE YPF,25069,4168,90
PIRHUAS,12665,4115,90
PINGOLLAR,13009,4124,90
PILCO,12754,4142,90
PIEDRAS COLORADAS,22500,4142,90
PIEDRAS BLANCAS,23624,4137,90
PIEDRA TENDIDA,21051,4119,90
PIEDRA GRANDE,21926,4146,90
PIEDRA BLANCA,23622,4119,90
PIE DEL ACONQUIJA,12917,4107,90
PIE DE LA CUESTA,12916,4124,90
PICHAO,12915,4141,90
PLANTA COMPRESORA YPF,23068,4174,90
PAEZ,12480,4242,90
PADILLA,12419,4133,90
PACARA PINTADO,21034,4119,90
NASCHE,12808,4152,90
NARANJO ESQUINA,12528,4158,90
NARANJITO,22416,4115,90
MUYO,21923,4146,90
MUNDO NUEVO,25047,4105,90
MULTIFLORES,12807,4152,90
MUJER MUERTA,12659,4178,90
MOYAR,12658,4115,90
MOYA,12352,4117,90
MOTHE,22474,4172,90
MORON,12479,4242,90
NEGRO POTRERO,12752,4135,90
MORAS MINUCAS,22727,4152,90
MONTEROS VIEJO,22469,4142,90
MONTEROS,12751,4142,90
MONTEAGUDO,12847,4174,90
MONTE RICO,12275,4152,90
MONTE REDONDO,12555,4162,90
MONTE REDONDO,12806,4152,90
MONTE REDOMON,20963,4162,90
MONTE LARGO,12351,4117,90
MONTE GRANDE,12554,4162,90
MONTE GRANDE,12416,4133,90
MONTE CRISTO,12144,4187,90
MONTUOSO,12478,4242,90
NIO EL PUESTITO,20965,4119,90
NIO VILLA PADRE MONTI,12145,4101,90
NIOGASTA,12848,4174,90
PACARA PINTADO,12355,4111,90
PACARA MARCADO,12149,4119,90
PACARA,20972,4119,90
PACARA,12354,4111,90
P G MENDEZ,22420,4117,90
OVERO POZO,22419,4178,90
OVEJERIA,12913,4124,90
ORAN,12753,4142,90
ORAN,12662,4115,90
OJO DE AGUA,12912,4107,90
OJO,12148,4101,90
OBRAJE,12418,4129,90
NUEVOS MATADEROS,12222,4109,90
NUEVO PUEBLO LA FLORIDA,12353,4117,90
NUEVA TRINIDAD,12849,4157,90
NUEVA ROSA,12147,4101,90
NUEVA ESQUINA,12809,4161,90
NUEVA ESPERANZA,12959,4103,90
NUEVA ESPAÑA,12661,4113,90
NUEVA BAVIERA,12417,4132,90
ÑOREO,13006,4122,90
ÑORCO,24636,4122,90
NOGALITO,12146,4101,90
NOGALITA,23613,4137,90
NOARIO,12660,4113,90
MONTE BELLO,13005,4124,90
LOS JUAREZ,12643,4113,90
LA VIÑITA,23592,4137,90
LOS HERRERAS,12642,4113,90
LAS ANIMAS,12793,4176,90
LAS ANIMAS,12264,4149,90
LAS ACOSTILLAS,12627,4113,90
LAS ABRAS,12548,4187,90
LARA,12896,4137,90
LAPACHITOS,12331,4186,90
LAMPARCITO,23594,4137,90
LAMADRID,12465,4176,90
LAGUNA LARGA,23122,4176,90
LAGUNA GRANDE,24170,4103,90
LAGUNA DE ROBLES,12130,4119,90
LAS ARCAS,12993,4124,90
LAGUNA BLANCA,12626,4115,90
LACHICO,12464,4242,90
LACAVERA,23593,4103,90
LA ZANJA,12992,4242,90
LA ZANJA,12463,4242,90
LA VERDE,20945,4119,90
LA UNION,20942,4119,90
LA TUNA,23019,4174,90
LA TUNA,20940,4149,90
LA TUNA,12625,4149,90
LA TRANCA,23591,4137,90
LA TOMA,20938,4119,90
LAGARTE,12263,4174,90
LA TOMA,12952,4103,90
LAS BANDERITAS,12408,4132,90
LAS BOLSAS,23595,4137,90
LAS HIGUERILLAS,23531,4144,90
LAS GUCHAS LOS GUCHEA,21890,4151,90
LAS FALDAS,12265,4147,90
LAS ENCRUCIJADAS,12631,4115,90
LAS CUEVAS,21889,4146,90
LAS CUATRO ESQUINAS,24932,4168,90
LAS CRIOLLAS,12994,4122,90
LAS COLONIAS,12630,4115,90
LAS COLAS,12131,4195,90
LAS CIENAGAS,12740,4135,90
LAS CHACRAS,20948,4119,90
LAS BARRANCAS,24921,4168,90
LAS CELAYAS,12629,4115,90
LAS CEJAS,12839,4172,90
LAS CEJAS,12549,4162,90
LAS CARRERAS,12899,4137,90
LAS CAÑITAS,24535,4124,90
LAS CAÑITAS,24172,4103,90
LAS CAÑITAS,12467,4103,90
LAS CAÑAS,12898,4141,90
LAS CAÑADAS,12628,4113,90
LAS BURRAS,24534,4124,90
LAS BRISAS,12466,4242,90
LAS BOTIJAS,24533,4124,90
LAS CEJAS,12332,4186,90
LAS HIGUERITAS,12741,4144,90
LA TIPA,12792,4157,90
LA TALA,12330,4178,90
LA PINTA Y LA CUARENTA,22719,4132,90
LA PICADA,12951,4103,90
LA MESADA,23585,4137,90
LA MEDIA AGUA,22362,4178,90
LA MARTA,20923,4119,90
LA MARAVILLA,23363,4137,90
LA MARAVILLA,12329,4124,90
LA MANGA,24167,4103,90
LA LOMA,23106,4176,90
LA LOMA,23016,4174,90
LA LOMA,20920,4119,90
LA PLANTA,23017,4174,90
LA LIBERTAD,12328,4186,90
LA LAGUNILLA,12461,4163,90
LA LAGUNA,24532,4124,90
LA JUNTA,20918,4119,90
LA ISLA,24910,4168,90
LA INVERNADA,12546,4158,90
LA IGUANA,12460,4242,90
LA HUERTA,23772,4162,90
LA HOYADA,24166,4105,90
LA HIGUERA,12990,4122,90
POSTA,12276,4157,90
LA HIGUERA,12261,4122,90
LA LAGUNITA,23780,4137,90
LA TAPIA,12791,4157,90
LA POLA,20927,4119,90
LA PRINCESA,24912,4168,90
LA SOLEDAD,23107,4176,90
LA SOLEDAD,20935,4119,90
LA SILLA,23590,4137,90
LA SALVACION,27882,4162,90
LA SALAMANCA,23589,4137,90
LA SALA,23588,4137,90
LA SALA,24169,4119,90
LA SALA,24715,4105,90
LA RUDA,20934,4119,90
LA RINCONADA PARADA,12407,4107,90
LA RINCONADA,12838,4172,90
LA POSTA,12547,4164,90
LA REINA,23018,4174,90
LA RAMADITA,12739,4135,90
LA RAMADA DE ABAJO,12128,4119,90
LA RAMADA,12127,4119,90
LA RAMADA,24168,4103,90
LA QUINTA,22422,4142,90
LA QUESERIA,23587,4137,90
LA QUEBRADA,12895,4129,90
LA PUNTILLA,23586,4137,90
LA PUERTA DE MARAPA,12524,4158,90
LA PUERTA DE LUCA,20930,4119,90
LA PUERTA,12126,4101,90
LA REDUCCION,12702,4129,90
LAS JUNTAS,25041,4105,90
LAS JUNTAS,24536,4122,90
LAS JUNTAS,24938,4168,90
LOS CERCOS,12471,4176,90
LOS CAMPEROS,12637,4111,90
LOS CALLEJONES,12795,4152,90
LOS BULACIO,22392,4111,90
LOS BULACIO,13049,4105,90
LOS BRITOS,12636,4113,90
LOS BORDOS,24539,4124,90
LOS BATEONES,23736,4137,90
LOS BAJOS,12550,4161,90
LOS ARROYO,12525,4158,90
LOS ARRIETAS,12841,4151,90
LOS CHAMICOS,25043,4105,90
LOS ANGELES,24538,4178,90
LOS ALISOS,12794,4158,90
LOS ALCARACES,12705,4105,90
LOS ALAMOS,25042,4105,90
LOS ALAMITOS,23453,4158,90
LOS AGUIRRE,21901,4174,90
LOS AGUIRRE,12704,4105,90
LOS AGUEROS,21897,4174,90
LOS AGUDOS,24957,4168,90
LOS AGUDOS,12469,4157,90
LOS AGUDOS,27625,4152,90
LOPEZ DOMINGUEZ,22387,4184,90
LOS AMAYA,27691,4174,90
LOMAS DE IMBAUD,24716,4105,90
LOS CHAÑARES,12905,4141,90
LOS CHAÑARITOS,12638,4115,90
LOS HARDOY,12341,4186,90
LOS GUTIERREZ,12340,4178,90
LOS GUCHEA,12268,4151,90
LOS GUAYACANES,12526,4158,90
LOS GRAMAJOS,12474,4159,90
LOS GRAMAJO,24975,4159,90
LOS GONZALEZ,12473,4119,90
LOS GONZALES,20953,4119,90
LOS GOMEZ,12641,4113,90
LOS GODOY,12339,4186,90
LOS GODOS,12338,4117,90
LOS CHAÑARITOS,12706,4111,90
LOS GALPONES,12797,4157,90
LOS ESTANQUES,12956,4103,90
LOS DIAZ,27881,4172,90
LOS DIAZ,12472,4159,90
LOS DECIMA,24969,4168,90
LOS CUARTOS,12909,4137,90
LOS CRESPO,12639,4113,90
LOS CORPITOS,12908,4137,90
LOS CORDONES,12907,4137,90
LOS CORDOBA,12796,4157,90
LOS COLORADOS,12906,4137,90
LOS CHORRILLOS,12136,4119,90
LOS EUCALIPTOS,20952,4119,90
LOMA VERDE,12635,4111,90
LOMA REDONDA,23597,4137,90
LOMA NEGRA,20951,4119,90
LAS TALAS,13048,4105,90
LAS TACANAS,12996,4124,90
LAS TABLITAS,23448,4158,90
LAS TABLAS,12410,4129,90
LAS SALINAS,12901,4101,90
LAS RATAS,22720,4132,90
LAS PIRVAS,24945,4168,90
LAS PIRCAS,24537,4124,90
LAS PIEDRITAS,12335,4178,90
LAS PECHOSAS,12132,4119,90
LAS PAVAS,21892,4146,90
LAS TALAS,24948,4178,90
LAS PARRITAS,23143,4176,90
LAS PALOMITAS,12334,4178,90
LAS PALMITAS,12633,4115,90
LAS MORITAS,12900,4103,90
LAS MORERAS,12409,4128,90
LAS MESADAS,12995,4132,90
LAS MERCEDES,12632,4111,90
LAS MERCEDES,12333,4111,90
LAS MELLIZAS,23596,4107,90
LAS LOMITAS,12468,4176,90
LAS LENGUAS LAS LEGUAS,21891,4149,90
LAS LEGUAS,12266,4149,90
LAS PAMPITAS,22426,4142,90
LAS TALITAS,12953,4101,90
LAS TALITAS,22428,4242,90
LAS TIPAS,12955,4105,90
LOMA GRANDE,23022,4174,90
LOMA GRANDE,12135,4119,90
LOMA DEL MEDIO,12999,4122,90
LOMA COLORADA,12904,4141,90
LOLITA NUEVA,22382,4182,90
LOLITA,12337,4182,90
LESCANO,12267,4146,90
LEON ROUGES,12743,4143,90
LEOCADIO PAZ,12998,4124,90
LEO HUASI,12134,4101,90
LEALES,24954,4113,90
LAZARTE,12840,4174,90
LAURELES SUR,22729,4132,90
LAURELES NORTE,22726,4132,90
LAURELES,12411,4132,90
LAUREL YACO,12997,4124,90
LASTENIA,12336,4111,90
LAS ZORRAS,12634,4115,90
LAS ZANJITAS,23152,4176,90
LAS ZANJAS,12903,4119,90
LAS ZANJAS,12133,4119,90
LAS TUSCAS TUSCAL,22724,4155,90
LAS TRES FLORES,22721,4132,90
LAS TRANCAS TRANQUITAS,20950,4101,90
LAS TIPAS DE COLALAO,12902,4124,90
LOS HILOS,12137,4101,90
POSTA VIEJA,24639,4122,90
TATA YACU,23897,4162,90
POTRERILLO,25048,4105,90
TAFI VIEJO,12965,4103,90
TAFI DEL VALLE,12927,4137,90
TACO YANA,13029,4124,90
TACO YACO,24662,4124,90
TACO RODEO,12507,4159,90
TACO RALO,12506,4242,90
TACO PUNCO,24661,4124,90
TACO PALTA,12187,4117,90
TACO LLANO,24659,4124,90
TACO,12186,4117,90
TACANAS,12688,4178,90
TAFICILLO,12966,4103,90
TACANAS,24658,4124,90
SURIYACO,12284,4174,90
SUPERINTENDENTE LEDESMA,12687,4178,90
SUNCHO PUNTA,23341,4164,90
SUNCHAL,12184,4101,90
SUELDOS,12686,4111,90
SUELDO,23082,4111,90
SUD DE TREJOS,12856,4174,90
SUD DE SANDOVALES,12283,4174,90
SUD DE LAZARTE,12855,4174,90
SORAIRE,21200,4119,90
SOLEDAD,12685,4115,90
SURIYACU,12185,4195,90
SOLDADO MALDONADO,12766,4142,90
TALA BAJADA,12188,4195,90
TALA PAMPA,21201,4119,90
TIPAS,24665,4105,90
TIPA MAYO,24663,4124,90
TIO PUNCO,12931,4137,90
TIO FRANCO,12930,4141,90
TINAJEROS,12194,4187,90
TIMBO VIEJO,27692,4101,90
TIMBO NUEVO,12192,4101,90
TIERRAS BLANCAS,21202,4119,90
TICUCHO,13032,4122,90
TENIENTE BERDINA,12767,4132,90
TECOTEX,25062,4105,90
TALA CAIDA,12508,4176,90
TARUCA PAMPA,12191,4119,90
TAPIA,13031,4122,90
TAMBOR DE TACUARI,22586,4117,90
TALLERES NACIONALES,12929,4103,90
TALITAS,12509,4242,90
TALITA POZO,23892,4119,90
TALILAR,25176,4168,90
TALAMUYO,12529,4158,90
TALA YACO,13030,4122,90
TALA SACHA,23353,4176,90
TALA POZO,12189,4119,90
TALA PASO,12928,4141,90
TAQUELLO,12190,4117,90
TOCO LLANA,13033,4124,90
SOL DE MAYO,12505,4176,90
SINQUEAL,12183,4119,90
SANTA LUCIA,12762,4135,90
SANTA LUCIA,21196,4119,90
SANTA ISABEL,12853,4152,90
SANTA FELISA,12682,4111,90
SANTA ELENA,12761,4135,90
SANTA CRUZ,12500,4149,90
SANTA CLARA SUD,23301,4168,90
SANTA CATALINA,12760,4142,90
SANTA BARBARA,12499,4242,90
SANTA BARBARA,12714,4105,90
SANTA ANA,12813,4155,90
SANTA LUISA,12371,4186,90
SANDOVALES,12852,4174,90
SAN VICENTE,12370,4178,90
SAN VICENTE,13024,4122,90
SAN RAMON CHICLIGASTA,12282,4149,90
SAN RAMON,12680,4166,90
SAN RAMON,12179,4149,90
SAN RAMON,21967,4149,90
SAN RAFAEL,12713,4129,90
SAN PEREYRA,12369,4182,90
SAN PEDRO MARTIR,23080,4172,90
SAN PEDRO DE COLALAO,13023,4124,90
SAN PEDRO,12178,4187,90
SANDIS,12681,4115,90
SINQUIAL,22584,4178,90
SANTA MONICA,12763,4135,90
SANTA RITA,22581,4178,90
SIMOCA,12854,4172,90
SIMBOLAR,13028,4122,90
SIMBOL,12504,4242,90
SESTEADERO,23332,4242,90
SEPULTURA,13027,4122,90
SAUZAL,13026,4124,90
SAUCE YACU,12565,4162,90
SAUCE YACU,13025,4122,90
SAUCE YACO,24217,4162,90
SAUCE SECO,12503,4162,90
SAUCE PARTIDO,22781,4132,90
SANTA RITA,24657,4124,90
SAUCE HUACHO,12431,4132,90
SARGENTO MOYA,12765,4144,90
SANTOS LUGARES,21198,4119,90
SANTO DOMINGO,22592,4142,90
SANTILLAN,12372,4186,90
SANTA TERESA,12181,4117,90
SANTA ROSA DE LEALES,12683,4111,90
SANTA ROSA,21971,4242,90
SANTA ROSA,12501,4242,90
SANTA ROSA,12814,4152,90
SANTA ROSA,12764,4143,90
SANTA ROSA,12180,4119,90
SAUCE GAUCHO,12502,4242,90
SAN PEDRO,12368,4117,90
TOQUELLO,21203,4119,90
TORO MUERTO,12510,4242,90
YACO,24102,4122,90
VIZCACHERA,25178,4168,90
VIRGINIA,12217,4186,90
VIPOS,13040,4122,90
VILTRAN,12512,4242,90
VILLA ZENON SANTILLAN,12225,4000,90
VILLA VIEJA SANTA ANA,22733,4155,90
VILLA VIEJA,24671,4124,90
VILLA TRANCAS,13039,4124,90
VILLA TERCERA,12373,4182,90
VILLA STA ROSA DE NVA TRINIDAD,12858,4187,90
YACUCHINA,12770,4142,90
VILLA SAN JAVIER,24718,4105,90
VILLA ROSA,12215,4101,90
VILLA RITA,24670,4124,90
VILLA RECASTE,22588,4178,90
VILLA QUINTEROS,12769,4144,90
VILLA PUJIO,23374,4176,90
VILLA PADRE MONTI,12214,4101,90
VILLA NUEVA AGUILARES,12768,4142,90
VILLA NUEVA,12213,4162,90
VILLA NOGUES,12715,4105,90
VILLA MUÑECAS,24161,4000,90
VILLA MONTE CRISTO,12212,4187,90
VILLA SAN ANTONIO,12216,4187,90
VILLA MITRE,12967,4103,90
YACUCHIRI,25179,4174,90
YAMINAS,12818,4158,90
LA HELADERA,22421,4142,90
ZURITA,12934,4137,90
ZAVALIA,22600,4142,90
ZARATE,13041,4124,90
ZAPALLAR,21233,4242,90
ZAPALLAR,12515,4159,90
ZANJON MASCIO,22599,4172,90
YUNCA SUMA,21990,4146,90
YUMILLURA,23384,4242,90
YUCUMANITA,12288,4151,90
YUCHACO,24692,4124,90
YALAPA,12696,4147,90
YONOPONGO SUD,22596,4142,90
YMPAS,12514,4159,90
YERBA HUASI,25063,4105,90
YERBA BUENA,12859,4172,90
YERBA BUENA,16598,4107,90
YATAPAYANA,12697,4113,90
YASYAMAYO,12933,4141,90
YARAMI,24690,4124,90
YAQUILO,12531,4158,90
YAPACHIN,12513,4242,90
YANIMA,23903,4158,90
YANGALLO,25180,4168,90
YONOPONGO,12771,4142,90
TORO LOCO,13034,4124,90
VILLA MERCEDES,12211,4187,90
VILLA MARCOS PAZ,13054,4107,90
VESUBIO,24667,4122,90
VALENZUELA,12857,4149,90
VACAHUASI,12200,4101,90
UTURUNO,12199,4187,90
UTURUNGU,13037,4113,90
URIZAR,12198,4187,90
UCUCHACRA,23486,4158,90
TUSQUITAS,12691,4113,90
TUSCAL REDONDO,12197,4186,90
TUSCAL,12815,4155,90
TUSCA POZO,12690,4113,90
VIADUCTO DEL TORO,13038,4122,90
TUSCA PAMPA,21221,4119,90
TUNA SOLA,13036,4122,90
TRES SARGENTOS,12196,4101,90
TRES POZOS,12689,4178,90
TRES ALMACENES,12432,4132,90
TRANQUITAS,12195,4101,90
TRANCAS,24666,4124,90
TOTORITAS,12932,4141,90
TOTORILLA,21204,4141,90
TOTORAL,13035,4119,90
TOSTADO,23364,4242,90
TORO YACO,24101,4137,90
TUNALITO,21216,4119,90
VILLA MARIA,12210,4187,90
VICLOS,25177,4178,90
VILCA POZO,12693,4115,90
VILLA LA TUNA,12209,4187,90
VILLA LA TRINIDAD,12287,4151,90
VILLA LA SOLEDAD,12208,4187,90
VILLA LA COLMENA,21232,4103,90
VILLA GLORIA,24669,4124,90
VILLA FIAD,12694,4111,90
VILLA EL RETIRO,12207,4187,90
VILLA EL BACHE,12206,4187,90
VILLA DEVOTO,21984,4146,90
VILLA DESIERTO DE LUZ,12205,4187,90
VILLA DE LOS BRITOS,12204,4101,90
VIELOS,12692,4115,90
VILLA DE LEALES,12695,4113,90
VILLA CLODOMIRO HILERET,12817,4155,90
VILLA CAROLINA,12286,4147,90
VILLA CARMELA,13053,4105,90
VILLA BURRUYACU,12202,4119,90
VILLA BRAVA,22595,4142,90
VILLA BENJAMIN ARAOZ,12201,4119,90
VILLA BELGRANO,12530,4158,90
VILLA ANGELINA,21851,4105,90
VILLA ALVEAR,12285,4146,90
VILLA ALBERDI ESTACION,23548,4158,90
VILLA ALBERDI,12816,4158,90
VILLA COLMENA,12203,4103,90
SAN PATRICIO,12177,4119,90
SAN PABLO,12712,4129,90
SAN NICOLAS,12679,4111,90
RAMOS,12489,4242,90
RAMADITAS,12488,4242,90
RAFAELA POZO,22486,4115,90
RACO,12962,4105,90
QUISCA CHICA,12920,4141,90
QUINTEROS 2,22483,4144,90
QUINTEROS 1,22478,4144,90
QUILMES,12919,4141,90
QUILMES,12672,4111,90
QUEBRADA DE LULES,12423,4129,90
QUEBRACHITO,23857,4242,90
RANCHILLOS,12360,4178,90
PUNTA RIELES,12671,4115,90
PUNTA DEL AGUA,21141,4119,90
PUNTA DE RIELES,25104,4115,90
PUMA POZO,12670,4115,90
PUESTO VILLAGRA,21137,4119,90
PUESTO VIEJO,23645,4137,90
PUESTO VARELA,24645,4124,90
PUESTO NUEVO,12558,4163,90
PUESTO LOS ROBLES,23846,4162,90
PUESTO LOS ROBLES,23259,4142,90
PUESTO LOS PEREZ,12487,4242,90
PUESTO LOS GALVEZ,23256,4176,90
PUNTA DEL MONTE,12422,4129,90
PUESTO LOS BARRAZA,23251,4176,90
RANCHILLOS VIEJOS,12361,4178,90
REARTE,24646,4124,90
RODEO,24647,4122,90
RIO VIPOS,13013,4122,90
RIO SECO KILOMETRO 1207,12278,4174,90
RIO SECO,12757,4145,90
RIO LULES,12424,4166,90
RIO LORO,12963,4101,90
RIO HONDITO,23264,4176,90
RIO DEL NIO,12164,4119,90
RIO COLORADO,12673,4166,90
RIO CHICO,12811,4153,90
RIO BLANCO,23652,4137,90
RANCHO DE CASCADA,22526,4142,90
RINCON HUASA,12810,4152,90
RINCON DE QUILMES,23650,4141,90
RINCON DE LAS TACANAS,23649,4178,90
RINCON DE BALDERRAMA,12756,4166,90
RINCON,12921,4103,90
RIEGASTA,21932,4174,90
RIARTE,13012,4126,90
RETIRO,12490,4162,90
RETIRO,12362,4111,90
RESCATE,12277,4174,90
REQUELME,12163,4119,90
REARTE,23647,4137,90
RINCON GRANDE,22531,4142,90
RODEO DEL ALGARROBO,13014,4122,90
PUESTO LOS AVILAS,12486,4242,90
PUESTO GRANDE,13011,4122,90
PUEBLO VIEJO,27880,4142,90
PUEBLO OBRERO,12960,4103,90
PUEBLO NUEVO,23232,4164,90
PRADERA ALEGRE,24644,4124,90
POZO VERDE,23229,4176,90
POZO SUNCHO,24643,4124,90
POZO LARGO,12158,4195,90
POZO LAPACHO,12358,4186,90
POZO HONDO,12484,4242,90
POZO HONDO,12157,4117,90
POZO GRANDE,12156,4195,90
PUEBLO VIEJO,12557,4164,90
POZO EL QUEBRACHO,23225,4176,90
POZO DEL ALTO,12667,4111,90
POZO DEL ALGARROBO,12155,4119,90
POZO CAVADO,12556,4162,90
POZO ALTO,22447,4111,90
POTRO YACO,24641,4122,90
POTRERO GRANDE,24640,4168,90
POTRERO DE LOS ALAMOS,22442,4178,90
POTRERO DE LAS TABLAS,12708,4128,90
POTRERO DE LAS CABRAS,22728,4152,90
POTRERO,12420,4129,90
POTRERILLOS,23827,4162,90
POZO DEL ALTO,22454,4184,90
PUESTO LA RAMADITA,23643,4135,90
PUENTE EL MANANTIAL,12668,4166,90
PUERTA ALEGRE,12159,4187,90
PUESTO DEL MEDIO,23244,4187,90
PUESTO DE ZARZO,23639,4137,90
PUESTO DE UNCOS,12162,4119,90
PUESTO DE LOS VALDES,12161,4149,90
PUESTO DE JULIPAO,23635,4141,90
PUESTO DE GALVANES,23241,4176,90
PUESTO DE ENCALILLO,23641,4137,90
PUESTO DE AVILA,21110,4117,90
PUESTO DE ALUMBRE,23637,4137,90
PUESTO CIENAGA AMARILLA,24206,4103,90
PUESTO CHICO,12669,4111,90
PUENTE RIO SALI,12359,4109,90
PUESTO CEVIL CON AGUA,21123,4119,90
PUESTO 9 DE JULIO,12485,4242,90
PUESTITO DE ARRIBA,21117,4119,90
PUERTO COCHUCHO,23634,4105,90
PUERTAS GRANDES,12421,4168,90
PUERTAS,13010,4122,90
PUERTA VIEJA,12160,4101,90
PUERTA SAN JAVIER,12918,4107,90
PUERTA QUEMADA,21094,4119,90
PUERTA GRANDE,12709,4164,90
PUERTA DE PALAVECINO,21088,4101,90
PUERTA DE JULIPAO,23632,4141,90
PUESTO BELEN,23238,4176,90
RODEO GRANDE,13015,4122,90
RODEO GRANDE,12279,4174,90
RODEO TORO,12166,4119,90
SAN IGNACIO,12173,4178,90
SAN IGNACIO,12562,4162,90
SAN GERONIMO,21181,4119,90
SAN GERMAN,12496,4242,90
SAN GABRIEL DEL MONTE,12426,4132,90
SAN GABRIEL,12758,4134,90
SAN FRANCISCO,12561,4161,90
SAN FRANCISCO,24100,4137,90
SAN FERNANDO,13018,4124,90
SAN FELIPE,12425,4166,90
SAN FELIPE,12710,4105,90
SAN ISIDRO,13019,4124,90
SAN FEDERICO,12172,4187,90
SAN CARLOS,12170,4186,90
SAN CARLOS,25166,4186,90
SAN CARLOS,23079,4174,90
SAN CARLOS,21961,4146,90
SAN CARLOS,24656,4124,90
SAN CARLITOS,24099,4137,90
SAN BERNARDO B,23478,4000,90
SAN ARTURO,12169,4187,90
SAN ANTONIO DE QUISCA,12494,4176,90
SAN ANTONIO DE PADUA,12851,4174,90
SAN ANTONIO,21958,4174,90
SAN EUSEBIO,12171,4119,90
SAN ANTONIO,12677,4115,90
SAN JAVIER,16597,4105,90
SAN JOSE,13020,4124,90
SAN MIGUELITO,12367,4178,90
SAN MIGUEL DE TUCUMAN,12223,4000,90
SAN MIGUEL,12498,4242,90
SAN MIGUEL,12366,4178,90
SAN MIGUEL,12812,4152,90
SAN MIGUEL,13022,4122,90
SAN MIGUEL,12176,4119,90
SAN MIGUEL,25060,4105,90
SAN LUIS DE LAS CASAS VIEJAS,12563,4159,90
SAN LUIS,12430,4132,90
SAN LORENZO,21186,4119,90
SAN JENARO,12427,4129,90
SAN JULIAN YACO,13021,4122,90
SAN JOSE DE SAN MARTIN,21183,4119,90
SAN JOSE DE MACOMITA,12175,4117,90
SAN JOSE DE LULES,12429,4128,90
SAN JOSE DE LEALES,12678,4113,90
SAN JOSE DE LA COCHA,23877,4163,90
SAN JOSE DE FLORES,12759,4134,90
SAN JOSE DE CHASQUIVIL,12925,4137,90
SAN JOSE DE BUENA VISTA,12428,4132,90
SAN JOSE,12365,4186,90
SAN JOSE,12711,4163,90
SAN JOSE,12281,4146,90
SAN JUANCITO,12497,4242,90
SAN ANTONIO,12364,4115,90
SAN ANDRES,22555,4111,90
SAN ALBERTO,13052,4105,90
RUTA PROVINCIAL 302,22499,4178,90
RUTA PROVINCIAL 302,25136,4168,90
RUTA PROVINCIAL 301,25054,4128,90
RUTA NACIONAL 9,22498,4178,90
RUTA NACIONAL 9,25134,4168,90
RUTA NACIONAL 64,23863,4162,90
RUTA NACIONAL 38,23862,4162,90
RUTA NACIONAL 38,23465,4158,90
RUTA NACIONAL 38,22541,4142,90
RUTA NACIONAL 38,22757,4132,90
RUTA NACIONAL 38,25052,4128,90
RUTA PROVINCIAL 303,22502,4178,90
RUTA NACIONAL 157,23269,4176,90
RUTA NACIONAL 157,22756,4132,90
RUTA NACIONAL 157,25050,4128,90
RUMI YURA,12492,4242,90
RUMI PUNCO,12559,4164,90
RUMI COCHA,23266,4176,90
ROSARIO OESTE,12280,4151,90
ROSARIO OESTE,12676,4111,90
ROSARIO,12167,4187,90
ROMERELLO,12491,4163,90
ROMERA POZO,12675,4115,90
ROMA,12674,4111,90
RUTA NACIONAL 157,25132,4168,90
RUTA PROVINCIAL 304,22506,4178,90
RUTA PROVINCIAL 306,25139,4168,90
RUTA PROVINCIAL 306,22508,4178,90
SAN AGUSTIN,12363,4186,90
SALINAS,13017,4122,90
SALAS,12924,4137,90
SALAMANCA,13016,4122,90
SALADILLO,12923,4146,90
SALADILLO,12168,4146,90
SALA VIEJA,12493,4242,90
SACRIFICIO,12560,4161,90
RUTA PROVINCIAL 380,22764,4132,90
RUTA PROVINCIAL 380,25058,4128,90
RUTA PROVINCIAL 375,25161,4168,90
RUTA PROVINCIAL 374,25155,4168,90
RUTA PROVINCIAL 366,25148,4168,90
RUTA PROVINCIAL 338,25057,4128,90
RUTA PROVINCIAL 338,24717,4105,90
RUTA PROVINCIAL 335,22521,4178,90
RUTA PROVINCIAL 334,23275,4176,90
RUTA PROVINCIAL 334,23864,4162,90
RUTA PROVINCIAL 334,22761,4132,90
RUTA PROVINCIAL 333,23273,4176,90
RUTA PROVINCIAL 323,25146,4168,90
RUTA PROVINCIAL 322,22760,4132,90
RUTA PROVINCIAL 320,25145,4168,90
RUTA PROVINCIAL 319,22512,4178,90
RUTA PROVINCIAL 308,23471,4158,90
POTRERILLO,21058,4101,90
LA GUILLERMINA,22354,4178,90
CAMPO LA FLOR,12298,4178,90
LA FRONTERITA,12406,4132,90
EL CHORRO,23304,4124,90
EL CHURQUI,20760,4119,90
EL CHURQUI,23400,4158,90
EL CHURQUIS,12729,4142,90
EL COCHUCHAL,12315,4117,90
EL COLCOLAR,23608,4162,90
EL CORRALITO,12520,4158,90
EL CORTADERAL,12598,4111,90
EL CORTE,22170,4178,90
EL CRUCE,20761,4119,90
EL CRUCE,12391,4132,90
EL CRUCE,22171,4178,90
EL CUADRO,22173,4178,90
EL CUARTEADERO,12878,4103,90
EL DIVISADERO,23405,4158,90
EL CHORRO,12105,4119,90
EL CHILCAR,12830,4172,90
EL CHAÑAR,12104,4117,90
EL CEVILAR COLOMBRES,12314,4111,90
EL CARMEN,12781,4157,90
EL CARMEN PUENTE ALTO,22146,4178,90
EL CARRIZAL,12876,4141,90
EL CASIAL,23302,4137,90
EL CASIALITO,23303,4137,90
EL CASTORAL,20759,4119,90
EL CASTORAL,24380,4168,90
EL DURAZNILLO,25203,4105,90
EL CATORCE,12877,4105,90
EL CEDRO,12979,4122,90
EL CEIBAL,12390,4105,90
EL CEIBAL,12698,4128,90
EL CEIBAL,12241,4153,90
EL CEIBAL,24383,4168,90
EL CERCADO,12728,4142,90
EL CEVILAR,22166,4178,90
EL CEBIL,22625,4152,90
EL CARMEN,23175,4137,90
EL DURAZNITO,12944,4103,90
EL DURAZNO,12599,4113,90
EL MATAL,20767,4119,90
EL MELON,12601,4178,90
EL MILAGRO,24306,4124,90
EL MILAGRO,12242,4151,90
EL MISTOL,12980,4124,90
EL MISTOL,22947,4176,90
EL MISTOLAR,12243,4174,90
EL MOJON,22952,4117,90
EL MOJON,12602,4178,90
EL MOLINO,24308,4124,90
EL MOLINO,12244,4149,90
EL MOLINO,12879,4158,90
EL MOLLAR,12603,4115,90
EL MOLLAR,24309,4124,90
EL MOLLAR,12880,4135,90
EL MATADERO,22629,4132,90
EL MANANTIAL,12699,4105,90
EL LAMPARAZO,23307,4137,90
EL LAMEDERO,23409,4158,90
EL DURAZNO,22853,4174,90
EL ESPINAL,22940,4137,90
EL ESPINILLO,12106,4117,90
EL ESTABLO,20762,4119,90
EL FRASQUILLO,20763,4119,90
EL GUARDAMONTE,12600,4113,90
EL GUAYACAN,20764,4178,90
EL DURAZNITO,23615,4162,90
EL HUAICO,12536,4142,90
EL INFIERNILLO,23305,4137,90
EL INTERES,20765,4119,90
EL JARDIN,20766,4119,90
EL JARDIN,23627,4162,90
EL JARDIN,12831,4172,90
EL JUNQUILLAR,24305,4124,90
EL LAMEDERO,23306,4137,90
EL INDIO,22334,4142,90
EL CARMEN,12389,4128,90
EL CARMEN,25202,4128,90
EL CARMEN,12597,4113,90
COSTA ARROYO ESQUINA,12594,4111,90
COSTA DEL RIO SECO,21863,4149,90
COSTILLA,12726,4142,90
CRIOLLAS,24295,4122,90
CRUZ ALTA,22131,4178,90
CRUZ DE ABAJO,20746,4119,90
CRUZ DEL NORTE ESTACION FCGM,12311,4178,90
CUATRO GATOS,12873,4107,90
CUATRO SAUCES,12595,4105,90
CUCHILLAS,12100,4101,90
CUESTA DE CHILCA,12240,4146,90
CUESTA DE LA CHILCA,22623,4153,90
CURVA DE LOS VEGAS,13044,4105,90
DELFIN GALLO,12312,4117,90
DESCANSO,20751,4119,90
COSSIO,12099,4119,90
CORTADERAS,12098,4195,90
CORTADERAS,12239,4153,90
CORTADERAS,12593,4111,90
COLONIA SANTA RITA,22129,4178,90
COLONIA SARMIENTO,20740,4101,90
COLONIA SOBRECASA,24358,4168,90
COLONIA TACAPUNCO,25200,4105,90
COMUNA LA ESPERANZA,12942,4103,90
CONCEPCION,20741,4119,90
CONCEPCION,12238,4146,90
DESMONTE,20754,4119,90
CONDOR HUASI,12591,4115,90
COOPERATIVA AGRONOMICA,20742,4119,90
COROMAMA,20743,4119,90
CORONA,22852,4174,90
CORRAL BLANCO,23170,4137,90
CORRAL GRANDE,23171,4137,90
CORRAL VIEJO,12977,4124,90
CORTADERAL,12592,4111,90
CONSIMO,22925,4174,90
DESMONTE,12978,4122,90
DIQUE ESCABA,23524,4158,90
DOLAVON,12780,4161,90
EL BAJO,12535,4164,90
EL BAÑADO,12875,4141,90
EL BAÑADO,22931,4176,90
EL BARCO,12102,4119,90
EL BARRANQUERO,22933,4176,90
EL BARRIALITO,12596,4119,90
EL BATIRUANO,12519,4158,90
EL BAGUAL,24372,4178,90
EL BOYERO,24301,4124,90
EL BRETE,24303,4126,90
EL CADILLAL,24120,4103,90
EL CADILLAL,24304,4124,90
EL CAJON,12103,4119,90
EL CAMPO,22937,4176,90
EL CARBON,22140,4184,90
EL CARDENAL,22143,4178,90
EL BRACHO,12313,4111,90
EL MOLLAR,22856,4174,90
EL BACHI,12101,4187,90
EL ATACAT,24369,4168,90
DOMINGO MILLAN,12534,4161,90
DONATO ALVAREZ,12518,4161,90
DOS POZOS,22927,4176,90
DURAZNO,12446,4242,90
DURAZNOS BLANCOS,12727,4135,90
EL AGUILAR,24366,4168,90
EL ALPIZAR,24298,4124,90
EL AZUL,20758,4119,90
EL ANTIGAL,23172,4137,90
EL ARBOLITO,23173,4187,90
EL ARENAL,24299,4124,90
EL ARENAL,22326,4166,90
EL ARQUEAL,23174,4137,90
EL ASERRADERO,24300,4117,90
EL ASERRADERO,20756,4119,90
EL ATACAL,20757,4119,90
EL ARBOLAR,12874,4141,90
EL MOLLE,23308,4137,90
EL MOLLE VIEJO,23309,4137,90
EL MORADO,20769,4119,90
ESCUELA,22352,4142,90
ESCUELA 1,24409,4168,90
ESCUELA 1 JUNTA,24441,4168,90
ESCUELA 100,22641,4132,90
ESCUELA 101,22353,4142,90
ESCUELA 102,24412,4168,90
ESCUELA 103,24413,4168,90
ESCUELA 104,24414,4168,90
ESCUELA 105,24417,4168,90
ESCUELA 106,22192,4178,90
ESCUELA 107,24125,4101,90
ESCUELA 108,22195,4178,90
LA GRAMA,12459,4174,90
ESCUELA 11,24418,4168,90
ESCUELA 110,22198,4178,90
ESCUELA,24706,4105,90
ESCOBAS,12453,4159,90
ESCABA DE ARRIBA,23416,4158,90
ESCABA DE ABAJO,23414,4158,90
EL TRIUNFO,20784,4119,90
EL TROPEZON,22636,4132,90
EL TUSCAL,12784,4157,90
EL VALLECITO,22998,4176,90
EL ZANJON,12882,4103,90
EL ZAPALLAR,12116,4119,90
EL ZAUZAL,24456,4124,90
ESCUELA 111,22200,4178,90
EMBALSE EL CADILLAL,12947,4101,90
EMPALME AGUA DULCE,12321,4178,90
ENCRUCIJADA,12452,4242,90
ENSENADA,21865,4174,90
ENTRE RIOS,12609,4113,90
ENTRE RIOS,12394,4166,90
ENTRE RIOS,22861,4174,90
ESCABA,12521,4158,90
EMBALSE RIO HONDO,23006,4176,90
ESCUELA 112,20786,4187,90
ESCUELA 113,24707,4105,90
ESCUELA 114,24419,4168,90
ESCUELA 135,22357,4142,90
ESCUELA 137,22627,4152,90
ESCUELA 138,23417,4158,90
ESCUELA 139,22358,4142,90
ESCUELA 14,22359,4142,90
ESCUELA 140,22628,4152,90
ESCUELA 141,22206,4178,90
ESCUELA 134,22935,4172,90
ESCUELA 142,22208,4178,90
ESCUELA 144,22361,4142,90
ESCUELA 145,24425,4168,90
ESCUELA 146,24427,4168,90
ESCUELA 147,24428,4168,90
ESCUELA 148,22363,4142,90
ESCUELA 149,20788,4187,90
ESCUELA 15,22936,4172,90
ESCUELA 143,22360,4142,90
EL TOSTADO,12451,4242,90
ESCUELA 133,22882,4172,90
ESCUELA 131,22879,4172,90
ESCUELA 115,21866,4146,90
ESCUELA 116,22864,4172,90
ESCUELA 118,21871,4146,90
ESCUELA 118,20787,4187,90
ESCUELA 12,25204,4128,90
ESCUELA 12 DE OCTUBRE,22203,4178,90
ESCUELA 121,22355,4142,90
ESCUELA 132,24424,4168,90
ESCUELA 122,24421,4168,90
ESCUELA 124,22642,4132,90
ESCUELA 125,23656,4162,90
ESCUELA 126,22867,4172,90
ESCUELA 128,24458,4124,90
ESCUELA 129,22875,4172,90
ESCUELA 13,22356,4142,90
ESCUELA 130,25205,4128,90
ESCUELA 123,23073,4176,90
COLONIA SANTA RITA,22626,4132,90
EL TORO,23321,4137,90
EL TIRO ARGENTINO,12946,4103,90
EL PARAISO,12317,4117,90
EL PARAISO,12447,4242,90
EL PASO,12881,4141,90
EL PAVON,12605,4115,90
EL PAYANAL,23310,4137,90
EL PELADO,24123,4103,90
EL PELADO,24311,4124,90
EL PELADO DE PARANILLO,24313,4124,90
EL PILA,23638,4162,90
EL POLEAR,12782,4161,90
EL POLEAR,12832,4172,90
EL PORTEZUELO,23317,4117,90
EL PORVENIR,20773,4119,90
EL PORVENIR,24314,4124,90
EL PORVENIR,12245,4151,90
EL PALOMAR,20772,4187,90
EL PALCARA,22349,4151,90
EL PALANCHO,22962,4176,90
EL PAJAL,22180,4178,90
EL MOYAR,12392,4168,90
EL MUTUL,12107,4101,90
EL NARANJAL,22337,4142,90
EL NARANJITO,12316,4115,90
EL NARANJITO,20770,4119,90
EL NARANJO,12604,4113,90
EL NARANJO,12108,4117,90
EL PORVENIR,12538,4162,90
EL NIAL,22957,4176,90
EL NOGALAR,12730,4135,90
EL NOGALITO,12700,4105,90
EL OBRAJE,12109,4119,90
EL OBRAJE,12393,4129,90
EL OJO,12981,4122,90
EL ONCE,20771,4119,90
EL PABELLON,23399,4137,90
EL NOGAL,12537,4161,90
EL POTRERILLO,23318,4137,90
EL POTRERILLO,12246,4149,90
EL POTRERO,24447,4124,90
EL RODEO,22981,4176,90
EL ROSARIO,12607,4113,90
EL SAUZAL,12113,4151,90
EL SAUZAL,22986,4176,90
EL SESTEADERO,12450,4242,90
EL SIAMBON,12945,4105,90
EL SINQUIAL,20781,4119,90
EL RODEO,22859,4174,90
EL SUNCAL,24452,4124,90
EL SUNCHO,12608,4115,90
EL SUNCHO,12540,4164,90
EL TAJAMAR,12114,4119,90
EL TALAR,24454,4124,90
EL TALAR,22187,4178,90
EL TIMBO,12115,4101,90
EL TIPAL,20783,4119,90
EL SUNCHAL,20782,4119,90
EL TOBAR,12833,4174,90
EL RODEO,12783,4155,90
EL RINCON,12320,4186,90
EL POTRERO,12247,4146,90
EL POZO,24449,4124,90
EL POZO,23319,4137,90
EL PRADO,22186,4184,90
EL PUERTO,12318,4178,90
EL PUESTITO,12110,4119,90
EL PUESTITO,24450,4124,90
EL RODEO,12112,4119,90
EL PUESTITO,12448,4242,90
EL PUESTO,12319,4178,90
EL PUESTO DEL MEDIO,12111,4187,90
EL QUEBRACHAL,12982,4124,90
EL QUEBRACHITO,12449,4242,90
EL QUIMIL,12606,4178,90
EL REMATE,27868,4137,90
EL RINCON,12539,4157,90
EL PUESTO,21864,4149,90
ESCUELA 150,20789,4187,90
COLONIA SANTA MARINA,25126,4142,90
COLONIA SANTA CLARA,12388,4132,90
AROCAS,21857,4174,90
ARROYO ATAHONA,12823,4174,90
ARROYO BARRIENTO,12773,4152,90
ARROYO DE LA CRUZ,12381,4132,90
ARROYO MAL PASO,12774,4157,90
ASERRADERO,12083,4101,90
ASNA YACO,20727,4119,90
ATAHONA,12819,4174,90
AVESTILLA,12572,4113,90
B ZORRILLA,25117,4142,90
BAJASTINE,12533,4164,90
BAJO DE LOS SUELDOS,12229,4151,90
BAJO DE RACO,24119,4103,90
BAJO GRANDE,12573,4111,90
BAJO GRANDE,22043,4111,90
ARENILLA,12720,4134,90
ARCADIA,12228,4147,90
ARBOLES VERDES,22824,4176,90
ARBOLES GRANDES,12437,4176,90
ANGOSTURA,24117,4124,90
ANIMAS,22817,4176,90
ANJUANA,12864,4141,90
ANTA,24284,4434,90
ANTA CHICA,12081,4187,90
ANTAMA,12865,4107,90
ANTIGUO QUILMES,23149,4137,90
BALDERRAMA,12824,4166,90
ANTILLAS,12082,4119,90
APARADERO MILITAR GRAL MUÑOZ,25114,4142,90
ARAGON,24285,4122,90
ARAGONES,12718,4142,90
ARAN,12719,4142,90
ARANILLA,25115,4134,90
ARAOZ,24263,4178,90
ARBOL SOLO,12293,4178,90
ANTU MAPU,20726,4119,90
ANGOSTURA,12080,4117,90
BALDERRAMA SUR,22849,4174,90
BANDA,23151,4137,90
BENJAMIN PAZ,12972,4122,90
BILCA POZO,24270,4111,90
BLANCO POZO,12296,4178,90
BOBA YACU,24287,4124,90
BOCA DE LA QUEBRADA,23568,4162,90
BOCA DEL TIGRE,12297,4178,90
BRACHO VIEJO,22048,4178,90
BUEN RETIRO,12382,4132,90
BUENA VISTA,12577,4115,90
BUENA VISTA,12825,4172,90
BUENA VISTA OESTE,24273,4168,90
BUENA YERBA,22851,4174,90
BURRUYACU,20730,4119,90
BUSTAMANTE,22049,4184,90
CACHI HUASI,24281,4113,90
BENJAMIN PAZ,20729,4119,90
BENJAMIN ARAOZ,20728,4119,90
BELTRAN,12439,4242,90
BELLO HORIZONTE,22045,4178,90
BANDA DEL RIO SALI,12294,4109,90
BARBORIN,12971,4124,90
BARRANCAS,12438,4176,90
BARRANCAS COLORADAS,22606,4132,90
BARRANQUERAS,22831,4176,90
BARREALITO,12575,4115,90
BARRIO BELGRANO,12295,4109,90
BAÑADO DEL VALLE,12574,4111,90
BARRIO BELGRANO,12230,4146,90
BARRIO DIAGONAL,12939,4101,90
BARRIO RIVADAVIA,12940,4101,90
BARRIO TEXTIL,21858,4146,90
BARROSA,22835,4176,90
BATIRUANA,23562,4162,90
BELICHA HUAICO,12231,4149,90
BELLA VISTA,12576,4168,90
BARRIO CASINO,12866,4107,90
ANFANA,12938,4105,90
ANEGADOS,24260,4168,90
ANDRES FERREYRA,22038,4178,90
AGUA DULCE,24249,4168,90
AGUA EL SIMBO,24275,4124,90
AGUA NEGRA,12078,4101,90
AGUA ROSADA,12969,4124,90
AGUA SALADA,12970,4124,90
AGUA SALADA,23136,4141,90
AGUA SALADA,24254,4168,90
AGUADA,12569,4111,90
AGUADA,23137,4137,90
AGUADA DE JORGE,24276,4124,90
AGUADITA,12935,4101,90
AGUADITA,22014,4178,90
AGUAS BLANCAS,20717,4119,90
AGUILARES,12772,4152,90
AHI VEREMOS,12570,4115,90
AGUA DULCE,12289,4115,90
AGUA COLORADA,20712,4119,90
AGUA BLANCA,12568,4168,90
AGUA BLANCA,22602,4132,90
25 DE MAYO,12433,4242,90
7 DE ABRIL,12182,4195,90
9 DE JULIO,12434,4242,90
ABRA BAYA,23130,4137,90
ABRA DE LA PICAZA,23131,4137,90
ABRA DE YARETA,23132,4137,90
ABRA DEL INFIERNILLO,23135,4137,90
ALABAMA,12290,4117,90
ABRA DEL TAFI,25191,4105,90
ABRA RICA,24239,4178,90
ACEQUIONES,12968,4124,90
ACHERAL,12716,4134,90
ACONQUIJA,12860,4107,90
ACOSTILLA,12567,4113,90
AGUA AZUL,24244,4115,90
AGUA AZUL,12380,4132,90
ABRA EL CANDADO,24274,4124,90
ALABAMA NUEVA,22021,4178,90
ALDERETES,12291,4178,90
ALISOS,12861,4137,90
ALTO NUESTRA SEÑORA DEL VALLE,12292,4109,90
ALTO VERDE,20719,4119,90
ALTO VERDE,25111,4142,90
ALTO VERDE,12227,4153,90
ALTO VERDE,22805,4176,90
ALURRALDE,24283,4122,90
AMAICHA DEL LLANO,12571,4168,90
ALTO LOS CARDONES,23147,4137,90
AMAICHA DEL VALLE,12862,4137,90
AMIMPA,22809,4176,90
AMPATA,12821,4174,90
AMPATILLA,12822,4174,90
AMPIMPA,23148,4137,90
AMUNPA,12436,4176,90
ANCA JULI,12937,4105,90
ANCHILLOS,12863,4141,90
AMBERES,12717,4144,90
CACHI HUASI,12578,4168,90
ALTO LAS LECHUZAS,22031,4178,90
ALTO LAS FLORES,12820,4152,90
ALIZAL,24277,4122,90
ALONGO,12435,4161,90
ALPACHIRI,12226,4149,90
ALTA GRACIA DE VILLA BURRUYACU,12079,4101,90
ALTO CAZADERA,23140,4137,90
ALTO DE ANFAMA,12936,4107,90
ALTO DE LA ANGOSTURA,24278,4124,90
ALTO LAS LECHUZAS,21856,4147,90
ALTO DE LEIVA,25110,4142,90
ALTO DE LOS REALES,23141,4137,90
ALTO DE MEDINA,20718,4117,90
ALTO DEL HUASCHO,23142,4137,90
ALTO DEL LAMPAZO,23145,4137,90
ALTO DEL PUESTO,22801,4176,90
ALTO EL PUESTO,12532,4159,90
ALTO LA TOTORA,24282,4124,90
ALTO DE LOS GIMENEZ,24280,4124,90
CACHI YACO,12579,4113,90
CACHI YACO,24289,4124,90
CACHI YACO,24286,4178,90
CHILCA,12093,4119,90
CHILCA,12444,4242,90
CHILCAL,24353,4111,90
CHILCAR,12724,4142,90
CHILCAR,25124,4172,90
CHILCAS,23168,4119,90
CHOROMORO,12974,4122,90
CHORRILLOS,12870,4101,90
CHORRILLOS,20739,4119,90
CHULCA,12975,4124,90
CHURQUI,12871,4119,90
CHUSCHA,12976,4122,90
CIENAGUITA,23169,4137,90
CIUDACITA,12829,4174,90
COCHAMOLLE,21861,4146,90
CHIGLIGASTA,12828,4174,90
CHAVARRIA,12777,4155,90
CHASQUIVIL,12941,4105,90
CHAÑARITOS,22877,4242,90
CEVIL POZO,12304,4178,90
CEVIL REDONDO,13043,4105,90
CEVIL SOLO,12776,4157,90
CEVILARCITO,24336,4111,90
CEVILARCITO,12586,4168,90
CHABELA,12090,4117,90
CHALCHACITO,12443,4242,90
COCHUNA,12233,4149,90
CHAMICO,20737,4119,90
CHAÑAR MUYA,24340,4168,90
CHAÑAR PAGO,12587,4111,90
CHAÑAR POZO,24341,4168,90
CHAÑAR TAQUEÑO,12305,4117,90
CHAÑAR VIA,12091,4117,90
CHAÑAR VIEJO,12092,4117,90
CHAÑARITO,12588,4168,90
CHAÑAR,22872,4176,90
COCO,12445,4242,90
COHIGAC,12306,4178,90
COLALAO DEL VALLE,12872,4141,90
COLONIA LOS CHASALES,25197,4105,90
COLONIA LOS HILLS,12094,4101,90
COLONIA MARIA ELENA,12387,4129,90
COLONIA MARULL,12778,4152,90
COLONIA MERCEDES,22123,4178,90
COLONIA MISTOL,22124,4178,90
COLONIA MONTEROS,22125,4178,90
COLONIA LOLITA NORTE,12310,4182,90
COLONIA NASCHI,12779,4152,90
COLONIA NUEVA TRINIDAD,22622,4152,90
COLONIA PACARA,22620,4132,90
COLONIA PEDRO LEON CORNET,12237,4147,90
COLONIA SAN LUIS,22126,4178,90
COLONIA SAN MIGUEL,22127,4178,90
COLONIA SAN RAMON,12096,4101,90
COLONIA SANTA CATALINA,12725,4142,90
COLONIA NRO 2,12095,4119,90
CEVIL GRANDE,12775,4155,90
COLONIA LA ROCA,22111,4178,90
COLONIA LA BONARIA,22100,4178,90
COLMENA LOLITA,12307,4182,90
COLOMBRES,12309,4111,90
COLONIA 4,27693,4178,90
COLONIA 4 DE COLOMBRES,27797,4178,90
COLONIA 6,25141,4142,90
COLONIA ACEVEDO,22614,4132,90
COLONIA AGRICOLA,12589,4111,90
COLONIA LA ORTIZ,22108,4178,90
COLONIA ARGENTINA,12590,4111,90
COLONIA EL PUESTO,22093,4178,90
COLONIA EL SUNCHAL,12386,4168,90
COLONIA EL TARCO,22097,4178,90
COLONIA FARA,12234,4147,90
COLONIA FELIPE,25195,4105,90
COLONIA HUMAITA PRIMERA,12235,4151,90
COLONIA JUAN JOSE IRAMAIN,12236,4147,90
COLONIA BASCARY,22616,4132,90
COLONIA SANTA LUCIA,22624,4132,90
CERVALITO,24294,4124,90
CEJAS DE BEÑACHILLOS,12303,4178,90
CAMPO DE LOS CHAÑARES,23158,4137,90
CAMPO DE TALAMAYO,23518,4158,90
CAMPO EL LUISITO,24321,4178,90
CAMPO EL MOLLAR,24324,4178,90
CAMPO GRANDE,12440,4159,90
CAMPO HERRERA,12383,4105,90
CAMPO LA CRUZ,12441,4161,90
CAMPO LA FLOR LOS RALOS,22070,4182,90
CAMPO REDONDO,25194,4105,90
CAMPO REDONDO,24290,4124,90
CAMPO REDONDO,22611,4168,90
CAMPO SOLCO LOS COCHAMOLLES,21860,4146,90
CAMPO VOLANTE,12826,4172,90
CAMPO ZAUZAL,23160,4137,90
CAÑADA,12384,4129,90
CAMPO DE LOS CARDONES,23156,4137,90
CAMPO DE LAS GALLINAS,23155,4137,90
CAMPO BLANCO,23153,4137,90
CAMPO BELLO,12517,4159,90
CACHI YACO APEADERO FCGB,24296,4113,90
CACHIYACO,24312,4168,90
CAJAS VIEJAS,22842,4162,90
CALERA ACONQUIJA,20731,4119,90
CALERA DE CHIRIMAYO,21859,4146,90
CALIFORNIA,20732,4119,90
CALIMAYO,25193,4105,90
CAÑADA ALEGRE,12084,4119,90
CALIMONTE,12867,4141,90
CAMAS AMONTONADAS,12580,4168,90
CAMINO DEL PERU,13042,4105,90
CAMPANA,24318,4111,90
CAMPANA,12581,4168,90
CAMPO ALEGRE,22845,4176,90
CAMPO AZUL,24319,4115,90
CAMPO AZUL,12582,4168,90
CAMAS AMONTONADAS,24316,4115,90
CAÑADA ANGOSTA,20733,4119,90
CAÑADA DE ALZOGARAY,12085,4117,90
CAÑADA DE LA CRUZ,20734,4119,90
CASA DE PIEDRA,12722,4142,90
CASA DE PIEDRAS,23166,4158,90
CASA DE ZINC,23167,4137,90
CASA DEL ALTO,20735,4119,90
CASA DEL ALTO,12973,4122,90
CASA ROSADA,12302,4178,90
CASA SANTA,22854,4176,90
CASA DE CAMPO,23163,4137,90
CASA VIEJA,12442,4162,90
CASAS VIEJAS,24292,4124,90
CASAS VIEJAS,12869,4137,90
CASPICHANGO VIEJO,25120,4142,90
CASPINCHANGO,12723,4135,90
CASTILLAS,25123,4172,90
CEJA POZO,12089,4187,90
CEJAS DE AROCA,12827,4174,90
CASALES,20736,4119,90
CERCO CUATRO,22082,4178,90
CARRICHANGO,12385,4132,90
CAROLINAS BAJAS,12301,4117,90
CAÑADA DE LOS NEGROS,12086,4119,90
CAÑADA DE VICLOS,24327,4178,90
CAÑADA DEL ARENAL,24328,4124,90
CAÑADA EL ARENAL,12584,4168,90
CAÑADA HONDA,12087,4101,90
CAÑADA LARGA,12088,4101,90
CAÑADA YERBA BUENA,12868,4129,90
CARRETA QUEMADA,12232,4146,90
CAÑADAS,22848,4176,90
CANDELILLAL,12585,4168,90
CAÑETE,12299,4186,90
CAPILLA,24291,4124,90
CAPITAN CACERES,12721,4142,90
CARANCHO POZO,24333,4168,90
CARAPUNCO,23162,4137,90
CARBON POZO,12300,4111,90
CANDELILLAL,24330,4111,90
ESCUELA 151,23023,4176,90
ESCUELA 109,22197,4178,90
ESCUELA 153,24429,4168,90
FAMAILLA,12395,4132,90
FAVORINA,12322,4115,90
FIN DEL MUNDO,22398,4142,90
FINCA ANCHORENA,20879,4119,90
FINCA ARAOZ,22680,4168,90
FINCA CRISTINA,20880,4119,90
FINCA EL CEIBO,22309,4178,90
FINCA ELISA,12323,4111,90
FINCA ENTRE RIOS,12248,4151,90
FINCA LEILA,22311,4178,90
FINCA LOPEZ,22312,4117,90
FINCA LOS LLANOS,24569,4168,90
FINCA MAYO,12324,4182,90
FINCA PACARA,23007,4111,90
FINCA PEREYRA,12396,4132,90
FALDA DE ARCADIA,12785,4157,90
FAGSA,25033,4105,90
ESTANQUE,24513,4124,90
ESTANCIA SURI YACO,23004,4174,90
ESCUELA VELEZ SARSFIELD,22674,4132,90
ESCUELA W POSSE,22301,4178,90
ESPIADERO,23348,4137,90
ESQUINA,24555,4111,90
ESQUINA,27874,4119,90
ESQUINA,23077,4176,90
ESQUINA DEL LLANO,12610,4111,90
FINCA PIEDRA BLANCA,20882,4119,90
ESQUINA DEL VALLE,23349,4137,90
ESTABLECIMIENTO LAS COLONIAS,24557,4115,90
ESTACION ARAOZ,12611,4178,90
ESTACION DE ZOOTECNIA B,24562,4000,90
ESTACION EXPERIMENTAL AGRICOLA,12218,4101,90
ESTACION SUPERIOR AGRICOLA,12219,4101,90
ESTANCIA EL DIAMANTE,20876,4119,90
ESTANCIA LA PRINCESA,24565,4168,90
ESQUINA NORTE,22676,4132,90
ESCUELA V GENERALA,23439,4158,90
FINCA SAN LUIS,22314,4132,90
FINCA TINTA,24568,4168,90
HITACHI,25035,4105,90
HORCO MOLLE,24714,4105,90
HOYADA,12886,4105,90
HUACRA,23707,4162,90
HUALINCHAY,24515,4124,90
HUASA PAMPA,12731,4142,90
HUASA PAMPA NORTE,12541,4163,90
HUASA PAMPA SUR,23714,4162,90
HUASA RINCON,12786,4152,90
HUASAMAYO,24517,4122,90
HUASAMAYO SUD,24518,4122,90
HUMAITA 1,12251,4151,90
HUMAITA 2,12252,4151,90
IBATIN,22400,4142,90
ICHIPUCA,12835,4174,90
HIGUERITAS,12885,4107,90
GUZMAN ESTACION FCGB,12375,4117,90
GUEMES,12834,4172,90
GUANACO MUERTO,12374,4178,90
FINCA TULIO,12397,4168,90
FRONTERITAS,12884,4111,90
FUERTE ALTO,23440,4158,90
FUERTE QUEMADO,23350,4137,90
GARMENDIA,12117,4187,90
GASTONA,12249,4149,90
GASTONILLA,12250,4147,90
FINCA TINA,25034,4105,90
GOBERNADOR NOUGES,12220,4111,90
GOMEZ CHICO,12612,4113,90
GONZALO,12983,4122,90
GRAL ANSELMO ROJO,24162,4103,90
GRAMAJOS,23009,4159,90
GRAMILLA,20888,4119,90
GRANEROS,12454,4159,90
GRANJA MODELO,12949,4101,90
GOBERNADOR PIEDRABUENA,12118,4187,90
ESCUELA TAMBOR DE TACUARI,22394,4142,90
ESCUELA SARGENTO CABRAL,22299,4178,90
ESCUELA SANTIAGO GALLO,22293,4178,90
ESCUELA GOB JOSE MANUEL SILVA,23346,4137,90
ESCUELA GOBERNADOR MIGUEL NOGU,24540,4168,90
ESCUELA GOMEZ,22995,4172,90
ESCUELA GRANADEROS DE SAN MART,24711,4105,90
ESCUELA GRANILLO,24542,4168,90
ESCUELA GREGORIA LAMADRID,21884,4146,90
ESCUELA GUIDO SPANO,22272,4178,90
ESCUELA GUILLERMINA MOREIRA,22670,4132,90
ESCUELA HERNAN MIRAVAL,24503,4124,90
ESCUELA IBATIN,22385,4142,90
ESCUELA IGNACIO BAS,24543,4168,90
ESCUELA IGNACIO COLOMBRES,25024,4128,90
ESCUELA ING BERTRE,25026,4128,90
ESCUELA INGENIERO BASCARY,22274,4178,90
ESCUELA J CASTELLANO,22388,4142,90
ESCUELA GDOR LOPEZ,24501,4124,90
ESCUELA G DE VEGA,22270,4178,90
ESCUELA FRAY M ESQUIU,22383,4142,90
ESCUELA FORTUNATA GARCIA,24152,4101,90
ESCUELA CONGRESALES TUCUMANOS,22668,4132,90
ESCUELA CORNELIO SAAVEDRA,22994,4172,90
ESCUELA CORONEL ROCA,22266,4178,90
ESCUELA CRISTOBAL COLON,23072,4176,90
ESCUELA DE MANUALIDADES,25015,4128,90
ESCUELA DE MANUALIDADES OUANTA,25016,4128,90
ESCUELA DEAN SALCEDO,25017,4128,90
ESCUELA J J THAMES,24506,4124,90
ESCUELA DIEGO DE VILLAFAÑE,20853,4187,90
ESCUELA E CANTON,25018,4128,90
ESCUELA E DE LUCAS,22268,4178,90
ESCUELA EE UU,24149,4101,90
ESCUELA ESTANISLAO ZEBALLOS,24526,4168,90
ESCUELA F N LAPRIDA,25022,4128,90
ESCUELA F NOGUES,25020,4128,90
ESCUELA FLORENCIO VARELA,21883,4146,90
ESCUELA DOMINGO GARCIA,22654,4152,90
ESCUELA JOAQUIN V GONZALEZ,23691,4162,90
ESCUELA JOSE COLOMBRES,22277,4178,90
ESCUELA JOSE POSSE,22280,4178,90
ESCUELA MERCEDES PACHECO,21886,4146,90
ESCUELA MIGUEL AZCUENAGA,24153,4101,90
ESCUELA MIGUEL CERVANTES,24155,4101,90
ESCUELA MONTE GRANDE,22672,4132,90
ESCUELA N VERGARA,22285,4178,90
ESCUELA OLEGARIO ANDRADE,23701,4162,90
ESCUELA OTILDE DE TORO,24713,4105,90
ESCUELA MATIENZO,23003,4172,90
ESCUELA P DE MENDOZA,24546,4168,90
ESCUELA PEDRO ECHEVERRY,24548,4168,90
ESCUELA PEDRO MEDRANO,23704,4162,90
ESCUELA PUESTITO DE ARRIBA,20863,4187,90
ESCUELA R J FREYRE,22290,4178,90
ESCUELA R ROJAS,24549,4168,90
ESCUELA RAMON CARRILLO,24157,4101,90
ESCUELA SALVADOR ALONSO,20865,4187,90
ESCUELA PEDRO ARAOZ,20861,4187,90
IGLESIAS,23351,4107,90
ESCUELA MARIO BRAVO,23695,4162,90
ESCUELA MANUELA PEDRAZA,23347,4137,90
ESCUELA JUAN JOSE PASO,24509,4124,90
ESCUELA JUANA MANSO,22282,4178,90
ESCUELA L BLANCO,25028,4128,90
ESCUELA 152,20790,4187,90
ESCUELA LEO HUASI,20855,4187,90
ESCUELA LOPEZ MAÑAR,22996,4172,90
ESCUELA LOPEZ Y PLANES,22999,4172,90
ESCUELA MARIANO SALAS,20859,4187,90
ESCUELA LUGONES,23001,4172,90
ESCUELA M ARIZA,22390,4142,90
ESCUELA M DE PUEYRREDON,24545,4168,90
ESCUELA MALVINAS,25030,4128,90
ESCUELA MANUEL BORDA,22393,4142,90
ESCUELA MANUEL COSSIO,20857,4187,90
ESCUELA MANUEL DOMINGO BASSAIL,21885,4146,90
ESCUELA MANUEL SAVIO,25032,4128,90
ESCUELA LUIS GIANNEO,22658,4152,90
IGUANA,23086,4242,90
ILTICO,12253,4146,90
INDEPENDENCIA,12732,4143,90
LA BANDA,24164,4124,90
LA BANDA,12404,4133,90
LA BANDERITA,21888,4132,90
LA BOLSA,24901,4128,90
LA BOMBA,25040,4105,90
LA BRAMA,23097,4176,90
LA CALERA,20899,4119,90
LA CALERA,23444,4158,90
LA CALERA,12259,4158,90
LA CAÑADA,12122,4119,90
LA CAÑADA,12987,4124,90
LA CAÑADA,12544,4159,90
LA CAÑADA,12456,4242,90
LA CAÑADA PARADA,12892,4107,90
LA CANTINA,22336,4178,90
LA BANDA,12986,4119,90
LA BANDA,20898,4119,90
LA BANDA,13046,4105,90
LA ARGENTINA,12121,4119,90
KILOMETRO 794,22325,4184,90
KILOMETRO 80,20895,4119,90
KILOMETRO 808,13045,4105,90
KILOMETRO 847,24523,4124,90
KILOMETRO 925,24163,4103,90
KILOMETRO 93,22418,4142,90
KILOMETRO 94,20896,4119,90
LA CAPILLA,12405,4128,90
KILOMETRO 99,12402,4134,90
LA AGUADA,22718,4111,90
LA AGUADA,24524,4124,90
LA AGUADITA,12403,4101,90
LA AGUADITA,12985,4101,90
LA AGUADITA,27878,4137,90
LA AGUITA,20897,4119,90
LA ANGOSTURA,12891,4137,90
KM 12,23094,4159,90
LA CAUTIVA,20901,4119,90
LA CAVERA,13047,4105,90
LA CHILCA,12457,4242,90
LA ESPERANZA,12260,4151,90
LA ESPERANZA,12950,4176,90
LA ESPERANZA,23103,4176,90
LA ESPERANZA,20908,4187,90
LA ESQUINA,24531,4124,90
LA ESTRELLA,23104,4176,90
LA FALDA,23362,4103,90
LA ESPERANZA,24530,4151,90
LA FAVORITA,12325,4178,90
LA FLORIDA,12623,4115,90
LA FLORIDA,12327,4117,90
LA FLORIDA,12737,4144,90
LA FLORIDA,12458,4174,90
LA FLORIDA,12125,4195,90
LA FORTUNA,20914,4119,90
LA FRONTERITA,12624,4111,90
LA FLOR,12326,4178,90
KILOMETRO 794,12621,4111,90
LA ERCILIA,22341,4178,90
LA EMPATADA,12622,4111,90
LA CIENAGA,12123,4101,90
LA CIENAGA,12893,4137,90
LA COCHA,12545,4162,90
LA COLONIA,24528,4115,90
LA COMBADA,23360,4137,90
LA CONCEPCION,23101,4176,90
LA CORNELIA,22338,4178,90
LA ENCANTADA,24905,4111,90
LA CORZUELA,20902,4119,90
LA CRUZ,12124,4119,90
LA CRUZ,12894,4119,90
LA CRUZ DE ARRIBA,20906,4119,90
LA CUESTA,12988,4126,90
LA CUEVA,24529,4126,90
LA DONOSA,24902,4168,90
LA DORITA,12989,4124,90
LA COSTA PALAMPA,23102,4176,90
ESCUELA CNEL IGNACIO MURGA,23345,4137,90
KILOMETRO 792,12221,4105,90
KILOMETRO 781,22322,4184,90
INGENIO SANTA LUCIA,22405,4135,90
INGENIO SANTA ROSA,12735,4143,90
INVERNADA,12399,4132,90
ISCHILLON,21887,4146,90
ISLA SAN JOSE,12736,4142,90
ISLA SAN JOSE SUD,22411,4142,90
JAGUEL,12119,4119,90
JAVA,25039,4149,90
JAYA,12256,4149,90
JUAN BAUTISTA ALBERDI,12789,4158,90
JUAN POSSE,12615,4111,90
JULIANA,20891,4119,90
JULIPAO,12888,4141,90
JUNTA,12889,4122,90
JUSCO POZO,12616,4115,90
INGENIO SANTA BARBARA,12788,4157,90
INGENIO SANTA ANA,22722,4155,90
INGENIO SAN JUAN,12379,4109,90
INGENIO ÑUÑORCO,12733,4142,90
INDIA MUERTA,24519,4124,90
ING MERCEDES,25038,4152,90
INGAS,23011,4174,90
INGENIO BELLA VISTA,12613,4168,90
INGENIO CONCEPCION,12376,4109,90
INGENIO CRUZ ALTA,12377,4184,90
INGENIO ESPERANZA,22318,4187,90
KILOMETRO 10 FCGB,12543,4161,90
INGENIO LA CORONA,12254,4146,90
INGENIO LA FRONTERITA,22686,4132,90
INGENIO LA PROVIDENCIA,12734,4145,90
INGENIO LA TRINIDAD,12255,4151,90
INGENIO LEALES,12614,4111,90
INGENIO LOS RALOS,22320,4182,90
INGENIO LULES,12398,4129,90
INGENIO MARAPA,12787,4158,90
INGENIO LA FLORIDA,12378,4117,90
KILOMETRO 102,12400,4132,90
KILOMETRO 1025,23352,4137,90
KILOMETRO 1041,23354,4137,90
KILOMETRO 1455,22723,4152,90
KILOMETRO 1500,22417,4142,90
KILOMETRO 180,21847,4000,90
KILOMETRO 19,12455,4162,90
KILOMETRO 29,12542,4159,90
KILOMETRO 34,22330,4178,90
KILOMETRO 35,24898,4168,90
KILOMETRO 1438,23765,4162,90
KILOMETRO 36,12522,4158,90
KILOMETRO 46,12523,4158,90
KILOMETRO 5,12401,4166,90
KILOMETRO 52,23357,4137,90
KILOMETRO 55,12790,4155,90
KILOMETRO 62,23358,4137,90
KILOMETRO 66,12258,4146,90
KILOMETRO 771,22331,4178,90
KILOMETRO 37,12120,4119,90
KILOMETRO 784,22324,4184,90
KILOMETRO 1412,23763,4162,90
KILOMETRO 1340,24521,4124,90
KILOMETRO 108,22717,4132,90
KILOMETRO 118,23355,4137,90
KILOMETRO 1185,23063,4174,90
KILOMETRO 1194,12836,4174,90
KILOMETRO 12,23088,4176,90
KILOMETRO 1207,12837,4174,90
KILOMETRO 1213,23012,4172,90
KILOMETRO 1402,23760,4162,90
KILOMETRO 1220,12617,4166,90
KILOMETRO 1235,12618,4166,90
KILOMETRO 1240,22692,4168,90
KILOMETRO 1244,22694,4168,90
KILOMETRO 1248,12619,4166,90
KILOMETRO 1256,12620,4166,90
KILOMETRO 1260,24896,4168,90
KILOMETRO 1270,22328,4178,90
KILOMETRO 1231,24586,4168,90
ESCUELA CNEL GERONIMO HELGUERA,22992,4172,90
ESCUELA LA ASUNCION,24544,4168,90
ESCUELA CARLOS PELLEGRINI,22652,4152,90
ESCUELA 253,25211,4128,90
ESCUELA 254,25212,4128,90
ESCUELA 255,24159,4101,90
ESCUELA 256,24136,4101,90
ESCUELA 257,22657,4132,90
ESCUELA 258,22369,4142,90
ESCUELA 26,23419,4158,90
ESCUELA 260,25213,4128,90
ESCUELA 261,22659,4132,90
ESCUELA 262,20801,4187,90
ESCUELA 263,23420,4158,90
ESCUELA CAUPOLICAN MOLINA,20850,4187,90
ESCUELA 265,24472,4124,90
ESCUELA 266,22953,4172,90
ESCUELA 267,23422,4158,90
ESCUELA 251,25210,4128,90
ESCUELA 250,20800,4187,90
ESCUELA 25 DE MAYO,24468,4168,90
ESCUELA 25,23668,4162,90
ESCUELA 232,24459,4168,90
ESCUELA 233,24470,4124,90
ESCUELA 234,21874,4146,90
ESCUELA 235,24462,4168,90
ESCUELA 236,22368,4142,90
ESCUELA 237,22950,4172,90
ESCUELA 238,24465,4168,90
ESCUELA 268,21876,4146,90
ESCUELA 239,21875,4146,90
ESCUELA 241,22951,4172,90
ESCUELA 242,20798,4187,90
ESCUELA 243,25208,4128,90
ESCUELA 244,23666,4162,90
ESCUELA 245,23047,4176,90
ESCUELA 246,20799,4187,90
ESCUELA 247,25209,4128,90
ESCUELA 24,23664,4162,90
ESCUELA 269,22954,4172,90
ESCUELA 27,24471,4168,90
ESCUELA 270,22219,4178,90
ESCUELA 290,22373,4142,90
ESCUELA 291,22226,4178,90
ESCUELA 292,20807,4187,90
ESCUELA 293,24477,4168,90
ESCUELA 294,23673,4162,90
ESCUELA 297,22374,4142,90
ESCUELA 297,22958,4172,90
ESCUELA 29,22372,4142,90
ESCUELA 298,22660,4132,90
ESCUELA 3,22228,4178,90
ESCUELA 30,20808,4187,90
ESCUELA 300 LA PICADA,24139,4101,90
ESCUELA 302,23048,4176,90
ESCUELA 303,23049,4176,90
ESCUELA 306,23052,4176,90
ESCUELA 307,23424,4158,90
ESCUELA 299,24137,4101,90
ESCUELA 231,24457,4168,90
ESCUELA 289,22640,4152,90
ESCUELA 287,22638,4152,90
ESCUELA 272,24473,4168,90
ESCUELA 273,24476,4168,90
ESCUELA 274,22634,4152,90
ESCUELA 275,20802,4187,90
ESCUELA 276,20803,4187,90
ESCUELA 277,22221,4178,90
ESCUELA 278,20805,4187,90
ESCUELA 288,22639,4152,90
ESCUELA 279,22635,4152,90
ESCUELA 280,22637,4152,90
ESCUELA 281,22370,4142,90
ESCUELA 282,23671,4162,90
ESCUELA 283,22224,4178,90
ESCUELA 284,22225,4178,90
ESCUELA 285,22371,4142,90
ESCUELA 286,22956,4172,90
ESCUELA 28,23326,4137,90
ESCUELA 308,22230,4178,90
ESCUELA 23,23325,4137,90
ESCUELA 228,22216,4178,90
ESCUELA 175,24434,4168,90
ESCUELA 176,22630,4152,90
ESCUELA 177,20794,4187,90
ESCUELA 178,23032,4176,90
ESCUELA 179,23033,4176,90
ESCUELA 18,21870,4146,90
ESCUELA 180,23035,4176,90
ESCUELA 182,23036,4176,90
ESCUELA 183,22941,4172,90
ESCUELA 184,23039,4176,90
ESCUELA 185,24436,4168,90
ESCUELA 186,21872,4146,90
ESCUELA 187,23040,4176,90
ESCUELA 188,23662,4162,90
ESCUELA 189,23042,4176,90
ESCUELA 174,24433,4168,90
ESCUELA 173,20793,4187,90
ESCUELA 172,23030,4176,90
ESCUELA 171,24463,4124,90
ESCUELA 154,22646,4132,90
ESCUELA 156,24430,4168,90
ESCUELA 157,24432,4168,90
ESCUELA 158,23026,4176,90
ESCUELA 159,23659,4162,90
ESCUELA 16,22938,4172,90
ESCUELA 160,22647,4132,90
ESCUELA 19,21873,4146,90
ESCUELA 162,22939,4172,90
ESCUELA 164,24128,4101,90
ESCUELA 165,22364,4142,90
ESCUELA 166,20791,4187,90
ESCUELA 167,20792,4187,90
ESCUELA 168,21867,4146,90
ESCUELA 17,21868,4146,90
ESCUELA 170,24461,4124,90
ESCUELA 163,24127,4101,90
ESCUELA 190,23418,4158,90
ESCUELA 191,23044,4176,90
ESCUELA 192,24437,4168,90
ESCUELA 212,25206,4128,90
ESCUELA 213,23322,4137,90
ESCUELA 214,24466,4124,90
ESCUELA 215,24132,4101,90
ESCUELA 216,24510,4124,90
ESCUELA 217,23323,4137,90
ESCUELA 218,24133,4101,90
ESCUELA 211,20797,4187,90
ESCUELA 219,24135,4101,90
ESCUELA 220,22211,4178,90
ESCUELA 221,24467,4124,90
ESCUELA 222,25207,4128,90
ESCUELA 224,24446,4168,90
ESCUELA 225,22214,4178,90
ESCUELA 226,24448,4168,90
ESCUELA 227,24451,4168,90
ESCUELA 22,23324,4137,90
ESCUELA 229,24455,4168,90
ESCUELA 210,24130,4101,90
ESCUELA 209,24444,4168,90
ESCUELA 193,22942,4172,90
ESCUELA 194,24439,4168,90
ESCUELA 195,24440,4168,90
ESCUELA 197,22650,4132,90
ESCUELA 198,22943,4172,90
ESCUELA 199,22944,4172,90
ESCUELA 20,22945,4172,90
ESCUELA 21,22631,4152,90
ESCUELA 200,22653,4132,90
ESCUELA 202,22366,4142,90
ESCUELA 203,22948,4172,90
ESCUELA 204,24464,4124,90
ESCUELA 205,20795,4187,90
ESCUELA 206,22655,4132,90
ESCUELA 207,24443,4168,90
ESCUELA 208,20796,4187,90
ESCUELA 201,22946,4172,90
ESCUELA 309,24474,4124,90
ESCUELA 264,22632,4152,90
ESCUELA 310,20810,4187,90
ESCUELA 63,22665,4132,90
ESCUELA 64,22644,4152,90
ESCUELA 65,21880,4146,90
ESCUELA 66,22645,4152,90
ESCUELA 67,22648,4152,90
ESCUELA 68,22974,4172,90
ESCUELA 69,23435,4158,90
ESCUELA 7,20840,4187,90
ESCUELA 70,24146,4101,90
ESCUELA 72,23059,4176,90
ESCUELA 73,23682,4162,90
ESCUELA 74,23060,4176,90
ESCUELA 75,23062,4176,90
ESCUELA 76,22248,4178,90
ESCUELA 77,24494,4168,90
ESCUELA 62,20839,4187,90
ESCUELA 61,20838,4187,90
ESCUELA 60,20837,4187,90
ESCUELA 6,21879,4146,90
ESCUELA 41,22969,4172,90
ESCUELA 42,24493,4124,90
ESCUELA 43,22971,4172,90
ESCUELA 44,24495,4124,90
ESCUELA 45,24497,4124,90
ESCUELA 47,24499,4124,90
ESCUELA 48,24143,4101,90
ESCUELA 78,24498,4168,90
ESCUELA 5,20834,4187,90
ESCUELA 51,25013,4128,90
ESCUELA 52,24492,4168,90
ESCUELA 53,22379,4142,90
ESCUELA 55,22973,4172,90
ESCUELA 56,22246,4178,90
ESCUELA 57,20836,4187,90
ESCUELA 59,24144,4101,90
ESCUELA 50,23344,4137,90
ESCUELA 79,24500,4168,90
ESCUELA 80,24504,4168,90
ESCUELA 81,24505,4168,90
ESCUELA ALEJANDRO HEREDIA,24511,4168,90
ESCUELA ALFONSINA STORNI,22651,4152,90
ESCUELA ALMAFUERTE,22260,4178,90
ESCUELA ALMIRANTE BROWN,21882,4146,90
ESCUELA ALVAREZ CONDARCO,20845,4187,90
ESCUELA ANGEL PADILLA,24512,4168,90
ESCUELA ANTONIO MEDINA,24710,4105,90
ESCUELA ALBERTO SOLDATI,20844,4187,90
ESCUELA ARAOZ ALFARO,22989,4172,90
ESCUELA BATALLA DE TUCUMAN,24516,4168,90
ESCUELA BLAS PARERA,22190,4178,90
ESCUELA CACIQUE MANAMICO,24520,4168,90
ESCUELA CAMPAMENTO EL PLUMERIL,20847,4187,90
ESCUELA CAP CANDELARIA,20849,4187,90
ESCUELA CAP DIEGO FCO PEREYRA,23069,4176,90
ESCUELA CAPITAN GASPAR DE MEDI,24148,4101,90
ESCUELA ARENALES,22263,4178,90
ESCUELA 4,20833,4187,90
ESCUELA AGUEDA DE POSSE,22988,4172,90
ESCUELA 99,22985,4172,90
ESCUELA 82,24507,4168,90
ESCUELA 83,20841,4187,90
ESCUELA 84,22976,4172,90
ESCUELA 85,21881,4146,90
ESCUELA 31,24478,4124,90
ESCUELA 88,22666,4132,90
ESCUELA 89,23685,4162,90
ESCUELA ADOLFO ALSINA,20843,4187,90
ESCUELA 9,22252,4178,90
ESCUELA 91,20842,4187,90
ESCUELA 92,23065,4176,90
ESCUELA 93,22978,4172,90
ESCUELA 94,22979,4172,90
ESCUELA 95,22980,4172,90
ESCUELA 96,23066,4176,90
ESCUELA 97,22982,4172,90
ESCUELA 90,23064,4176,90
ESCUELA 393,24141,4101,90
ESCUELA 86,22250,4178,90
ESCUELA 391,22968,4172,90
ESCUELA 330,22240,4178,90
ESCUELA 331,20818,4187,90
ESCUELA 332,22961,4172,90
ESCUELA 333,25010,4128,90
ESCUELA 334,22242,4178,90
ESCUELA 335,22244,4178,90
ESCUELA 336,23329,4137,90
ESCUELA 337,23330,4137,90
ESCUELA 338,23331,4137,90
ESCUELA 339,20822,4187,90
ESCUELA 34,20823,4187,90
ESCUELA 340,23333,4137,90
ESCUELA 341,24479,4124,90
ESCUELA 342,23334,4137,90
ESCUELA 343,23056,4176,90
ESCUELA 33,23328,4137,90
ESCUELA 329,22237,4178,90
ESCUELA 328,23429,4158,90
ESCUELA 327,22236,4178,90
ESCUELA 392,24491,4124,90
ESCUELA 311,24708,4105,90
ESCUELA 312,22233,4178,90
ESCUELA 313,20812,4187,90
ESCUELA 314,20815,4187,90
ESCUELA 315,22375,4142,90
ESCUELA 316,23054,4176,90
ESCUELA 344,20824,4187,90
ESCUELA 317,22959,4172,90
ESCUELA 319,22376,4142,90
ESCUELA 320,22643,4152,90
ESCUELA 321,22661,4132,90
ESCUELA 322,22960,4172,90
ESCUELA 323,24480,4168,90
ESCUELA 324,25009,4128,90
ESCUELA 325,23327,4137,90
ESCUELA 318,23427,4158,90
ESCUELA 345,22963,4172,90
ESCUELA 326,20816,4187,90
ESCUELA 347,20826,4187,90
ESCUELA 37,23336,4137,90
ESCUELA 370,24489,4168,90
ESCUELA 371,23337,4137,90
ESCUELA 373,22664,4132,90
ESCUELA 374,23339,4137,90
ESCUELA 375,20831,4187,90
ESCUELA 376,23433,4158,90
ESCUELA 369,20830,4187,90
ESCUELA 38,23342,4137,90
ESCUELA 385,24487,4124,90
ESCUELA 386,20832,4187,90
ESCUELA 387,21878,4146,90
ESCUELA 389,24490,4124,90
ESCUELA 39,25012,4128,90
ESCUELA 346,23058,4176,90
ESCUELA 390,23343,4137,90
ESCUELA 380,22396,4142,90
ESCUELA 368,20829,4187,90
ESCUELA 379,23340,4137,90
ESCUELA 365,21877,4146,90
ESCUELA 348,25011,4128,90
ESCUELA 349,24482,4124,90
ESCUELA 366,20828,4187,90
ESCUELA 35,22377,4142,90
ESCUELA 350,24140,4101,90
ESCUELA 352,23431,4158,90
ESCUELA 354,24483,4168,90
ESCUELA 355,23678,4162,90
ESCUELA 356,24484,4124,90
ESCUELA 353,20827,4187,90
ESCUELA 356,22663,4132,90
ESCUELA 357,23335,4137,90
ESCUELA 36,22966,4172,90
ESCUELA 361,22378,4142,90
ESCUELA 362,24486,4124,90
ESCUELA 363,23680,4162,90
ESCUELA 364,24485,4168,90
